k0,Ea,dH,Cp,Temp_K,Tau_s,C0,Pressure_bar,Conversion,HeatDuty_W
200000.0,45000.0,-75000.0,110.0,350.1488143501665,177.00805749642637,1.5494969677548012,12.027800937764718,0.872627330846578,-101410.00523450537
200000.0,45000.0,-75000.0,110.0,308.7014636440642,40.53760374664259,1.8293151573357773,10.733922815676745,0.1645160471103919,-22571.3773953005
200000.0,45000.0,-75000.0,110.0,354.4398901001331,524.3353712496212,1.208804872432895,16.703701320648367,0.9607389790414214,-87100.94692511063
200000.0,45000.0,-75000.0,110.0,372.754454473732,366.4494764191531,0.6757329389479982,11.930558773092612,0.9731297444221131,-49318.18666320517
200000.0,45000.0,-75000.0,110.0,331.02750719842754,68.7449286344517,1.5506063755961148,6.450352765254523,0.5214114139871092,-60637.789712774764
200000.0,45000.0,-75000.0,110.0,340.2991014440948,173.7260221836429,1.0352177165229886,2.118387761263641,0.8112661697178692,-62987.783378076296
200000.0,45000.0,-75000.0,110.0,375.0650091997083,151.23632715909233,1.8762645504253164,11.885627267103738,0.9423470591530498,-132606.9285964812
200000.0,45000.0,-75000.0,110.0,362.63492471054366,362.7439970349397,0.5069952417967395,15.751217925195347,0.9598491802895109,-36497.92254369621
200000.0,45000.0,-75000.0,110.0,329.4050086020212,439.27554767151224,1.4063031600621376,15.151027285606009,0.8652836043479827,-91263.83003583933
200000.0,45000.0,-75000.0,110.0,306.87909716153973,141.03006015147633,1.0276470029032005,10.475824425006326,0.3816903915673382,-29418.22401983431
200000.0,45000.0,-75000.0,110.0,374.5915570739814,592.508191102069,1.487375369662633,11.796509774904969,0.9843454275276982,-109806.83581085494
200000.0,45000.0,-75000.0,110.0,333.10689499184645,140.87991295177738,1.567501973456445,15.838975206915402,0.712031510030108,-83708.30978515251
200000.0,45000.0,-75000.0,110.0,306.206565861755,176.32669120655535,1.7785362531521574,1.5295191604880656,0.4261071763489087,-56838.529564862525
200000.0,45000.0,-75000.0,110.0,315.0100340490785,121.38843492851703,1.4252478622683633,15.321645820312463,0.45583900118609655,-48726.26714842725
200000.0,45000.0,-75000.0,110.0,372.10035322357254,443.5818491781809,1.5559555066494797,12.802921593263841,0.9771344810063161,-114028.33323441441
200000.0,45000.0,-75000.0,110.0,358.2176005412856,526.5689767578983,1.231204710621737,1.5201612776377047,0.9665203421680236,-89248.82986417528
200000.0,45000.0,-75000.0,110.0,347.85764119747944,218.34077478022334,1.7987615294379165,5.301071641100398,0.8841611631475366,-119279.63145696525
200000.0,45000.0,-75000.0,110.0,355.1198339101111,454.57471535301914,1.802533342931759,13.323310345258525,0.9562254054740705,-129272.11325440898
200000.0,45000.0,-75000.0,110.0,378.8040044280532,214.51601369010504,1.2587175466570661,6.894022749068635,0.963942421289642,-90999.84297332777
200000.0,45000.0,-75000.0,110.0,342.38892583683577,229.25362495863442,1.051783422024429,2.8509691317512424,0.8620816782113346,-68004.24131802602
200000.0,45000.0,-75000.0,110.0,317.8336854259862,308.2140712685848,1.1063121883779692,18.54628220226359,0.7124557076834268,-59114.882481722
200000.0,45000.0,-75000.0,110.0,341.18703581512443,366.6344084825462,1.2872890495251927,4.579895718083485,0.9043514480097944,-87312.1286958945
200000.0,45000.0,-75000.0,110.0,314.6774016616217,109.81330182336286,1.9605516605357194,7.448129346599369,0.4266623203678134,-62737.01405138547
200000.0,45000.0,-75000.0,110.0,310.5463830057237,284.01775585720037,0.5233461778548338,10.312309307451368,0.6049102147298038,-23743.30866181422
200000.0,45000.0,-75000.0,110.0,324.61927995122716,94.42998703231517,0.8557435769365936,15.479392748049795,0.5200834906803706,-33379.357996536746
200000.0,45000.0,-75000.0,110.0,357.2301401942886,86.23355664770992,1.0037307056260698,11.36510861205646,0.8193093043267257,-61677.442961840155
200000.0,45000.0,-75000.0,110.0,338.4367331867361,507.87003005677155,0.8593080778370872,6.789315897020431,0.9200833504946586,-59297.62915226041
200000.0,45000.0,-75000.0,110.0,301.8095079122829,343.2001025648739,1.2495984973634005,11.428999531224278,0.5276466969701207,-49450.98897544682
200000.0,45000.0,-75000.0,110.0,318.5711646085645,470.8435761915932,1.0475835909582676,3.350743533605702,0.797460091125714,-62655.45794305371
200000.0,45000.0,-75000.0,110.0,364.3455284527452,392.2661326801153,1.1793061104924223,9.276177832334326,0.9651910798930822,-85369.18037330186
200000.0,45000.0,-75000.0,110.0,362.217346741815,518.4097971401175,0.626721935094291,17.65220550622332,0.9710833617702038,-45644.943271986864
200000.0,45000.0,-75000.0,110.0,362.7798619650549,387.9301372995212,0.8594984879629641,9.624302175618695,0.9625732436365971,-62049.76855944458
200000.0,45000.0,-75000.0,110.0,319.63729522851224,360.4105170423624,0.9053468637962006,8.721320508707691,0.7613112859229739,-51693.80888122627
200000.0,45000.0,-75000.0,110.0,314.3971195969029,123.77008834447712,0.9555003054837679,3.3957703239570174,0.45235205942253676,-32416.689822333406
200000.0,45000.0,-75000.0,110.0,332.0106662983518,179.28887392996987,0.7622704493598418,2.4287310806440474,0.7488920261653487,-42814.369598029705
200000.0,45000.0,-75000.0,110.0,349.127619159551,443.9700656876272,1.547609205821429,17.32756495437962,0.9426076506833357,-109409.12082564301
200000.0,45000.0,-75000.0,110.0,319.1638466131926,379.40595982883303,1.5613755027356353,3.9603574545358597,0.7660474906379017,-89706.58393605943
200000.0,45000.0,-75000.0,110.0,351.923500984927,377.03844690177084,0.9910242677479567,4.077886910628376,0.9403913027039869,-69896.29516190743
200000.0,45000.0,-75000.0,110.0,334.9697428056959,275.62292625711393,0.6510001899042567,18.434685365131088,0.8411433646264266,-41068.83675813818
200000.0,45000.0,-75000.0,110.0,330.6872134416954,196.90882367740156,1.919253691732736,13.566449638452456,0.7542131129069978,-108564.47259749958
200000.0,45000.0,-75000.0,110.0,355.5244568541695,385.18752534204873,0.8827992171729351,10.742794147713193,0.9495810802708954,-62871.70757290324
200000.0,45000.0,-75000.0,110.0,370.0524814048094,533.7257706952523,0.9634011184591518,7.392120008258233,0.9793565291366385,-70763.48816553828
200000.0,45000.0,-75000.0,110.0,356.7683349654768,161.03095637395995,0.7486570405626523,9.703413610183862,0.8925061695158092,-50113.57706652109
200000.0,45000.0,-75000.0,110.0,339.30420235979767,226.40428650736303,0.9238543168228814,4.756443863948984,0.8424357643493344,-58371.59381550872
200000.0,45000.0,-75000.0,110.0,313.00847654774077,419.6350607501628,1.0737726151049547,18.225753605257175,0.7218007549441837,-58128.741316586005
200000.0,45000.0,-75000.0,110.0,360.23641018953094,237.45851231737265,1.0952170470971463,10.201766485163485,0.9340757693410456,-76726.17793970215
200000.0,45000.0,-75000.0,110.0,361.2315881542752,223.26311316903744,1.374500167408264,3.5229766894352705,0.9328178783158885,-96161.87474299577
200000.0,45000.0,-75000.0,110.0,358.5927128672758,65.12805236974084,1.7232204450727862,5.77159047102242,0.7839004946952705,-101312.50195211709
200000.0,45000.0,-75000.0,110.0,304.4058700213993,34.01113186389069,1.187697138001884,15.657082997651315,0.11425819828074239,-10177.810131846712
200000.0,45000.0,-75000.0,110.0,338.1959892750363,377.71863900018366,1.9100511273329486,17.4454643950667,0.8943551177777873,-128119.80007105909
200000.0,45000.0,-75000.0,110.0,332.41791668377,449.9522977440791,1.6204117838770424,12.72910673519085,0.8842008805104615,-107457.71445702064
200000.0,45000.0,-75000.0,110.0,370.24265153533224,325.1319286161319,0.8184497882934216,10.921013191485832,0.9667973177828268,-59345.62950465019
200000.0,45000.0,-75000.0,110.0,367.68310832275296,73.17934939463964,1.230151066524989,5.2023507210979485,0.8554836025966247,-78928.05495966584
200000.0,45000.0,-75000.0,110.0,328.98393987444865,49.136215615658784,1.4241965128240568,3.0280906315618523,0.41297616128119913,-44111.94065821118
200000.0,45000.0,-75000.0,110.0,366.8021475480391,246.99813060665667,0.6020424710955049,9.114354875882128,0.9507052376460116,-42927.3697916883
200000.0,45000.0,-75000.0,110.0,305.255288895663,482.1951807611956,1.2338303109604334,15.426188553238392,0.6577253456190755,-60864.110078380676
200000.0,45000.0,-75000.0,110.0,370.9734399312426,97.25355453799875,0.9967366702073736,4.932674527576313,0.8996414371257642,-67252.92078159828
200000.0,45000.0,-75000.0,110.0,370.7298825467524,544.7339927787717,1.7486134765451933,17.70685041125481,0.9802883645953268,-128560.90839238772
200000.0,45000.0,-75000.0,110.0,372.47420433302034,469.8918991695565,1.6254346033456097,2.8281011205384208,0.9786936661296505,-119310.19132517317
200000.0,45000.0,-75000.0,110.0,322.463255662653,320.86979118219136,1.5104324995890561,7.687923117668364,0.7671115673647978,-86900.26816188676
200000.0,45000.0,-75000.0,110.0,356.6378042275035,506.6753488292376,0.7405214133873411,9.471136067428787,0.962935298348342,-53480.56561001064
200000.0,45000.0,-75000.0,110.0,330.95293138597475,308.34161573917373,1.980297643815467,17.266180650027486,0.8296033836996399,-123214.62195313018
200000.0,45000.0,-75000.0,110.0,339.21133145679954,203.25083689588405,1.6202108305112097,9.301724450091749,0.8269574014249387,-100488.40036200687
200000.0,45000.0,-75000.0,110.0,320.49934566795076,237.2494337338204,0.9309231012168324,7.069828053809925,0.6872505314445918,-47983.304703398666
200000.0,45000.0,-75000.0,110.0,346.23518243140563,398.1626711235446,1.6286086480152442,2.3560322050825304,0.928264458288434,-113383.46433102971
200000.0,45000.0,-75000.0,110.0,308.86627511837156,182.1186699951325,1.6000293794538116,6.473117379146677,0.4717255085561866,-56608.10045457667
200000.0,45000.0,-75000.0,110.0,315.965606433445,567.8980210859778,1.838345620751561,5.594289011214276,0.8049940307799324,-110989.2938411577
200000.0,45000.0,-75000.0,110.0,341.5567783620814,340.1106878347107,1.380890640995971,17.659738524549816,0.8992225954655899,-93129.60496879043
200000.0,45000.0,-75000.0,110.0,366.2229198700511,217.41503157209192,1.296134246468084,17.23066713782655,0.9431320825012404,-91681.93433044651
200000.0,45000.0,-75000.0,110.0,322.4175138688522,80.0834322688062,1.4791627065161517,13.19603374485727,0.45059300909253613,-49987.52811499295
200000.0,45000.0,-75000.0,110.0,354.6867094016874,249.57534666857165,1.147994206333103,19.79034456222771,0.9217039208716412,-79358.30708363617
200000.0,45000.0,-75000.0,110.0,329.59153881274204,67.88397661966346,0.8705037511730238,9.030750542233221,0.5004644634889236,-32674.21445969271
200000.0,45000.0,-75000.0,110.0,304.05293271369214,140.1999659559197,1.9311185859365483,17.675333886763593,0.3424889248666215,-49604.00462155192
200000.0,45000.0,-75000.0,110.0,316.9665433339815,161.7461042667767,1.1563713991609132,18.72400759227734,0.5537874481535155,-48028.79746942744
200000.0,45000.0,-75000.0,110.0,353.23713074831085,282.3862707768795,0.8846639596828353,7.850898364669861,0.9259869470274825,-61439.045937896444
200000.0,45000.0,-75000.0,110.0,368.1477176874877,425.23294285084245,1.048363937776197,19.81993711412226,0.9722553545311341,-76445.80890001892
200000.0,45000.0,-75000.0,110.0,334.5369711180396,65.97489645871134,1.4521311580415155,10.54287428123337,0.5538150981794099,-60315.911989510656
200000.0,45000.0,-75000.0,110.0,378.7327364205848,145.196787203721,1.6194062176637243,5.092529250346448,0.9474958992504594,-115078.55628428067
200000.0,45000.0,-75000.0,110.0,377.22577977946145,363.53342276477446,1.9953419489754367,16.250335816356387,0.9771037884237637,-146224.21331585664
200000.0,45000.0,-75000.0,110.0,370.7188444267053,383.14253993168006,0.5826879654216679,16.730065066639995,0.9721942414267117,-42486.44133986943
200000.0,45000.0,-75000.0,110.0,344.0307816436095,64.80065791316099,1.969745930279626,19.190278465278023,0.6557967275224932,-96881.47013460958
200000.0,45000.0,-75000.0,110.0,348.72403234814556,203.54616756920998,1.1548410980590753,1.4809203649229894,0.8808949734291451,-76297.02887922255
200000.0,45000.0,-75000.0,110.0,306.18945896841666,436.9983310395053,0.6024136366159768,14.489182063991127,0.6476787854051707,-29262.789935621076
200000.0,45000.0,-75000.0,110.0,337.42648334301794,434.7610260354453,0.9061458679338794,10.721114752381206,0.9037991307580483,-61423.03858339781
200000.0,45000.0,-75000.0,110.0,302.11821552566255,103.50048552123718,1.2543856292384583,9.469949617281154,0.255457698981157,-24033.184986021548
200000.0,45000.0,-75000.0,110.0,317.68988347523515,550.1733834963959,1.8707325296064148,4.716242719713643,0.8144322703773357,-114268.87060170666
200000.0,45000.0,-75000.0,110.0,348.7250095535371,30.66196330464331,1.7079000701431528,9.320669841650599,0.5270002788053847,-67504.78598528833
200000.0,45000.0,-75000.0,110.0,345.2713911243802,231.33313241497686,1.6872692098789117,19.856139129938093,0.8780070773299379,-111107.57307259327
200000.0,45000.0,-75000.0,110.0,311.3606143325441,388.89143549503393,1.444117144589503,17.187379736834163,0.6869307280810464,-74400.63311753917
200000.0,45000.0,-75000.0,110.0,348.8604325058013,501.1548835266988,0.7432578018779248,17.03890812568936,0.9482416505791447,-52859.10036439127
200000.0,45000.0,-75000.0,110.0,369.14429783446076,122.61182732395294,1.3063587097972122,5.865336992188887,0.9131449019901453,-89467.1097016311
200000.0,45000.0,-75000.0,110.0,312.6605854373016,382.15795297561914,1.140699233745008,2.673738796748877,0.6985957041167238,-59766.56882876258
200000.0,45000.0,-75000.0,110.0,376.90743598243114,51.26917579310599,1.6051174525985568,8.724375686995028,0.8560325286413825,-103052.45637857677
200000.0,45000.0,-75000.0,110.0,363.32309965445535,437.116910927812,0.7755761188232111,12.75146355961364,0.9673560629566813,-56269.369562103355
200000.0,45000.0,-75000.0,110.0,354.5438478077633,354.634031302985,1.592496159418857,3.0035134100151977,0.9432621678856505,-112660.60347622525
200000.0,45000.0,-75000.0,110.0,329.2185458938271,320.23925179608915,1.5517731078419061,17.690497002510472,0.8226667769397422,-95744.4135877551
200000.0,45000.0,-75000.0,110.0,368.09817545155084,464.3155367356677,1.4079267799235486,2.9761940052332054,0.9744820530621172,-102899.95342957765
200000.0,45000.0,-75000.0,110.0,371.7773943137136,483.9802404313216,1.2971212609137375,18.69238044153517,0.9787416938058876,-95215.9994983755
200000.0,45000.0,-75000.0,110.0,364.27383376025796,361.7080232175536,1.802402618651599,2.736552749145503,0.9622549614990783,-130077.81468123241
200000.0,45000.0,-75000.0,110.0,338.3740642939962,70.78752520208944,1.601624781299394,9.997687846312406,0.6153779120393625,-73920.33853398912
200000.0,45000.0,-75000.0,110.0,314.6488823982205,386.0457120486714,1.142817360358424,6.029728391522542,0.7231484589642468,-61981.995976558705
200000.0,45000.0,-75000.0,110.0,356.35058017947745,267.6535301359405,1.5100404663230358,9.221348728905513,0.9313050656246322,-105473.12516886188
200000.0,45000.0,-75000.0,110.0,369.0676353883774,592.3580638760353,1.0493524566573575,16.696233723643456,0.9806342880206845,-77177.3249412708
200000.0,45000.0,-75000.0,110.0,366.23097163182507,352.8718704517689,0.7665860263218318,16.897004251872247,0.9641912307442214,-55435.164314292684
200000.0,45000.0,-75000.0,110.0,373.9152047666074,228.64727963028116,0.7377642849105369,3.8533417368875957,0.9594137614011825,-53086.59057101039
200000.0,45000.0,-75000.0,110.0,306.54572023284885,104.54594516796641,0.8310737704635491,14.646614737342286,0.3098315073121057,-19311.962924270727
200000.0,45000.0,-75000.0,110.0,317.1382006000813,371.1409164395546,1.0571289414105642,18.748361806592058,0.7418837100438562,-58820.005578630284
200000.0,45000.0,-75000.0,110.0,359.5591424970867,221.70131143512253,1.488701826814601,14.491205089926455,0.9278476973773642,-103596.64215685525
200000.0,45000.0,-75000.0,110.0,317.22295201691935,151.02002304950372,1.2326231787067528,3.176645876488162,0.5402061523084618,-49940.296846155026
200000.0,45000.0,-75000.0,110.0,363.19631808168845,59.83545623377361,1.8915040525923235,18.867373049409867,0.8014059701743166,-113689.6980267302
200000.0,45000.0,-75000.0,110.0,368.56520284866707,506.9280083263036,1.1484479114953012,5.336529998520092,0.976999294795791,-84152.45997304562
200000.0,45000.0,-75000.0,110.0,378.42053820098624,532.3660728671263,0.8236776038464808,17.735229249912148,0.9849376843603814,-60845.333384404534
200000.0,45000.0,-75000.0,110.0,362.6776925047301,467.78704360429396,1.2130638031978496,7.646371916363959,0.9686354237953162,-88126.24283259803
200000.0,45000.0,-75000.0,110.0,379.58583555470983,31.9958800380263,1.651600410195336,11.285470272426132,0.8041705571079252,-99612.63164898458
200000.0,45000.0,-75000.0,110.0,362.321347476415,419.6838185841256,1.419322481350241,8.238939192347413,0.964668852188534,-102688.21417271391
200000.0,45000.0,-75000.0,110.0,313.4385512078898,430.1891663973988,1.2354514274642299,4.375162853070895,0.7314472801581292,-67775.06897896419
200000.0,45000.0,-75000.0,110.0,308.3697095759717,405.59296603477054,0.7404370933616178,7.3565301714807125,0.6590928257163402,-36601.25820966767
200000.0,45000.0,-75000.0,110.0,359.6159258622184,572.7777687447185,0.7303153637235184,18.08276388880182,0.9708475951634057,-53176.86859363993
200000.0,45000.0,-75000.0,110.0,330.9623733315955,521.4987501208238,1.3747783938255784,3.5508795975483793,0.8917540215852463,-91947.31211118487
200000.0,45000.0,-75000.0,110.0,345.89306611817443,148.84238352633068,0.8981604849967043,12.523572736990882,0.826481843234383,-55673.49998702727
200000.0,45000.0,-75000.0,110.0,366.82892793499,55.78727367947645,0.6078852495913772,7.0222022992005515,0.8134565767832976,-37086.61906572466
200000.0,45000.0,-75000.0,110.0,310.784343682771,234.1267184123196,0.596490338167868,1.401191730949429,0.561225666832033,-25107.42658478449
200000.0,45000.0,-75000.0,110.0,326.0905881207058,573.6857626701956,0.5675800559753359,7.249223754861142,0.8765146349973137,-37311.91691962323
200000.0,45000.0,-75000.0,110.0,332.53604951861325,457.95456252665986,1.0313654926155094,1.0857910937642872,0.8865766194449252,-68578.83988914061
200000.0,45000.0,-75000.0,110.0,368.1667998033651,317.41119226550796,0.7760089934333569,17.668380857767374,0.9632047972314665,-56059.16888773282
200000.0,45000.0,-75000.0,110.0,369.91925796047286,56.08023578111768,0.5802015126003024,4.593394908874686,0.8321763066595436,-36212.24639055002
200000.0,45000.0,-75000.0,110.0,344.158658613722,470.4664882586717,1.2692516178005877,1.3595667288048725,0.932947509634851,-88810.88519452981
200000.0,45000.0,-75000.0,110.0,363.2385075805571,78.07491141669432,1.3193573830807261,8.364196567985214,0.8406277447270138,-83181.63160710642
200000.0,45000.0,-75000.0,110.0,362.8758934790405,366.9259580498873,0.5484674056869165,9.278721971697218,0.960664864474255,-39517.00244645759
200000.0,45000.0,-75000.0,110.0,306.7530874866127,74.23377535429913,1.3704128812797702,9.294609608121752,0.24390678487366427,-25068.97498668025
200000.0,45000.0,-75000.0,110.0,300.2919908145111,463.08051317762545,1.906930423419553,16.236880236363113,0.5792412879961754,-82842.96259354753
200000.0,45000.0,-75000.0,110.0,305.0065332099565,140.9313918077715,1.5320343535501533,1.2531538010458294,0.3563221787859833,-40942.33641239745
200000.0,45000.0,-75000.0,110.0,369.2591526780206,32.93860951269627,1.0617865206598658,11.151036199121531,0.7393968500290157,-58881.12065843798
200000.0,45000.0,-75000.0,110.0,309.76419246580303,41.90955667497567,0.54100923868286,16.13288414290776,0.17776460630632432,-7212.922074190715
200000.0,45000.0,-75000.0,110.0,348.6624681056569,510.1330269160535,0.5966772149814707,17.66804613262871,0.9486790171895311,-42454.136541600616
200000.0,45000.0,-75000.0,110.0,337.05903938788896,63.30584529061642,1.874485182268676,11.763733515979073,0.5734309244032871,-80616.58281364433
200000.0,45000.0,-75000.0,110.0,305.66010569024064,296.7639075459764,0.5679063102237903,16.897089003307425,0.5476660978582488,-23326.727465200453
200000.0,45000.0,-75000.0,110.0,365.50721841628734,390.6408444784728,0.6646589333654885,15.011928784906738,0.9666092636981343,-48184.91116431016
200000.0,45000.0,-75000.0,110.0,343.21768294477135,267.4531109697113,1.6429061149259083,2.6612299682738194,0.8833944892257235,-108850.06561805929
200000.0,45000.0,-75000.0,110.0,333.1597642039475,230.27953769604352,0.8710561745761047,6.923078418479112,0.8020625808138175,-52398.117256074125
200000.0,45000.0,-75000.0,110.0,339.46421186854593,418.1968774636827,1.510347278216368,18.827524972417013,0.9086791823244877,-102931.58473467488
200000.0,45000.0,-75000.0,110.0,362.53715794573475,481.90342676020913,1.2087980989148017,11.8214516341688,0.9693547999462205,-87881.5679511697
200000.0,45000.0,-75000.0,110.0,342.3934141278375,232.86914647978594,1.2785219666501482,12.923690980713857,0.8639559877229244,-82844.00313920135
200000.0,45000.0,-75000.0,110.0,372.7640540206399,132.0469865803526,1.662234160072368,13.025720180295208,0.9288507694099937,-115797.56088920953
200000.0,45000.0,-75000.0,110.0,311.7271091700251,326.5985614599462,1.8599319973935051,15.138335441362196,0.6528698992270765,-91072.02117806346
200000.0,45000.0,-75000.0,110.0,330.1519987433183,545.1943600308213,1.0464058169934878,6.152363601830528,0.8921677980999199,-70017.71802495208
200000.0,45000.0,-75000.0,110.0,339.8478702426971,73.76129638067368,1.422017534153602,4.8376104561999504,0.6411812967812773,-68382.82849457407
200000.0,45000.0,-75000.0,110.0,313.99804841406126,303.430112177551,1.7202642082555941,15.892727486387063,0.6645581406495176,-85741.16877481891
200000.0,45000.0,-75000.0,110.0,348.83157137847337,114.49502089017182,1.9112132222314497,19.294339459315893,0.8069567933121299,-115669.98698607253
200000.0,45000.0,-75000.0,110.0,310.63870607986547,148.083502325297,1.6009911877516638,7.9342109831767695,0.44519274845875434,-53456.225035005664
200000.0,45000.0,-75000.0,110.0,357.41336736321705,30.555089623880228,1.5813907961166809,8.13736155873658,0.6181997855638736,-73321.15882890116
200000.0,45000.0,-75000.0,110.0,301.8943868113618,524.503924406867,0.5145500664979269,9.777950297503793,0.6317847517458817,-24381.366451741476
200000.0,45000.0,-75000.0,110.0,360.0137428532605,144.65825929040528,0.9009298725725419,10.77974922857486,0.8953075024328576,-60495.69555600563
200000.0,45000.0,-75000.0,110.0,346.69049213145274,169.7997884976763,0.8829593948438667,3.8646978578221773,0.8492358275761035,-56238.0564297245
200000.0,45000.0,-75000.0,110.0,332.9336143032777,345.23750079266,0.7160350126777271,8.332733590110678,0.8573116887194728,-46039.88894257585
200000.0,45000.0,-75000.0,110.0,306.42234687221605,466.39277954509953,1.9511311105696172,7.719548031701621,0.6653850398393075,-97369.00888035577
200000.0,45000.0,-75000.0,110.0,365.83467371519936,599.5407230932472,1.7999299496461232,11.186908046501163,0.9782711491954666,-132061.46552337386
200000.0,45000.0,-75000.0,110.0,317.4406330272892,192.5001348494429,1.2178650818212338,11.862274948278909,0.6024196617740116,-55024.940300784496
200000.0,45000.0,-75000.0,110.0,312.745025134289,474.0693327492185,1.7800652746624965,10.218406906905773,0.7428459144999873,-99173.566261975
200000.0,45000.0,-75000.0,110.0,366.7691740325995,524.7181210767257,0.9724441379542468,10.829768952174852,0.9761432012377433,-71193.3550385652
200000.0,45000.0,-75000.0,110.0,354.93515735774326,591.5570926797242,1.6685096758691358,3.753059485129665,0.9657561918108386,-120853.0162925185
200000.0,45000.0,-75000.0,110.0,343.8714110452198,460.5467559616657,1.9891479021877676,15.898369134186433,0.9307601853811992,-138856.47526431826
200000.0,45000.0,-75000.0,110.0,321.6616549425669,86.10525088754687,0.8982117135460814,15.27937182926932,0.4587883041460812,-30906.67716164643
200000.0,45000.0,-75000.0,110.0,325.62857748099594,580.7320323871417,0.7411870532906448,17.05522906068887,0.8752817063296014,-48656.060153523365
200000.0,45000.0,-75000.0,110.0,348.6467579683056,116.48164115662951,1.3976778496542797,12.769444331717859,0.8083514122696452,-84736.11477495285
200000.0,45000.0,-75000.0,110.0,335.2592778173171,518.0464314133101,0.6244985744461438,13.107862083979915,0.9098451546133957,-42614.775151709764
200000.0,45000.0,-75000.0,110.0,356.77928033174743,90.27750234206243,0.8023395463450413,16.38103655276918,0.8232257627040364,-49537.99387406304
200000.0,45000.0,-75000.0,110.0,324.7388088154626,50.84462526880457,1.850220128892329,11.008506912568873,0.36991769836256627,-51332.187865795575
200000.0,45000.0,-75000.0,110.0,327.7537786843299,554.8411114873087,1.9010996835506468,4.359060899915608,0.8819116849719602,-125745.15189148585
200000.0,45000.0,-75000.0,110.0,352.73211267291896,490.0444750215227,1.9149864861401886,4.003001137826193,0.9550366018139339,-137166.1639682199
200000.0,45000.0,-75000.0,110.0,364.4724556796776,34.93990955821417,1.4805255596988944,16.04364359858173,0.7128599796525953,-79155.55652715759
200000.0,45000.0,-75000.0,110.0,359.87627669621736,419.9966944101906,1.9083755822168769,6.768102470477441,0.961069535133223,-137556.12252455758
200000.0,45000.0,-75000.0,110.0,370.16312811526313,278.4750724370001,1.476259731876083,9.666281718645125,0.9613322843806711,-106438.21052877238
200000.0,45000.0,-75000.0,110.0,319.86399371244966,200.93522202706498,1.621856828014398,9.80355956671998,0.6428193919209123,-78192.07649752463
200000.0,45000.0,-75000.0,110.0,334.6883332548625,264.2216549737269,1.2878739305640456,4.171169095151933,0.8335402569118309,-80512.1075214303
200000.0,45000.0,-75000.0,110.0,317.31839932347907,533.9047664349549,1.4837631769446755,12.830048448271398,0.80676258731597,-89778.34646970374
200000.0,45000.0,-75000.0,110.0,338.83739272673483,54.37113587577747,0.909567334640402,19.983371737449605,0.556754026038533,-37980.3956635636
200000.0,45000.0,-75000.0,110.0,313.5819534038301,270.4976257851631,0.941070533627848,19.83135080886481,0.633186870250708,-44690.512940473556
200000.0,45000.0,-75000.0,110.0,312.8479649217195,424.1703729072161,1.5028746298524112,18.65957902281957,0.7221776698527838,-81400.68737007593
200000.0,45000.0,-75000.0,110.0,354.69917614997775,303.4583805463884,0.5467932482515445,1.8395656411540062,0.934731297993387,-38332.85720041398
200000.0,45000.0,-75000.0,110.0,349.4791215263823,245.25735450651254,0.8454093195901824,7.270906558682272,0.9021091917532549,-57198.863849712645
200000.0,45000.0,-75000.0,110.0,334.1941608730981,511.8930240292347,0.9344032312726438,8.47180823932706,0.9045074583601006,-63388.101885141325
200000.0,45000.0,-75000.0,110.0,326.64949004263445,213.71258343009825,1.896187457630696,8.594143450859391,0.7312120992732697,-103988.6408632339
200000.0,45000.0,-75000.0,110.0,349.657289371344,82.20489752867147,1.976548497648722,16.815329803337313,0.7568858494660274,-112201.61914902399
200000.0,45000.0,-75000.0,110.0,341.63893907893623,52.718792893289255,1.0735410506234109,6.033094865637465,0.581303891971748,-46804.01931891211
200000.0,45000.0,-75000.0,110.0,319.05494037946505,416.3416458771958,0.7872172506751444,16.21266779495555,0.7812963329477645,-46128.74633892835
200000.0,45000.0,-75000.0,110.0,375.33414685505977,565.0469451613368,0.5545438529725506,18.526400321541217,0.9840520014236265,-40927.49912961058
200000.0,45000.0,-75000.0,110.0,347.3698781183125,387.5254707091584,0.7724926631750314,18.723507698863187,0.9298453189191872,-53872.40150645395
200000.0,45000.0,-75000.0,110.0,351.24935513701365,74.57080417732232,1.273172942259081,3.1169742873408612,0.7518266149351612,-71790.39775542633
200000.0,45000.0,-75000.0,110.0,347.5655713007105,143.33469263011452,1.396924811991665,10.462260948268145,0.8318071749781751,-87147.90611397791
200000.0,45000.0,-75000.0,110.0,368.9318673430636,587.2211825252638,1.0986990452580656,5.306923440483129,0.9803645682238518,-80784.42113342862
200000.0,45000.0,-75000.0,110.0,345.26274100781905,401.1710691423558,1.942408116414224,17.23247160367364,0.9257954615783066,-134870.44640318668
200000.0,45000.0,-75000.0,110.0,344.17800453163125,38.47915332863128,0.6889695474878289,2.665512049778691,0.5324914181778965,-27515.277856738317
200000.0,45000.0,-75000.0,110.0,324.0776011882902,121.32704330690983,1.801600284071435,8.022848279972354,0.5752097621321302,-77722.3553143431
200000.0,45000.0,-75000.0,110.0,331.56197426287906,441.0923083371671,0.843294679215207,1.4408437834841765,0.8777084131467894,-55512.512603183255
200000.0,45000.0,-75000.0,110.0,310.6479863457983,454.9386017013769,1.1432417230000842,5.858904949617816,0.7115231764600528,-61008.22366580128
200000.0,45000.0,-75000.0,110.0,362.8674606743567,454.2546951454326,0.625570078948599,9.732197627901911,0.9679740507521755,-45415.17025119251
200000.0,45000.0,-75000.0,110.0,357.78672555305025,292.1005165637384,1.5348984007509061,4.056385271474641,0.9402110597817492,-108234.63390204911
200000.0,45000.0,-75000.0,110.0,337.34198203232233,66.32299086187192,1.3932915707641693,19.408067595832993,0.588045343796423,-61448.89655540057
200000.0,45000.0,-75000.0,110.0,379.34658199214863,76.35264847294282,1.7130518409676794,10.612275743811296,0.9066439938327391,-116484.61220530974
200000.0,45000.0,-75000.0,110.0,335.1522428732199,456.3512001417633,0.8300151627225162,14.165748644824964,0.898419693017551,-55927.64757698067
200000.0,45000.0,-75000.0,110.0,353.2321196661086,229.23946532808566,1.7986839965319776,6.204722571157415,0.9103480921629491,-122807.14084851858
200000.0,45000.0,-75000.0,110.0,346.7464917246298,472.1081704759346,1.8651644021471103,9.429410010132418,0.940123634528147,-131511.38525542946
200000.0,45000.0,-75000.0,110.0,313.90145296569415,165.6364341928836,0.8610762303194504,6.872702824316159,0.5182451983370854,-33468.646632394004
200000.0,45000.0,-75000.0,110.0,373.5856220939419,538.3302104694205,0.8862804336895469,5.782953556218936,0.9821267395215446,-65282.97844809414
200000.0,45000.0,-75000.0,110.0,328.47955636363446,193.0532447986529,1.518660834472287,13.068753331617833,0.7293705551957221,-83074.9871994788
200000.0,45000.0,-75000.0,110.0,301.4362063563963,518.2354400551749,0.5250481300108117,5.884597474094966,0.6226018345718131,-24517.194673742342
200000.0,45000.0,-75000.0,110.0,356.8705253180827,572.8831067355799,1.2469537140158566,1.829665386721745,0.9673914689414661,-90471.92888278622
200000.0,45000.0,-75000.0,110.0,373.8161627688282,591.8747939433928,1.8541393287345933,16.18538633422528,0.9838598374948138,-136815.991399617
200000.0,45000.0,-75000.0,110.0,311.8454138651426,193.1546809792859,1.9867221481644575,5.601294230485958,0.5282261645926999,-78707.89653272109
200000.0,45000.0,-75000.0,110.0,357.43830397128085,469.9064715279479,1.6224545709217708,11.017509534756165,0.9614309687863769,-116990.85524499026
200000.0,45000.0,-75000.0,110.0,368.83975845954706,532.4718056498962,1.5722832144402303,15.934749241218189,0.9783116606097628,-115363.72518509082
200000.0,45000.0,-75000.0,110.0,367.2843563876088,335.21547576298315,1.265466933331586,9.55936954454727,0.9638811213757285,-91481.9765072665
200000.0,45000.0,-75000.0,110.0,320.9781434591402,476.1224097606969,1.1137621235325401,13.3402082521526,0.818920488086287,-68406.19663614655
200000.0,45000.0,-75000.0,110.0,320.09590371664655,532.5052904426426,1.3256565149988226,3.645984068549045,0.8284230504847342,-82365.33105377149
200000.0,45000.0,-75000.0,110.0,330.17380965749396,314.5407131077761,1.8235399532901915,11.333172319017617,0.8269454746684717,-113097.608418786
200000.0,45000.0,-75000.0,110.0,371.066965133747,307.3800575759381,1.802935365913685,19.9563112455896,0.9660290336475905,-130626.59319469967
200000.0,45000.0,-75000.0,110.0,313.85052838136335,71.61755452464124,1.0218079106516225,16.75131756802824,0.31686004302019305,-24282.757389558497
200000.0,45000.0,-75000.0,110.0,335.96339376159216,98.98399230538591,0.9793135651114337,19.83822721465045,0.6660724955655241,-48922.03726912073
200000.0,45000.0,-75000.0,110.0,372.28288609952375,192.4075736813013,0.5585714863582032,11.424087402500481,0.949158351922592,-39762.95935670285
200000.0,45000.0,-75000.0,110.0,328.2235430785342,148.38925498330508,1.7586736394150084,4.591052451799202,0.6716046869021038,-88585.00942217252
200000.0,45000.0,-75000.0,110.0,314.38077430665743,495.43778472466727,0.6128263333815751,1.155864552359375,0.7676250420683276,-35281.56299569579
200000.0,45000.0,-75000.0,110.0,328.24779341110286,373.2307829065323,0.7376827828920589,17.61067752691371,0.8374026487379836,-46330.31372416628
200000.0,45000.0,-75000.0,110.0,342.5872030559542,293.27103476243315,1.1617468229617651,6.718469941374629,0.8897417491039125,-77524.09877084357
200000.0,45000.0,-75000.0,110.0,313.8469541168141,545.6058221090309,1.6346953265094104,11.558205733663383,0.779390936713283,-95555.00413267466
200000.0,45000.0,-75000.0,110.0,327.8232734120334,276.9168721175286,0.5028330954431681,10.661102144292617,0.7890478297790746,-29756.952202539458
200000.0,45000.0,-75000.0,110.0,344.43692794545666,448.20566458592685,1.0914392177663248,11.486897640703301,0.9306751189896351,-76183.14928984715
200000.0,45000.0,-75000.0,110.0,343.9011807036892,170.42948388618814,0.6184395798535838,5.466713150678434,0.8328128882290777,-38628.333951978035
200000.0,45000.0,-75000.0,110.0,372.68560837918267,539.7670646358874,1.8581634839198657,15.402634478750109,0.9815504268573304,-136791.08706091862
200000.0,45000.0,-75000.0,110.0,372.71186633147903,319.5191980396124,1.844207433863111,10.01281110091825,0.9692548403930931,-134063.0236470559
200000.0,45000.0,-75000.0,110.0,367.85613939709515,165.26817204410528,0.6826315781042698,15.505692816376712,0.9308522087171683,-47657.183416383436
200000.0,45000.0,-75000.0,110.0,352.38818281311785,270.40538291700074,1.729797554955083,18.140952745358675,0.9202941693698354,-119394.19530115204
200000.0,45000.0,-75000.0,110.0,318.44718325125353,449.8676029800021,1.6358599752487986,14.008907110343324,0.7888999748186744,-96789.74199604908
200000.0,45000.0,-75000.0,110.0,352.6158892345123,459.1759441474735,1.338036540171642,10.838669898860443,0.9519275888231782,-95528.54230821741
200000.0,45000.0,-75000.0,110.0,351.9599702902388,266.7925636221323,0.6174145561343989,9.676693966305184,0.917904676119288,-42504.578113490956
200000.0,45000.0,-75000.0,110.0,374.9752541851479,88.38978640380071,1.4461687949500046,14.136255774465475,0.904942623643072,-98152.48376495978
200000.0,45000.0,-75000.0,110.0,309.8369516054693,364.7863714385975,1.3270329399982665,14.59056020200255,0.6539244587946161,-65083.44728182461
200000.0,45000.0,-75000.0,110.0,318.46378576022533,84.66915062157283,1.8455527941941918,1.6364653302407677,0.4131378954812555,-57185.08480447043
200000.0,45000.0,-75000.0,110.0,379.4490779745174,380.5230516476549,0.912568335252309,15.201298515635381,0.9798336564331999,-67062.38765065711
200000.0,45000.0,-75000.0,110.0,364.56089047810724,234.31306712023564,1.8228909439282799,3.322239860603298,0.9435314492022404,-128996.62005467174
200000.0,45000.0,-75000.0,110.0,320.43203432501525,284.08906160412073,1.9009250725909557,15.456328000470446,0.7239068954879669,-103206.95758909176
200000.0,45000.0,-75000.0,110.0,340.0551491967192,277.4591767551451,1.3253042060236901,1.4152133164504244,0.871584589483617,-86633.60417610516
200000.0,45000.0,-75000.0,110.0,310.9813257414405,568.42216919743,1.4183735327998088,6.979673526279869,0.758444666980621,-80681.83813038585
200000.0,45000.0,-75000.0,110.0,351.0881312574355,270.5274909504687,1.4143000317119165,11.395147958983877,0.9160559204016372,-97168.34379554432
200000.0,45000.0,-75000.0,110.0,322.2934829418664,135.25616358411366,1.5022004020014195,9.582098945116089,0.579169749657629,-65252.17730720638
200000.0,45000.0,-75000.0,110.0,316.5809525424973,137.4698419145422,1.3085139542757207,9.120004857181982,0.5081402302075786,-49868.14364666203
200000.0,45000.0,-75000.0,110.0,347.09776916063487,570.8622860086344,1.6232767282976241,2.0978899444656243,0.9507090188491101,-115744.78692603207
200000.0,45000.0,-75000.0,110.0,303.27103503263237,138.24921114549966,1.8059090214156621,15.255916587540767,0.32912839978211345,-44578.19597779645
200000.0,45000.0,-75000.0,110.0,360.07160010114086,515.9279995692389,0.6794018375891104,8.860413288105011,0.9683283299688802,-49341.30350778387
200000.0,45000.0,-75000.0,110.0,353.3493173649413,80.74845223947877,0.9685243681456294,16.791786816316183,0.7823725647969884,-56831.017048085894
200000.0,45000.0,-75000.0,110.0,364.4005173750222,110.87178740619137,1.4189588302210026,6.608059747580033,0.8870672310939465,-94403.39104203375
200000.0,45000.0,-75000.0,110.0,311.1352003550521,147.45513933497475,1.633992531058015,15.904094977188699,0.45101724472869814,-55271.91069487932
200000.0,45000.0,-75000.0,110.0,310.1280959411945,567.6616248943864,0.9137746159828484,15.56894951455937,0.7493123345045296,-51352.694303481614
200000.0,45000.0,-75000.0,110.0,339.72111934237375,35.78914202035307,0.7790061524188554,14.169136000036993,0.46290906294952217,-27045.675603609376
200000.0,45000.0,-75000.0,110.0,339.8850150608876,59.409227592298336,1.1238974686442202,4.534063430711825,0.5904560406195409,-49770.90370484932
200000.0,45000.0,-75000.0,110.0,360.3051755046604,501.64995566371255,0.9107202445971867,1.5309512992510323,0.9677616384146299,-66102.00870365594
200000.0,45000.0,-75000.0,110.0,373.9754561674685,295.3727046978521,1.5394345865917722,14.119632937370799,0.9683630987947365,-111804.87349978519
200000.0,45000.0,-75000.0,110.0,375.8206075378315,366.38132526502545,0.6802927124510348,14.038203505435286,0.9760554173920105,-49800.25405501033
200000.0,45000.0,-75000.0,110.0,309.988605731792,461.43390732683184,1.8633743581745157,16.86909733959258,0.70680315306551,-98777.91537743766
200000.0,45000.0,-75000.0,110.0,302.11404174158315,62.875435284563665,0.618712519893257,9.365466362349157,0.17244730235007313,-8002.14787393561
200000.0,45000.0,-75000.0,110.0,310.112912736706,370.6443433283121,1.1111141812482113,13.047597961345275,0.6610128453241593,-55084.55598201778
200000.0,45000.0,-75000.0,110.0,353.2249421896221,86.37891751746268,1.0615826565295485,12.009338201962796,0.7927459851381792,-63117.40416420916
200000.0,45000.0,-75000.0,110.0,319.6232295454852,430.0371494423071,1.9510090380580147,13.301657388198725,0.7917925970305925,-115859.58848055851
200000.0,45000.0,-75000.0,110.0,361.16253977709323,354.04068520192806,0.5958558309711319,8.372529543973492,0.956436679923093,-42742.37795151338
200000.0,45000.0,-75000.0,110.0,316.81596909655576,111.07926825403052,1.8146902305996084,1.6615660480476042,0.4581198389295614,-62350.91971120059
200000.0,45000.0,-75000.0,110.0,356.3181946215561,597.9196045071154,0.561506503832806,19.526764944037886,0.9679937331194661,-40765.10826119833
200000.0,45000.0,-75000.0,110.0,354.1632816954866,239.0075387199011,1.384627919867008,9.569266176024556,0.9168202434002238,-95209.1179883412
200000.0,45000.0,-75000.0,110.0,303.6931399151498,571.5292465472015,1.944348680330757,6.590561039178095,0.6752295143719208,-98466.12113920668
200000.0,45000.0,-75000.0,110.0,307.08192662818857,591.2522161134428,1.7568090081061967,2.0326058202557253,0.7236300118830719,-95345.97925591312
200000.0,45000.0,-75000.0,110.0,331.9761843236745,273.6504939256502,1.5488076703243145,5.440713404629216,0.819634311194918,-95209.19310297564
200000.0,45000.0,-75000.0,110.0,378.75111267532156,401.1494889360198,0.7533574128200806,8.316988997936484,0.9803507045734541,-55391.58528403504
200000.0,45000.0,-75000.0,110.0,370.7034777273269,272.79742263456535,1.6436156026953048,14.655298146939376,0.9613588377762916,-118507.82891686031
200000.0,45000.0,-75000.0,110.0,344.11342981238624,534.597626638003,0.7853616112867536,18.17074219045957,0.9403969733235582,-55391.376166393195
200000.0,45000.0,-75000.0,110.0,315.87373666961287,261.1020724556527,1.4883120288330902,11.023677047101648,0.6538016262990773,-72979.56186686653
200000.0,45000.0,-75000.0,110.0,318.55646059283015,522.9657161709645,1.100072053338875,16.936930842559242,0.8137708013965698,-67140.48873296598
200000.0,45000.0,-75000.0,110.0,321.068501022901,524.4781402466451,0.8180529890511239,10.39620511996546,0.8334842855844166,-51137.573336210444
200000.0,45000.0,-75000.0,110.0,322.7132153585354,187.75161846367027,1.782546900606138,16.974723339828756,0.6613146423734975,-88411.82745662509
200000.0,45000.0,-75000.0,110.0,301.872158367336,120.99819067334826,1.1065689949169084,9.365509299491963,0.2833070070307468,-23512.406251719825
200000.0,45000.0,-75000.0,110.0,342.5354301822695,130.21670268966182,1.55633287549777,11.28659267847069,0.7813960918040233,-91208.43198450563
200000.0,45000.0,-75000.0,110.0,301.140871844763,57.495667224854195,1.6984389383722036,5.39212093268458,0.15242284810703996,-19416.067524194143
200000.0,45000.0,-75000.0,110.0,353.13852152256885,97.75013616157759,1.4204281778070924,9.914250797013299,0.8117587346513853,-86478.37352098936
200000.0,45000.0,-75000.0,110.0,334.2014815808368,273.3433533860657,1.178798171804043,1.3661553445562773,0.8349757458059511,-73820.09119925795
200000.0,45000.0,-75000.0,110.0,342.64043930660387,515.9868875195195,1.1076788256475467,19.738893619389028,0.9343519168840635,-77622.13755267553
200000.0,45000.0,-75000.0,110.0,370.3285924894792,217.3251283736279,1.4534575672349066,12.200718167845597,0.951289057419144,-103699.37093502123
200000.0,45000.0,-75000.0,110.0,327.5786862226902,371.4444438604172,0.6015634069357737,3.929408625554257,0.83209521277358,-37541.85233182667
200000.0,45000.0,-75000.0,110.0,332.0264148196931,433.49932411437504,1.5028594358086356,6.564653551545893,0.8782944128680288,-98996.47843475419
200000.0,45000.0,-75000.0,110.0,320.81292588463407,508.8866632428133,1.709891418697021,16.286653233873004,0.8273436405028644,-106100.08434070507
200000.0,45000.0,-75000.0,110.0,315.65918220296595,515.5983399564138,1.174627598552195,16.805092631581537,0.7866017312767921,-69297.3076969993
200000.0,45000.0,-75000.0,110.0,344.62596799478194,500.76149785896433,1.5621295000355218,18.7480888196622,0.9379993243436618,-109895.73116779664
200000.0,45000.0,-75000.0,110.0,302.0205354111103,263.90336806450375,0.5104326740800333,8.98375088878269,0.465181357986859,-17808.282336706026
200000.0,45000.0,-75000.0,110.0,307.9523779493308,386.7396993911805,1.4688363775057272,5.975885011771687,0.6428761643973684,-70820.99223736551
200000.0,45000.0,-75000.0,110.0,301.33883284959103,329.5870177393039,1.6491291782821234,10.928405007315998,0.5105521790578014,-63147.48716398046
200000.0,45000.0,-75000.0,110.0,350.0669584870891,351.7368424315515,0.9940959454697205,19.857073626573413,0.9313404668446116,-69438.13364565787
200000.0,45000.0,-75000.0,110.0,345.1607315240186,159.492775898441,1.6118203098567825,8.324192874375655,0.8315714495935059,-100525.78136638939
200000.0,45000.0,-75000.0,110.0,306.53350113165095,49.01442162629628,0.6032740925361066,14.154717088871976,0.17377252192241122,-7862.434535283999
200000.0,45000.0,-75000.0,110.0,327.3321516105363,571.1947656233646,0.6781546695279027,19.302204679439207,0.8827192198187357,-44896.51206015771
200000.0,45000.0,-75000.0,110.0,304.5288297946404,206.94969064960648,0.8742694256854935,15.527169629803211,0.44151949770820537,-28950.524826772522
200000.0,45000.0,-75000.0,110.0,316.77620197959845,109.26891879218405,1.2925348972834918,14.80437411980434,0.4535119420229771,-43963.50085496292
200000.0,45000.0,-75000.0,110.0,313.3175434095926,444.6060057488029,1.2183046451019648,1.8533139153769835,0.7365807696721748,-67303.48298882933
200000.0,45000.0,-75000.0,110.0,321.5312384170615,252.0786675127302,1.717684835665677,13.081827014503915,0.7113857987644158,-91645.24491341639
200000.0,45000.0,-75000.0,110.0,373.67526596771745,145.37564942075062,1.383736037910392,8.331791966562303,0.9370702481975346,-97249.3404363423
200000.0,45000.0,-75000.0,110.0,320.9117523411955,410.6171514785457,0.611807803752447,2.033671754432499,0.7953609688456069,-36495.60356548869
200000.0,45000.0,-75000.0,110.0,334.7991737226563,281.0881382731953,0.7055625676946349,3.6224724253506078,0.8426610490538263,-44591.25701000043
200000.0,45000.0,-75000.0,110.0,302.3861164848583,369.8511723919475,0.7340326302793345,6.573960507825947,0.5547011281368626,-30537.654607891156
200000.0,45000.0,-75000.0,110.0,347.8910266215768,131.4740771118586,1.3664224198661747,16.89407688768945,0.8215208205029477,-84190.83506415624
200000.0,45000.0,-75000.0,110.0,316.0247674241556,589.4397604653336,0.5275080769828586,19.381372389473693,0.8112636759430046,-32096.11062170545
200000.0,45000.0,-75000.0,110.0,304.4499868297754,513.6319456277627,0.8070053037916377,12.56092205743226,0.6613757191492002,-40030.028486430994
200000.0,45000.0,-75000.0,110.0,325.2333877079902,569.9361359887663,1.2295953428461321,10.0678960265864,0.8709658813847466,-80320.16936464209
200000.0,45000.0,-75000.0,110.0,379.90898451517705,239.85647778552712,1.4757082662477412,3.8163620642562837,0.9689053039237561,-107236.6174658675
200000.0,45000.0,-75000.0,110.0,345.36027470529314,438.96551538791897,1.5944737882871096,18.476707656914705,0.9320293422350433,-111457.22670811893
200000.0,45000.0,-75000.0,110.0,356.78146536480085,464.30776827704346,0.9477915159983963,6.1459483263746995,0.9599252634470973,-68235.67655157631
200000.0,45000.0,-75000.0,110.0,313.6187731611736,129.94819011581427,1.9857277284671648,4.081523581049637,0.4538348575743253,-67589.43456227132
200000.0,45000.0,-75000.0,110.0,320.77846508579637,462.75746377881984,1.0872611286834541,2.650206123996759,0.8130698739390757,-66301.4451628135
200000.0,45000.0,-75000.0,110.0,309.437549819987,257.6389008913309,0.602106092297393,12.484037863805595,0.5661189871469179,-25564.77683447916
200000.0,45000.0,-75000.0,110.0,319.5375850168347,194.45874873387166,0.8236680090266313,19.828926237688844,0.631247985145764,-38995.407834531296
200000.0,45000.0,-75000.0,110.0,363.75596542490393,359.2853213823886,0.9571185097823038,6.351936855554863,0.961229418424484,-69000.78513910146
200000.0,45000.0,-75000.0,110.0,366.57253554425995,336.89908787948207,1.2774729717896451,9.52614739946749,0.9630502271459682,-92270.29767411396
200000.0,45000.0,-75000.0,110.0,353.1072065818556,508.9935239900827,0.8056251785612603,2.470834285894654,0.9573090837260883,-57842.42261363597
200000.0,45000.0,-75000.0,110.0,358.2947157989403,185.9514541887116,1.1561305813612592,19.142199304941087,0.9109361813298353,-78987.0882677901
200000.0,45000.0,-75000.0,110.0,306.8084220598517,147.94821431094675,0.6815717217413746,9.182918497707298,0.39208577522412724,-20042.593266735752
200000.0,45000.0,-75000.0,110.0,300.17137112187896,79.4358267413796,1.8192435546344075,6.198782376541181,0.18991929121592724,-25913.2084833983
200000.0,45000.0,-75000.0,110.0,355.2084809866296,341.2181925500797,0.8657400904029388,9.516588929694734,0.9427246341597721,-61211.58825019188
200000.0,45000.0,-75000.0,110.0,326.3494490543938,46.21928495332123,0.6396303291729873,3.6438885824345233,0.3668653829759534,-17599.366925631235
200000.0,45000.0,-75000.0,110.0,302.1269705840145,61.26564875774375,0.6828096474439727,7.115582220395934,0.16888492760642929,-8648.719340816013
200000.0,45000.0,-75000.0,110.0,362.50021014738076,518.9083150478543,0.7055246673781708,19.885953679871456,0.9714356730360072,-51402.88725735138
200000.0,45000.0,-75000.0,110.0,351.28605813670623,590.2243987652076,1.1575811007681096,15.584994917534123,0.9600264111764956,-83348.13223621092
200000.0,45000.0,-75000.0,110.0,315.03270024748775,431.0258233004712,0.6079987142680354,3.270856884289326,0.7486270340796161,-34137.320564002446
200000.0,45000.0,-75000.0,110.0,369.8938277584112,178.07225108371847,1.72861687617091,12.98917286132167,0.9402249236269561,-121896.6502783546
200000.0,45000.0,-75000.0,110.0,366.90858619274184,126.48573541371039,1.75989165989796,10.511813316790327,0.9084134902123855,-119903.19938726806
200000.0,45000.0,-75000.0,110.0,334.3420275084123,375.4770797597512,1.8625420085679685,2.1308542519930698,0.8749646479005538,-122224.38095449972
200000.0,45000.0,-75000.0,110.0,352.4497824359617,489.4669059630747,1.4252032235463241,9.433498233482373,0.9544545683721316,-102021.8795679358
200000.0,45000.0,-75000.0,110.0,311.54226142331964,393.5083652384813,1.606711033203291,1.6390536553317174,0.6916291319192435,-83343.61178545973
200000.0,45000.0,-75000.0,110.0,304.5913016622111,483.4087557971831,1.8701819238512642,2.0984576531507093,0.649543836773565,-91107.3856712188
200000.0,45000.0,-75000.0,110.0,324.85872381622096,254.34979151469125,0.5942461164577797,15.375629164427991,0.7471592617159509,-33299.73672376243
200000.0,45000.0,-75000.0,110.0,364.5462971019216,47.55486091791916,0.6494029962404783,3.00326327840233,0.7721651437820717,-37608.47684734028
200000.0,45000.0,-75000.0,110.0,316.0547255708986,523.3050259054639,1.2135409848354861,2.366415304328303,0.7926309409673359,-72141.75995344341
200000.0,45000.0,-75000.0,110.0,328.1770817696148,207.52486986678178,0.7742980655088902,4.214197646492451,0.7404924122103091,-43002.13817238406
200000.0,45000.0,-75000.0,110.0,323.8932728645188,201.79130921329164,1.519622672777015,4.45521990742318,0.6904830948786594,-78695.53246101402
200000.0,45000.0,-75000.0,110.0,365.2253730542535,384.704801647226,0.9573066012122018,15.656418945800102,0.9657353595253182,-69337.86260232195
200000.0,45000.0,-75000.0,110.0,358.4884092444597,251.49496759619788,1.033175952573635,14.503648388633083,0.9330941128052747,-72303.77991288304
200000.0,45000.0,-75000.0,110.0,300.55750889032834,469.6649026315659,0.9181439713401226,3.1738589879277677,0.5865451021461735,-40389.96370909392
200000.0,45000.0,-75000.0,110.0,316.26366768756543,561.6823788044559,0.5018208592985509,12.624331227349183,0.8057994725936547,-30327.52378194502
200000.0,45000.0,-75000.0,110.0,302.3685864405606,318.4439610685422,1.472921453284384,5.768272346690364,0.5172411294534996,-57139.16670698286
200000.0,45000.0,-75000.0,110.0,324.9967690854033,499.29971881039586,1.6004128279438687,14.684330148315812,0.8538462121935272,-102487.98233143527
200000.0,45000.0,-75000.0,110.0,370.94215513706513,127.55538396030985,0.8618409023027005,12.067341188617618,0.921524687783074,-59565.57513098841
200000.0,45000.0,-75000.0,110.0,313.36122544795114,142.32063342635922,1.175320598487564,7.0856277100675396,0.47292007233044675,-41687.452683615214
200000.0,45000.0,-75000.0,110.0,374.35154591145755,422.52773167134126,1.7690985234442307,12.640279987176935,0.9779865064927372,-129761.58634385123
200000.0,45000.0,-75000.0,110.0,332.5182764112791,394.234901579929,0.5732978094936874,14.46773428066375,0.8705180467620808,-37429.95670000682
200000.0,45000.0,-75000.0,110.0,353.9751402571193,60.25017190909759,1.0686640731183956,11.36193336240105,0.7337621520164066,-58810.893755547935
200000.0,45000.0,-75000.0,110.0,308.2642196143641,335.87844794172344,1.182798132901146,18.516071090523905,0.6141159737700764,-54478.14203700117
200000.0,45000.0,-75000.0,110.0,351.65976326460003,273.72234157334054,1.3294737673931585,19.576028712425053,0.9188427987496299,-91618.30479718081
200000.0,45000.0,-75000.0,110.0,307.2885281289039,146.8691349323614,0.5442762231657476,5.505597605956283,0.3969210916858344,-16202.603450819353
200000.0,45000.0,-75000.0,110.0,348.1478451370523,186.87008760268688,0.6088492557224272,1.2582451734195472,0.8687288607105973,-39669.36902011795
200000.0,45000.0,-75000.0,110.0,331.76519160342525,596.4310779782777,0.776957355515951,17.856635384110486,0.9074269465886756,-52877.403055908864
200000.0,45000.0,-75000.0,110.0,358.7499850160082,335.4340794061466,1.8253858865532782,12.621390961954894,0.949512849246578,-129992.05155867705
200000.0,45000.0,-75000.0,110.0,376.19912488730995,49.67965138187839,0.9354726524899272,14.952628958538892,0.8486675858142838,-59542.89881879332
200000.0,45000.0,-75000.0,110.0,303.056357362603,132.59540337401444,1.5460485300946456,15.12424468844578,0.3172306697547591,-36784.05080064639
200000.0,45000.0,-75000.0,110.0,316.09039803470006,228.9346033220998,1.2561379139424802,15.115888327123038,0.6262265115118612,-58997.01478694894
200000.0,45000.0,-75000.0,110.0,347.1381619187806,42.375568715213845,0.7732020252706493,11.413585157809008,0.5892111760691529,-34168.44559865776
200000.0,45000.0,-75000.0,110.0,324.96703482003136,307.2766837532436,1.2782838383056996,17.000753289987355,0.7821278644394702,-74983.60564511444
200000.0,45000.0,-75000.0,110.0,300.1310278617013,294.2528989382281,1.485592725505679,7.116097002265322,0.4641943071916923,-51720.27644888449
200000.0,45000.0,-75000.0,110.0,336.14079166407686,245.3382358463201,1.1740370941934755,12.532354416352192,0.8329466812478503,-73343.2725952744
200000.0,45000.0,-75000.0,110.0,339.9762650811226,230.01115699926766,1.5775877313665343,3.667901957891812,0.8486180895717433,-100407.71150430667
200000.0,45000.0,-75000.0,110.0,365.8563550463333,285.74361943471445,1.6307678437187012,3.8056957070342365,0.9555088541300615,-116865.98352778555
200000.0,45000.0,-75000.0,110.0,363.02758993528926,278.9183496947313,0.5442622353102701,11.281210033397315,0.9491892003104595,-38745.58769200038
200000.0,45000.0,-75000.0,110.0,357.4722204683926,477.782366142996,1.0884944437051547,9.25079818622706,0.9620950476602033,-78542.63352707829
200000.0,45000.0,-75000.0,110.0,328.0389792073536,152.66318063475285,1.8222347705067554,8.543115441600218,0.6758070941769329,-92360.93888732554
200000.0,45000.0,-75000.0,110.0,324.78513385890676,541.5457588533397,1.752777586358759,5.722650896041499,0.8624109514038107,-113371.09393881992
200000.0,45000.0,-75000.0,110.0,315.03643124904056,123.5763046587319,1.0402984526256254,3.1244419220191455,0.4606310222087024,-35939.53047263049
200000.0,45000.0,-75000.0,110.0,336.74063739292365,530.2546559502169,1.6995864859935448,3.1633300436374094,0.9172881828902868,-116925.79495514299
200000.0,45000.0,-75000.0,110.0,327.0731484335624,57.14389005179973,1.2311194936451333,9.107736113160783,0.4263361326091569,-39365.304277530726
200000.0,45000.0,-75000.0,110.0,338.30132828725175,478.18191473807025,0.6526421343584721,2.9637291546377913,0.9150444608703028,-44789.742748146884
200000.0,45000.0,-75000.0,110.0,356.5426987044338,123.95693278839167,0.8147126495420542,7.036709412897241,0.8635786364215987,-52767.632922521625
200000.0,45000.0,-75000.0,110.0,357.4104852370626,211.87018335248402,1.439874670609591,12.636826805182999,0.9182072535023289,-99157.75250160023
200000.0,45000.0,-75000.0,110.0,378.16276557263006,226.23062822774523,1.677440065956936,16.578292106964554,0.9649349716963341,-121396.54369248396
200000.0,45000.0,-75000.0,110.0,328.7652703670884,227.7698713288305,1.7590623305690474,1.4510708768328937,0.7633475874708838,-100708.19896880945
200000.0,45000.0,-75000.0,110.0,336.79535037990087,55.8386477149069,0.8972772556817351,3.294760900422968,0.5393631791823174,-36296.873492436425
200000.0,45000.0,-75000.0,110.0,310.20658932214815,30.43982850635805,1.7315108886541006,6.236431873425838,0.13866657518475028,-18007.701361857573
200000.0,45000.0,-75000.0,110.0,328.1655893309293,200.4529831511664,1.3775939350894584,3.3684194218311214,0.7336616372671619,-75801.58664302833
200000.0,45000.0,-75000.0,110.0,362.45535598891576,317.3496965085637,1.8384850902971057,19.67512137448213,0.9540448943836758,-131549.79853488487
200000.0,45000.0,-75000.0,110.0,301.44995690915897,570.5358240255588,1.8275606165573655,17.37993147403891,0.6451005739328153,-88422.03019786246
200000.0,45000.0,-75000.0,110.0,375.58771702824106,549.9574119954971,0.7658509684643208,18.43015728366869,0.9837777016038489,-56507.03291451834
200000.0,45000.0,-75000.0,110.0,320.33162720757554,542.1601274000767,1.4837130125391815,13.140204364335908,0.8327026260388601,-92661.87913720534
200000.0,45000.0,-75000.0,110.0,312.428662595498,148.6546296575542,1.9453503105552215,5.4326436202196025,0.4709230364800563,-68708.2706448064
200000.0,45000.0,-75000.0,110.0,303.8779714182769,362.93179030647093,1.0184456895706437,15.893712420892879,0.571671364621329,-43666.21778621702
200000.0,45000.0,-75000.0,110.0,320.5061751218805,186.0935933025411,1.8695838093780264,8.947627388750572,0.6329269154459921,-88748.24352280515
200000.0,45000.0,-75000.0,110.0,334.41570605936784,456.43068805853534,1.9921041000778128,17.439969580846732,0.8951436686556091,-133741.45293656507
200000.0,45000.0,-75000.0,110.0,301.4417566125022,139.27108903239704,1.958905118677901,19.699009395846378,0.307236619881714,-45138.55404986896
200000.0,45000.0,-75000.0,110.0,300.84111809385865,599.3089960203772,0.5156776908645133,7.709664247212636,0.6480402231356603,-25063.491439044097
200000.0,45000.0,-75000.0,110.0,344.3531865127887,156.28498315128888,0.6894647146048797,17.07610182864237,0.8234231279737425,-42579.08939456053
200000.0,45000.0,-75000.0,110.0,346.00149030473256,123.88473322840419,1.268428929045728,9.20288389724983,0.7993541828363179,-76044.29775474704
200000.0,45000.0,-75000.0,110.0,361.0554644294225,546.7413328502882,1.3138071355423189,11.464400723011982,0.9712268839759659,-95700.36077986169
200000.0,45000.0,-75000.0,110.0,341.950798278567,569.0686676648193,1.5526165642118253,15.015074562079079,0.9382895989030869,-109260.2979963452
200000.0,45000.0,-75000.0,110.0,340.86796081086106,419.5003363838698,1.1849943878995182,17.974110944701376,0.9142279681191134,-81251.62586114468
200000.0,45000.0,-75000.0,110.0,377.4482478249455,497.17006818577323,1.0101080679923728,18.870855497240107,0.983293983760992,-74492.48896540045
200000.0,45000.0,-75000.0,110.0,301.3405142270035,147.098007753984,1.5907386585227536,4.683438413321772,0.31768607979780505,-37901.66463066846
200000.0,45000.0,-75000.0,110.0,351.6489714599406,536.8049351470347,1.073729492626247,9.814312998785555,0.9568834716882407,-77057.55034186925
200000.0,45000.0,-75000.0,110.0,300.99237694945066,154.0811520223238,1.5924459398802138,8.612010160307634,0.3232620713138353,-38608.30297357388
200000.0,45000.0,-75000.0,110.0,317.9194203743449,468.15352401071846,1.77941865670677,3.3981423675370084,0.7908298799704466,-105541.30820254413
200000.0,45000.0,-75000.0,110.0,361.4252661278509,339.18688139170877,0.6755817277786438,14.850364052418689,0.9550851662821104,-48392.85651094661
200000.0,45000.0,-75000.0,110.0,369.6346870230236,556.3529151442299,1.2631305921187732,18.424623438663755,0.9798557245339057,-92826.43061411114
200000.0,45000.0,-75000.0,110.0,318.8973125341429,456.93291134266076,1.6552977618582456,9.399889490321913,0.7954152339007963,-98748.67923179558
200000.0,45000.0,-75000.0,110.0,328.05380335578116,233.04848054829833,1.5185349727046744,12.762309878599133,0.761028585411169,-86673.63916311199
200000.0,45000.0,-75000.0,110.0,305.5737228511971,496.40367846707335,1.5927929463827402,4.346135131118476,0.6683411590902391,-79839.68129821483
200000.0,45000.0,-75000.0,110.0,373.11425104778436,410.1382268908834,1.082713048362562,18.345120063662907,0.9762499316201022,-79274.89045711077
200000.0,45000.0,-75000.0,110.0,366.6452359979403,31.80210591412084,0.863503914368309,9.973362822423985,0.7116113556040851,-46085.93933047996
200000.0,45000.0,-75000.0,110.0,309.90205132529906,88.99925772357074,0.8473316746646526,14.631089146154041,0.3163321426903897,-20102.86831620793
200000.0,45000.0,-75000.0,110.0,375.3023591109081,32.51157336065988,1.1191763621286304,4.374789574320966,0.7800248686525022,-65473.90461512776
200000.0,45000.0,-75000.0,110.0,319.674616922534,103.6750052082827,1.7282341597347763,3.296703769271371,0.47898148942770763,-62084.41289322045
200000.0,45000.0,-75000.0,110.0,327.117051109961,185.13109396868447,1.5970985899149484,13.607567971036202,0.7070080983662171,-84687.12277193509
200000.0,45000.0,-75000.0,110.0,342.56398194881154,288.3462518423462,1.176382707402962,5.677225791042282,0.8879628854076844,-78343.81374069284
200000.0,45000.0,-75000.0,110.0,379.69411157266876,513.5372703021353,1.829207970348335,8.557013479918979,0.9851141873665414,-135148.40424255756
200000.0,45000.0,-75000.0,110.0,338.5970763516217,204.11736078163537,0.9204874415888403,15.872125229115147,0.8233953779056775,-56844.382861835504
200000.0,45000.0,-75000.0,110.0,310.63710742145645,346.1017651174136,1.3333116702581755,10.621660726560892,0.6522067531483551,-65219.61565454212
200000.0,45000.0,-75000.0,110.0,312.9306965424729,345.5096010001289,0.5444257927613009,10.67624140909288,0.6802125084277926,-27774.392561021552
200000.0,45000.0,-75000.0,110.0,339.5674012336204,111.15253444246092,1.045669406450003,16.44001941503779,0.7265939434206669,-56983.27931601418
200000.0,45000.0,-75000.0,110.0,325.955660797187,60.972871626608416,1.180432113244672,3.913753199795276,0.4283239273110769,-37920.54890018038
200000.0,45000.0,-75000.0,110.0,363.5991163122624,321.46226625505676,0.6818632068212832,7.602526615024978,0.9565987556925829,-48920.21213983454
200000.0,45000.0,-75000.0,110.0,315.6009017127909,303.96271082578846,1.5078512520804326,19.337521324693622,0.6841635307764748,-77371.26273818078
200000.0,45000.0,-75000.0,110.0,366.13621010515294,500.6404856913051,1.6434523083792731,3.5217884663973624,0.9743956461020016,-120102.95803957857
200000.0,45000.0,-75000.0,110.0,340.59618117117554,466.4158176009469,1.1523194235883292,16.25333207787378,0.9212700600371071,-79619.80384133584
200000.0,45000.0,-75000.0,110.0,304.08523066770937,284.82873944843107,0.5235182593137115,19.198084803528346,0.5146175362663354,-20205.875759884704
200000.0,45000.0,-75000.0,110.0,304.09217346416153,538.3263410558584,0.7157569844955145,8.505426939256704,0.6671826638865003,-35815.54887083144
200000.0,45000.0,-75000.0,110.0,375.88345287126197,583.097328517173,1.8186815612727993,6.684803169543934,0.9848556064036362,-134335.4048911826
200000.0,45000.0,-75000.0,110.0,364.5421950267019,239.57145201088795,0.5051526023979905,19.163311525481337,0.9446625572980409,-35789.90619052847
200000.0,45000.0,-75000.0,110.0,359.9857725110133,473.1870976455388,1.3997096289029367,2.1646363157440036,0.9654467179109683,-101350.88004395398
200000.0,45000.0,-75000.0,110.0,379.2143631433131,233.3255927858286,0.6694081811823178,11.782811419371045,0.9672459762316888,-48561.17772788777
200000.0,45000.0,-75000.0,110.0,342.82900150091507,70.4649942762389,0.7501167937410999,12.313421321256524,0.662234503547769,-37256.49168794861
200000.0,45000.0,-75000.0,110.0,309.0536704100325,296.2775548436605,0.5379583866826971,10.89793400072008,0.5948483654269511,-24000.275023944156
200000.0,45000.0,-75000.0,110.0,350.7072410331064,36.582153301179126,1.7749235492090834,17.532106870404697,0.5920315349391574,-78810.8034928433
200000.0,45000.0,-75000.0,110.0,316.2015968203912,582.4246732277675,1.7458673032205887,16.06231738565362,0.8108967331058177,-106178.85694633795
200000.0,45000.0,-75000.0,110.0,318.74776593561444,200.67162188013708,1.8611099089865333,14.358594402881995,0.6287952954643119,-87769.28663345594
200000.0,45000.0,-75000.0,110.0,346.82137026513254,374.42365387171856,1.758924746916849,17.210222434623446,0.9258951084787336,-122143.48645143787
200000.0,45000.0,-75000.0,110.0,313.23436911679426,258.50099357629455,1.512435934855716,8.196586645064396,0.6180774744798265,-70110.19371961172
200000.0,45000.0,-75000.0,110.0,361.89602751652546,75.54177527853565,1.8771247009464964,16.370177580259224,0.8284451420246746,-116632.11296052337
200000.0,45000.0,-75000.0,110.0,308.8231108608818,439.662995337319,0.6834125155760296,4.306012283962973,0.6825860688679806,-34986.58968166647
200000.0,45000.0,-75000.0,110.0,325.6528020689272,204.45858830250626,0.6249219655090403,19.210324114037306,0.7121400933330959,-33377.39901326323
200000.0,45000.0,-75000.0,110.0,305.00904477438075,511.4084485787823,1.3164690772383216,8.93389700478119,0.6676728680693403,-65922.80133932311
200000.0,45000.0,-75000.0,110.0,341.9522003285681,517.8554223270817,0.9638272381256434,19.79975445627533,0.9326021792424314,-67415.05370168916
200000.0,45000.0,-75000.0,110.0,342.44562958790306,174.28523837338662,1.572468965689394,8.181420263062856,0.8265212213400288,-97475.92275306673
200000.0,45000.0,-75000.0,110.0,365.98782378052,510.5314724957101,1.7485818300295386,17.705717814642533,0.9747320412492457,-127829.90523570254
200000.0,45000.0,-75000.0,110.0,323.64757743106287,184.0770353594538,1.8270769532455773,7.828062941062434,0.667702721529343,-91495.8190594209
200000.0,45000.0,-75000.0,110.0,309.11533925510224,252.27976513996214,1.16223177309226,16.426544427549757,0.5564535084376097,-48504.5960816139
200000.0,45000.0,-75000.0,110.0,339.5409733744374,519.0729746407532,1.241874592791888,12.23923229004829,0.9253464481668453,-86187.31826314656
200000.0,45000.0,-75000.0,110.0,363.3119673494734,211.9742246272203,1.7581574881871724,6.209706559361755,0.9349121712611029,-123279.21260250272
200000.0,45000.0,-75000.0,110.0,350.80321773265325,587.4513249479852,0.9010881141502933,18.44845012097848,0.95901990276762,-64812.10767131043
200000.0,45000.0,-75000.0,110.0,344.92685783367347,377.1808730825951,0.6363308846132645,13.636183208725742,0.9203344072975097,-43922.790565173666
200000.0,45000.0,-75000.0,110.0,357.7960584612191,203.09775934417794,1.9999646798283863,17.898187612742316,0.9162357768463226,-137432.93940658265
200000.0,45000.0,-75000.0,110.0,339.2664297551583,49.52239836585334,1.1122285803394745,1.3547892415450002,0.5386206546297163,-44930.19645302458
200000.0,45000.0,-75000.0,110.0,377.52865676354196,579.5251871701678,1.001376036095179,6.83224735486562,0.9856771177366245,-74027.50837716165
200000.0,45000.0,-75000.0,110.0,365.65247362914977,283.6790295294834,1.1906441540820283,7.671149662775954,0.9548452274590082,-85266.06660953946
200000.0,45000.0,-75000.0,110.0,347.0541249594308,518.2407532443059,1.333171010717487,16.240387488968715,0.9458741590950503,-94575.9006519226
200000.0,45000.0,-75000.0,110.0,318.14511967120734,256.19803623009733,1.5998673883867365,10.687795331798466,0.6768137393212343,-81210.91721640936
200000.0,45000.0,-75000.0,110.0,377.7905938282771,529.9991680171518,1.9812256607648577,15.921930402220967,0.9845119458253555,-146290.5247799052
200000.0,45000.0,-75000.0,110.0,300.84222948687784,557.8592790272742,1.0575422669424395,19.620234995800704,0.631540612994508,-50091.06686493224
200000.0,45000.0,-75000.0,110.0,314.4605082166989,267.6232991107837,1.9862329079923782,8.185396235712627,0.6418615821774986,-95616.49476727513
200000.0,45000.0,-75000.0,110.0,336.90611723473836,475.51039135724886,1.5039551708911452,2.8969015872748605,0.9092890872866466,-102564.75184947315
200000.0,45000.0,-75000.0,110.0,345.1560730161234,321.0447461010765,1.9600591780608507,17.919447317785284,0.9085598272725821,-133562.32711972544
200000.0,45000.0,-75000.0,110.0,313.1487367550132,557.8713963009709,1.7207732369662234,16.69507385682381,0.7765892833579979,-100225.05411879164
200000.0,45000.0,-75000.0,110.0,379.6720089180971,137.01380735325898,0.661698394475984,3.3683584732960616,0.9463574731284526,-46965.24154270848
200000.0,45000.0,-75000.0,110.0,365.667128935619,507.3714354434485,0.7512888125886097,18.835934201459832,0.9742553467855548,-54896.03569834678
200000.0,45000.0,-75000.0,110.0,334.60637794036774,214.209705758236,1.1567718644741207,13.608668885903265,0.8017288020494661,-69556.29908620231
200000.0,45000.0,-75000.0,110.0,300.4339471745829,361.84605800460815,1.8854109133799875,19.42671961001045,0.5203622533494694,-73582.25035320687
200000.0,45000.0,-75000.0,110.0,300.481857075577,448.9895427343962,0.7496711163456432,19.961559713930836,0.5744785297235704,-32300.24705208546
200000.0,45000.0,-75000.0,110.0,300.45809292720537,251.5127255619194,1.0329048618572512,19.59949451422912,0.4302617283128046,-33331.45732840497
200000.0,45000.0,-75000.0,110.0,317.28191221595756,371.5458990214584,1.1325687515987952,13.397804582074924,0.7435692487525619,-63160.74718402073
200000.0,45000.0,-75000.0,110.0,326.91159377009075,407.933217980349,0.8303335112278758,13.127604912093709,0.8403101378600284,-52330.32504672733
200000.0,45000.0,-75000.0,110.0,364.2781981989204,38.254073977218695,0.8775632523466824,4.980500574846805,0.7294859707137084,-48012.7560750599
200000.0,45000.0,-75000.0,110.0,317.48050722701856,245.44522870709383,1.2328021719257751,5.436172982983757,0.6594121686264692,-60969.35652577476
200000.0,45000.0,-75000.0,110.0,342.69951886604224,482.6919422342774,0.8036616777613279,2.868762243313679,0.9303167597637935,-56074.49460009394
200000.0,45000.0,-75000.0,110.0,320.1767093538138,449.889199053494,1.1861817610601237,8.90215619580156,0.803792457055247,-71508.29641774776
200000.0,45000.0,-75000.0,110.0,320.23159331734746,394.69456301211505,1.3770585362844296,13.672923355132562,0.7828200013458477,-80849.17239206162
200000.0,45000.0,-75000.0,110.0,331.75715799139846,265.94885657940057,0.669341631383731,10.085127993542251,0.8137495300572783,-40850.73284897124
200000.0,45000.0,-75000.0,110.0,309.9751477322512,317.36373571379136,0.8389343709026023,3.40441722023443,0.6236006808198694,-39237.00336435387
200000.0,45000.0,-75000.0,110.0,315.1360054630032,65.05721267232471,1.597039641139805,13.251516590182717,0.3113177992251474,-37289.014976622246
200000.0,45000.0,-75000.0,110.0,316.8627407652774,554.1565290272497,1.64863187978304,11.317439672824854,0.8087349122012379,-99997.9618911374
200000.0,45000.0,-75000.0,110.0,326.55959406340907,324.79909018368573,0.9174796930345538,7.600879840083267,0.8045210346493635,-55359.878393245475
200000.0,45000.0,-75000.0,110.0,324.0242793181859,292.38123198020014,1.9593295059406568,8.959879993519005,0.7649405546215287,-112407.79492204289
200000.0,45000.0,-75000.0,110.0,333.16446547355645,369.9436869529377,1.1917994778380616,18.559166810076338,0.8668652548601573,-77484.71685737203
200000.0,45000.0,-75000.0,110.0,304.0333341004926,247.51477617266445,1.1740525921474478,13.426919616079811,0.4787704587779632,-42157.627362891784
200000.0,45000.0,-75000.0,110.0,302.97905292033323,37.16835428668314,1.3161773914220651,12.933773188220238,0.11476876614449681,-11329.204143059462
200000.0,45000.0,-75000.0,110.0,337.8604428738687,328.9879716714688,1.0456919354465892,9.233671436470233,0.8788938444467863,-68928.91539387402
200000.0,45000.0,-75000.0,110.0,301.319314926576,427.3209830979045,1.1732203338238913,11.217025001216799,0.5746250084544954,-50562.13081819046
200000.0,45000.0,-75000.0,110.0,310.08083089922394,238.42201342240188,1.5097639982490278,1.2014907879124033,0.5559656478564402,-62953.268954763764
200000.0,45000.0,-75000.0,110.0,344.13895367463516,528.5977957008233,1.8275614518395669,9.292845857769857,0.9398272102679708,-128819.3985656747
200000.0,45000.0,-75000.0,110.0,312.3238690693027,213.23096004051195,1.4724185950522226,16.14761573104874,0.5593435285834313,-61769.085938127646
200000.0,45000.0,-75000.0,110.0,337.06030883559686,203.32072846572686,1.8332898416864665,1.3879188769764703,0.8119499664669375,-111640.47191111276
200000.0,45000.0,-75000.0,110.0,369.02327557413196,61.9850887393233,0.9702072041388572,18.244843248528696,0.8410037041606129,-61196.08893630681
200000.0,45000.0,-75000.0,110.0,351.1327961462015,535.6895873460292,1.320461281701565,15.950398679917601,0.9558525590502929,-94662.4721430953
200000.0,45000.0,-75000.0,110.0,359.94618537665184,176.91359635065112,1.4908575833276543,11.80177840877989,0.9125044759932759,-102031.0663391252
200000.0,45000.0,-75000.0,110.0,306.93212261670504,92.94304375254897,0.7746951857235655,18.079720555866793,0.2898075961050608,-16838.44121165326
200000.0,45000.0,-75000.0,110.0,375.8652795588614,460.71560638467486,0.9790440261340486,10.697561985325281,0.9808964972191596,-72025.56418936737
200000.0,45000.0,-75000.0,110.0,356.74669403794184,198.77391561260947,0.9607225413651386,6.897957306434932,0.9110279352397537,-65643.38048986283
200000.0,45000.0,-75000.0,110.0,339.88713953167576,109.84134443933127,0.5515749037585718,3.1972865922498714,0.7272149383712305,-30083.513223293037
200000.0,45000.0,-75000.0,110.0,379.1184728118287,359.7194954400202,1.2980310637125574,3.5408118097858927,0.9784312835542034,-95252.5649821129
200000.0,45000.0,-75000.0,110.0,309.2826978620974,580.5114757116816,1.2224535406149624,7.74837441202018,0.7445259393610475,-68261.1277988695
200000.0,45000.0,-75000.0,110.0,356.7158585649665,82.35387193929081,1.0145303790768656,8.133431619610356,0.8090419515716993,-61559.82283628424
200000.0,45000.0,-75000.0,110.0,348.09782498904224,207.10418517015756,0.8935673878119437,9.842467549886885,0.8797791495104793,-58960.646735961935
200000.0,45000.0,-75000.0,110.0,348.1288020745718,203.43326796346648,0.7324576433694439,1.5969963010556099,0.878022975969167,-48233.59798519514
200000.0,45000.0,-75000.0,110.0,343.61339452301365,76.09269016410352,1.677708212075758,15.1401567876083,0.6870028464266389,-86444.27378770447
200000.0,45000.0,-75000.0,110.0,363.19425658144684,350.50243378216595,0.6210215348209194,16.653733035810976,0.9594097211954757,-44686.05731841935
200000.0,45000.0,-75000.0,110.0,362.577573205364,578.9181933893971,0.5460894242460067,13.284912364330095,0.9744001672771693,-39908.221975020155
200000.0,45000.0,-75000.0,110.0,315.1082134122014,425.2457183748386,1.4045250572704966,12.120540489856078,0.7468570751286544,-78673.46071634618
200000.0,45000.0,-75000.0,110.0,367.7965015639272,45.810450645925826,1.5455318816746182,17.506276101599145,0.7882504036010134,-91369.95971311886
200000.0,45000.0,-75000.0,110.0,300.8961145216253,79.62914913760595,0.909857534252578,2.9721052163244064,0.1970756492682001,-13448.307322829281
200000.0,45000.0,-75000.0,110.0,345.8017673644135,37.99835231566065,1.3254388320407378,7.656818462691324,0.5477092057000725,-54446.62874257982
200000.0,45000.0,-75000.0,110.0,373.67315111021594,535.0468865935081,1.835306937394267,10.343922212938088,0.9820788588346299,-135181.2107015581
200000.0,45000.0,-75000.0,110.0,338.29498980809444,343.8206285768511,0.7464107082899964,5.212285245802786,0.8856110821289219,-49577.21963109892
200000.0,45000.0,-75000.0,110.0,357.494092624129,87.650911520731,1.4428932254637077,14.655696542291265,0.8233432389834645,-89099.72863204406
200000.0,45000.0,-75000.0,110.0,342.1881487391254,121.94304781819913,1.3535765465762195,16.372386878268316,0.7671232591380417,-77877.00389267736
200000.0,45000.0,-75000.0,110.0,335.0407209877034,318.28989434630097,0.8513834252472445,10.238493135604092,0.8598581105390183,-54905.170753299986
200000.0,45000.0,-75000.0,110.0,312.2156770840661,502.9485306886661,1.6965336439545855,16.19006108311269,0.7484955981714309,-95238.59734873085
200000.0,45000.0,-75000.0,110.0,345.2065286238659,247.45282354623416,1.9635595698538655,5.879483357006329,0.8847403994173761,-130293.03585842402
200000.0,45000.0,-75000.0,110.0,348.0295502991702,513.9516440524608,0.9629041277048147,1.1328655961586558,0.9476581368411366,-68437.79487130385
200000.0,45000.0,-75000.0,110.0,340.05875504977644,563.010016519129,0.9218051516569086,6.905163740906305,0.9323168142193595,-64456.08317428219
200000.0,45000.0,-75000.0,110.0,323.6445550993542,466.49863537460664,1.787242177757082,19.87511414210944,0.8358347857035738,-112037.93869844843
200000.0,45000.0,-75000.0,110.0,348.0468225279483,542.5639718772474,1.7727751970974883,1.7711296932667329,0.9503176203725078,-126352.46300708165
200000.0,45000.0,-75000.0,110.0,351.43081054943536,220.450746064035,0.6674956988272699,16.173718692412645,0.9002728327790964,-45069.618273831664
200000.0,45000.0,-75000.0,110.0,341.2388305960189,534.3719659892654,1.8776784109266726,18.032171434876567,0.9324956448859275,-131319.52055140884
200000.0,45000.0,-75000.0,110.0,318.76032944336987,140.67555756374583,1.7837295215210955,18.877973103751366,0.5430202999887517,-72645.10049063833
200000.0,45000.0,-75000.0,110.0,376.97416783035965,90.57955387926249,1.9299120344249747,17.457240711854784,0.91328347697444,-132191.7579790842
200000.0,45000.0,-75000.0,110.0,341.74145549044954,88.0725793309064,0.6538219287916087,8.936572597719607,0.69974211421996,-34313.00540820093
200000.0,45000.0,-75000.0,110.0,373.23125716922806,235.8467222296298,1.0514331821598635,14.843679106112054,0.9595876715668191,-75670.67393076558
200000.0,45000.0,-75000.0,110.0,339.1345020733428,138.27795895101536,0.7167614504771411,11.882446611305294,0.7641243082934897,-41077.11356679629
200000.0,45000.0,-75000.0,110.0,319.253119749892,448.39746377196036,1.555575850766561,1.5909274144775205,0.7954249228739319,-92800.7850840407
200000.0,45000.0,-75000.0,110.0,308.0942827094148,442.07125829302817,0.6162422595049004,4.023711418127944,0.6747359321839776,-31185.059656364974
200000.0,45000.0,-75000.0,110.0,376.16605331377673,191.08825774668,0.7169383138459593,9.09589287297179,0.9556408774941269,-51385.16695146842
200000.0,45000.0,-75000.0,110.0,322.9583008669522,204.7942690872519,1.9195997667706994,3.611900283005926,0.6832552171356077,-98368.2416593782
200000.0,45000.0,-75000.0,110.0,373.82876975031695,519.1939191531278,1.4426805605784803,6.722979622368275,0.9816506861563051,-106215.62716471711
200000.0,45000.0,-75000.0,110.0,314.4008831492147,365.59104576318407,1.132449404332918,5.141654411810105,0.7093282646875276,-60245.877811641985
200000.0,45000.0,-75000.0,110.0,338.79498040686775,117.6099939712133,0.7735236094371308,11.891486520103104,0.7305745520833292,-42383.749836780895
200000.0,45000.0,-75000.0,110.0,378.94712198731725,313.7273829945836,0.8287052059450625,5.404807317718057,0.9751915811838159,-60610.97550906189
200000.0,45000.0,-75000.0,110.0,372.6734028182631,314.7788441193522,0.9869078926974884,4.273090266022555,0.968760954838052,-71705.83743501214
200000.0,45000.0,-75000.0,110.0,379.5827175675993,568.2334269408975,0.9384202113485218,3.087113321322294,0.9864720264850452,-69429.39656876255
200000.0,45000.0,-75000.0,110.0,323.6835012385482,36.06191043833408,1.5127669425292813,16.64715304339432,0.28283382909574073,-32089.625016375972
200000.0,45000.0,-75000.0,110.0,351.75620552770727,280.8520669614172,1.9135853135089116,6.877401535210011,0.9210471791027309,-132187.67662348485
200000.0,45000.0,-75000.0,110.0,351.84845336592844,249.64093733072224,1.5513068012454423,8.883555970679055,0.9123674717672162,-106152.13981406936
200000.0,45000.0,-75000.0,110.0,342.6945957802594,243.75932722640195,0.6383476202128148,17.1903280498253,0.870810169447479,-41690.969949293714
200000.0,45000.0,-75000.0,110.0,304.00619427918133,41.032967896745745,1.1524003544752057,7.236506926687856,0.13196984644390514,-11406.157336649607
200000.0,45000.0,-75000.0,110.0,370.87370141917415,595.440279985667,0.9121825020401766,19.882560639594654,0.9820367854805193,-67184.75790563342
200000.0,45000.0,-75000.0,110.0,305.1768095786577,564.3571690541061,1.3980064821081026,13.764425112970832,0.6912463421861429,-72477.51503323075
200000.0,45000.0,-75000.0,110.0,360.52227955277596,435.09512972940814,0.9288288335127698,17.02588042148757,0.9633335331252857,-67107.89713923707
200000.0,45000.0,-75000.0,110.0,318.57673548764404,411.9222384255894,0.8671445631229926,1.9851582622135835,0.7750589295881511,-50406.610266921874
200000.0,45000.0,-75000.0,110.0,302.60629995720984,527.3797040472081,1.4518573602986373,1.7076465669628436,0.6427977474356464,-69993.79805983709
200000.0,45000.0,-75000.0,110.0,375.6999173138255,127.63070232813426,0.9079687449684798,5.074641582012524,0.933925702047889,-63598.15106866712
200000.0,45000.0,-75000.0,110.0,320.39289538068897,480.0223839361991,1.3966419765153308,10.12050337290538,0.815538242209169,-85426.12068921393
200000.0,45000.0,-75000.0,110.0,357.07701249015463,478.3584124589674,0.6012787711298464,17.055967750280765,0.9615237591815776,-43360.7868249637
200000.0,45000.0,-75000.0,110.0,307.5795721184594,137.73137605373566,1.8966193287692894,4.665385915576598,0.38559179135123245,-54849.06333686418
200000.0,45000.0,-75000.0,110.0,357.42657797935715,502.66499082725835,0.6046852541856932,15.537029324648914,0.9638363337056972,-43711.32138301771
200000.0,45000.0,-75000.0,110.0,366.19158776360086,176.38041272441828,1.8309913179278938,18.812034022342974,0.9307356805062905,-127812.6712719546
200000.0,45000.0,-75000.0,110.0,379.278292533219,484.92192095030225,0.9274016029184019,9.038106806139742,0.9840054884320486,-68442.62004392901
200000.0,45000.0,-75000.0,110.0,355.94710349404795,410.94667917907026,1.7746848611184658,15.155855617721496,0.953401356865125,-126899.02159487558
200000.0,45000.0,-75000.0,110.0,312.92515915719514,416.2751916752513,0.7650044228248862,14.223843212599242,0.7192548920339651,-41267.488015831455
200000.0,45000.0,-75000.0,110.0,366.2306797191515,89.97880984278757,1.3236731917508873,13.77806075832844,0.8728675346029592,-86654.35166277202
200000.0,45000.0,-75000.0,110.0,346.9800964830462,475.55573550526645,0.8619186326896555,17.667108686528515,0.9411169774306969,-60837.46937910657
200000.0,45000.0,-75000.0,110.0,372.842484777647,75.61978036996044,1.6389630933575636,15.367951459668932,0.8823404900926941,-108459.2624277713
200000.0,45000.0,-75000.0,110.0,342.93263637187323,595.03630840885,1.2856082199744703,1.926604216835392,0.9432965356400487,-90953.23350692156
200000.0,45000.0,-75000.0,110.0,335.5826402992303,548.0746174699657,0.5973372309258025,17.694237783480457,0.9155719139750856,-41017.8893855486
200000.0,45000.0,-75000.0,110.0,364.5007847751844,164.09239932151903,0.9179244870365447,17.611140245057296,0.9210914098377625,-63411.926991682194
200000.0,45000.0,-75000.0,110.0,317.71682721184266,503.1661003976413,1.6437319247480286,15.206640073392991,0.8007842303887464,-98720.59532435721
200000.0,45000.0,-75000.0,110.0,331.84214712463165,459.95557344839244,1.8723471185753364,9.581408709004725,0.8835580941708839,-124074.55887860777
200000.0,45000.0,-75000.0,110.0,306.3153499707565,442.94088842465237,0.5477277013864197,18.324112871564942,0.6524041016746945,-26800.484923901433
200000.0,45000.0,-75000.0,110.0,302.052724730049,100.03809862659503,1.5855451234776958,6.608020147022054,0.24831440663124976,-29528.527239257677
200000.0,45000.0,-75000.0,110.0,348.1462713533479,528.650556223913,0.6170533903099724,1.7967718606386436,0.9492908959011456,-43932.23742796448
200000.0,45000.0,-75000.0,110.0,342.04425731387175,323.5289250046059,0.7544846141831794,17.842375814229474,0.896712458012005,-50741.68146873286
200000.0,45000.0,-75000.0,110.0,373.6589768727814,203.90523033530647,1.2462591071411726,18.288132859732574,0.9542809040424014,-89196.09505753157
200000.0,45000.0,-75000.0,110.0,345.91984575630903,476.44897892769853,1.4983469829817322,2.1701656645247525,0.9385192838736965,-105467.06530967467
200000.0,45000.0,-75000.0,110.0,338.8600994276789,423.97604533245357,1.827564042074922,8.099828851063283,0.9074519465155436,-124381.9910522027
200000.0,45000.0,-75000.0,110.0,336.2410148674817,433.10840001185534,0.7935726350081622,13.91972819484911,0.8984214016680077,-53472.197930205555
200000.0,45000.0,-75000.0,110.0,304.61730623977485,47.173217110659174,1.6971923689447985,1.226322129982346,0.15336037280973128,-19521.154082340396
200000.0,45000.0,-75000.0,110.0,376.7128079556643,543.284538795312,1.1377583670565605,16.159223406417006,0.9842624837818261,-83988.96572269837
200000.0,45000.0,-75000.0,110.0,372.42455607637856,59.2077297239358,1.6729438286450016,19.799753851047743,0.8524347911531815,-106955.66423865044
200000.0,45000.0,-75000.0,110.0,335.44180861484324,270.35397752503224,0.7889391087778475,3.746704511955408,0.8416022126389683,-49797.967468863906
200000.0,45000.0,-75000.0,110.0,379.01896795980485,69.27241209952375,1.6482447081772253,11.113221386923769,0.8969402834156184,-110878.28067680803
200000.0,45000.0,-75000.0,110.0,351.77503171542855,586.0940964967302,0.5611285643725495,4.353069139398809,0.9605751750332676,-40425.462670374596
200000.0,45000.0,-75000.0,110.0,347.7178857013856,54.0610149474313,1.6934638478642263,3.993370163304398,0.6525443266738383,-82879.51697632867
200000.0,45000.0,-75000.0,110.0,347.87586059420204,339.94649496928724,1.7899443838461802,17.207187396955582,0.9224410793775801,-123833.8672095681
200000.0,45000.0,-75000.0,110.0,307.7007028541044,107.30324453668985,0.7984144288971302,1.917921204742276,0.32990843772454,-19755.274267063727
200000.0,45000.0,-75000.0,110.0,300.92909037657654,359.5557634592165,0.9022402280861608,13.642997627771585,0.5261728952877534,-35605.076479288364
200000.0,45000.0,-75000.0,110.0,309.238464680724,115.84667005393874,0.9542097979040505,16.26282735211349,0.3671370949452924,-26274.435987812074
200000.0,45000.0,-75000.0,110.0,372.4368429144085,61.08210086407479,1.7691950853857796,11.625815183780254,0.8563713280182679,-113631.59585964098
200000.0,45000.0,-75000.0,110.0,350.98809203631134,597.5779395861847,1.7890522445967039,10.050660264932668,0.9599996035219007,-128811.70841196016
200000.0,45000.0,-75000.0,110.0,313.2775738974127,352.41364280144023,1.6321271007125069,15.31680293531601,0.6886220599431624,-84293.90446362809
200000.0,45000.0,-75000.0,110.0,319.1695652501333,303.4783752933823,1.5907144495850578,3.6997133919355187,0.7237487380081015,-86345.8181563828
200000.0,45000.0,-75000.0,110.0,359.27757193720964,379.1101532203402,0.5287894162382734,15.859362168307541,0.9560091864217221,-37914.56547047768
200000.0,45000.0,-75000.0,110.0,321.38602827888275,177.71931966210565,1.6783288324584447,5.18259617761165,0.6329706893842544,-79674.97185710193
200000.0,45000.0,-75000.0,110.0,365.0450626211311,551.8088958611971,0.7787508663300047,14.053376262690767,0.9756882019099453,-56986.35243790008
200000.0,45000.0,-75000.0,110.0,331.0343735525764,38.41274721183413,1.2283325830199272,4.927922336439777,0.378486696992636,-34868.065661673376
200000.0,45000.0,-75000.0,110.0,347.6857350064619,163.6568614072545,0.7376038406012089,3.931609296796765,0.8502370131810454,-47035.356475772984
200000.0,45000.0,-75000.0,110.0,359.56779065960075,510.72202001141386,1.1671335858979879,8.814054394072627,0.9673572432061276,-84677.63460806698
200000.0,45000.0,-75000.0,110.0,350.37695206441094,243.50633925855072,1.1780043398234494,7.02135653451114,0.9049437577619169,-79952.07554547589
200000.0,45000.0,-75000.0,110.0,345.3430175081164,582.5213959900623,0.6610477184146488,17.808867971120446,0.9478686819361679,-46993.98221629532
200000.0,45000.0,-75000.0,110.0,327.87299987130103,411.5973616720211,0.8782701351656984,18.28525677423143,0.8478746308726679,-55849.72249950785
200000.0,45000.0,-75000.0,110.0,337.59896597633065,443.7570996124564,1.6550351023709458,5.5607359732347845,0.9062637098630081,-112492.36888711475
200000.0,45000.0,-75000.0,110.0,379.1544630776912,85.29117812061615,1.8063440464705809,7.901115081632865,0.9150416357067404,-123966.00081986793
200000.0,45000.0,-75000.0,110.0,323.35652552610435,284.4996427775609,1.9993180725105146,11.556479372015266,0.7536431455431692,-113007.92708310977
200000.0,45000.0,-75000.0,110.0,304.2574627131635,111.41472937512297,1.0806265099707035,17.436639395006626,0.29524058426537636,-23928.36016323038
200000.0,45000.0,-75000.0,110.0,327.54500071273725,408.4270201418228,0.5296814829370347,14.84871317686629,0.8447185840112506,-33557.384418266345
200000.0,45000.0,-75000.0,110.0,326.1878779955468,474.9974931231834,1.8323225710532738,3.156560697403036,0.8552033777797575,-117525.6338960137
200000.0,45000.0,-75000.0,110.0,360.6777452093387,135.0261068358177,1.5697498323901933,15.15927340874353,0.8913796570784887,-104943.23004712391
200000.0,45000.0,-75000.0,110.0,324.0127758519773,373.5602231604712,0.5520606046648848,7.512801416716622,0.8060252892817147,-33373.11064320391
200000.0,45000.0,-75000.0,110.0,311.0807729448751,350.09593798546655,1.7485068268597348,2.222671468601809,0.6604001910828315,-86603.56819258533
200000.0,45000.0,-75000.0,110.0,313.42783639961226,517.6772651565013,1.581243024029882,13.363241830216309,0.7661171137397628,-90856.30062681806
200000.0,45000.0,-75000.0,110.0,323.3532478495546,370.4276237993309,0.6551337506049394,13.646934071197768,0.7992950560205516,-39273.38759180468
200000.0,45000.0,-75000.0,110.0,308.1486356514044,557.047639813488,1.6663133462049076,1.8723036345454593,0.7239144473662467,-90470.12288676952
200000.0,45000.0,-75000.0,110.0,343.70092400885096,49.981711181840694,1.7124534202417871,17.88863419843156,0.5914253399609245,-75959.12596753101
200000.0,45000.0,-75000.0,110.0,375.76159520391406,571.0565115968366,1.4680976706423143,13.904800157597151,0.9844699876961316,-108397.3571815469
200000.0,45000.0,-75000.0,110.0,357.71145056588557,168.5345376392435,0.9311515770190312,19.358494873652266,0.9004417853190081,-62883.58413102198
200000.0,45000.0,-75000.0,110.0,337.61064779764797,508.3876847690419,1.489307123668037,15.138671449893883,0.9172356224405642,-102453.41599371137
200000.0,45000.0,-75000.0,110.0,376.5358167967607,120.67481234456432,1.769646392315766,19.71614481510544,0.9324254508627029,-123754.75014169377
200000.0,45000.0,-75000.0,110.0,332.83576513693606,179.41762679038348,1.4970664341724258,18.500260066371283,0.7565474442064867,-84945.13384353505
200000.0,45000.0,-75000.0,110.0,342.0588111066082,186.3947602622183,0.7556507822655221,11.550340428639906,0.833476633869446,-47236.29527876108
200000.0,45000.0,-75000.0,110.0,323.46264266364824,574.3853150361658,1.178237471928355,7.846872138744661,0.8613081419227274,-76111.91457677574
200000.0,45000.0,-75000.0,110.0,310.7027315739586,36.8703905728687,1.3070698011130344,5.97308264761545,0.16702078234758727,-16373.086557360322
200000.0,45000.0,-75000.0,110.0,340.88129624237973,459.41562174557123,0.654543508428828,9.21174396437345,0.9211371828877658,-45219.327257370394
200000.0,45000.0,-75000.0,110.0,365.73989610305006,555.270799163,0.7373868282875455,5.430669964625817,0.9764915003364469,-54003.89777121295
200000.0,45000.0,-75000.0,110.0,336.62186859007056,434.01122963995823,1.2228008404756936,16.194936529945576,0.9002585933701956,-82562.77234639057
200000.0,45000.0,-75000.0,110.0,337.06877738296777,264.9606739252794,0.695698772915371,4.928368023892917,0.8491475609363677,-44306.31871256334
200000.0,45000.0,-75000.0,110.0,316.1573044973481,516.0373809686097,0.613351476455676,10.221504744915334,0.7912420910204457,-36398.21285709501
200000.0,45000.0,-75000.0,110.0,322.1975752645095,209.08802509819304,1.0823976431865228,5.285248486385352,0.6791682238106591,-55134.75635848757
200000.0,45000.0,-75000.0,110.0,370.06052044973205,141.3869118641209,0.9774706708110559,12.137152586097256,0.926316182452086,-67908.51751834327
200000.0,45000.0,-75000.0,110.0,372.8895694805235,395.50403640477936,1.1865245208153565,16.790293699706233,0.9751821044487082,-86780.81093915358
200000.0,45000.0,-75000.0,110.0,326.6854504785704,505.59188205145847,1.6478239389252425,17.741662821841658,0.86572794158395,-106992.542005388
200000.0,45000.0,-75000.0,110.0,322.0845824386527,218.68117786188617,0.8821869127167266,2.816517902301423,0.6875989814733711,-45494.311698986916
200000.0,45000.0,-75000.0,110.0,321.85229822620727,278.24930721756004,1.903753326380779,6.890842828002292,0.7345228972342905,-104876.28066844709
200000.0,45000.0,-75000.0,110.0,305.28840558576445,468.6800268115644,1.4224603142834658,3.477574685446383,0.6517337134252219,-69529.90071209785
200000.0,45000.0,-75000.0,110.0,301.2358991079186,239.08304325019606,1.0967529619247183,8.813828781090095,0.42924013062195626,-35307.778847743764
200000.0,45000.0,-75000.0,110.0,318.47345969181663,330.2460202641508,1.9888149172263656,11.82127597465756,0.7331364560347999,-109355.45400933613
200000.0,45000.0,-75000.0,110.0,326.88627399953475,52.53837532152406,1.1480804513435188,9.343898666813578,0.40364397894072307,-34756.18211432693
200000.0,45000.0,-75000.0,110.0,351.685337693237,583.3383761515232,0.7885360997463395,14.38603170177787,0.9602467797980752,-56789.193790196725
200000.0,45000.0,-75000.0,110.0,310.33845335030236,510.6115213536777,0.5256606820717564,7.508273486082998,0.7312279501287179,-28828.33372609456
200000.0,45000.0,-75000.0,110.0,331.3952835991027,335.84276612572734,1.11562239292394,1.6686069973523368,0.8442352040681936,-70638.57739148918
200000.0,45000.0,-75000.0,110.0,343.84026563483263,92.35538931287927,1.5766498582691237,6.541802234420037,0.7291332565560845,-86219.08842063416
200000.0,45000.0,-75000.0,110.0,328.3111525222324,35.52962771470357,1.984752949471794,19.103777339941402,0.32968287088759496,-49075.428778836205
200000.0,45000.0,-75000.0,110.0,301.1886009317646,462.8695920346682,0.5670343566274052,5.527927275505525,0.5921500414014956,-25182.70633147413
200000.0,45000.0,-75000.0,110.0,344.66962607986187,383.8145370387242,1.3886022275440677,9.457533042509446,0.9207530427794131,-95891.97946661034
200000.0,45000.0,-75000.0,110.0,372.02768256584454,397.7029587707556,0.7018434973865972,7.418877831929693,0.9744932862802591,-51295.63321670217
200000.0,45000.0,-75000.0,110.0,335.4833245231682,553.2664936451577,1.0960689130786545,1.559770453122293,0.9159309424716096,-75294.25744274734
200000.0,45000.0,-75000.0,110.0,324.5220414954878,296.08034936977515,1.0153551094202835,17.537468777822884,0.7717384186051023,-58769.14098499652
200000.0,45000.0,-75000.0,110.0,314.1882930607714,150.7400814455194,0.9705764378045785,6.549563715727528,0.4986292503170014,-36296.8351168382
200000.0,45000.0,-75000.0,110.0,343.3072317062698,336.90962303317883,1.676593717497234,9.774516105452493,0.9055061448005838,-113862.44351458496
200000.0,45000.0,-75000.0,110.0,318.48641646164833,422.7743322413165,1.1023054406850745,7.721665564322096,0.7787309884368964,-64379.95540380425
200000.0,45000.0,-75000.0,110.0,379.78742187054235,558.8497385354972,1.4208752782588987,10.82627969410966,0.9863518523964424,-105111.22220512314
200000.0,45000.0,-75000.0,110.0,376.87645785581424,190.88695084198207,1.21333649741847,15.326856410548062,0.9567329228565874,-87062.92301878102
200000.0,45000.0,-75000.0,110.0,374.1259706433312,156.3616450768958,1.8687726526449437,5.968563313689761,0.9421896717696284,-132055.3719155698
200000.0,45000.0,-75000.0,110.0,359.3997461840487,170.83363685310638,1.8900652967803626,10.61906170667726,0.9077755031478637,-128681.62318253325
200000.0,45000.0,-75000.0,110.0,345.6648594818654,393.1275347191529,0.8940451718530757,8.526135515219803,0.925656782039448,-62068.42325815675
200000.0,45000.0,-75000.0,110.0,367.85187217615544,262.9183115056089,0.5259302009338997,12.136801210643863,0.9553813079004098,-37684.791242441584
200000.0,45000.0,-75000.0,110.0,355.9774119018713,482.9578902311815,1.2854674025226893,3.0214178101840137,0.9601216032007001,-92565.3767529243
200000.0,45000.0,-75000.0,110.0,310.16046827832787,521.2268249577373,1.9234547023777204,10.620878284538938,0.733299807428727,-105785.17221385965
200000.0,45000.0,-75000.0,110.0,344.3418710617143,127.20010308314217,1.733812407148569,14.183910512445909,0.7913822836334511,-102908.13166209341
200000.0,45000.0,-75000.0,110.0,346.59668676210873,499.80567909013905,1.5069038137641442,13.952182140918238,0.9428912746914465,-106563.4843348107
200000.0,45000.0,-75000.0,110.0,368.73358589404285,465.06695138768777,1.2435040742561996,7.5342594599148605,0.9751438451349937,-90944.6508308416
200000.0,45000.0,-75000.0,110.0,329.49929593753177,259.2619746594144,1.1661677782762825,11.805677156425421,0.7920455023140587,-69274.3457795481
200000.0,45000.0,-75000.0,110.0,360.9090938125605,114.80895052470102,0.9166895072559313,3.679767888674295,0.8757007573835475,-60205.92718421775
200000.0,45000.0,-75000.0,110.0,320.30350080127374,137.7042246909209,0.5914288245287855,18.709679032816243,0.5579796657323258,-24750.39433612756
200000.0,45000.0,-75000.0,110.0,359.37313183777655,310.5476898793327,1.8918062988911089,10.46552543680501,0.9470148601003576,-134367.6508111004
200000.0,45000.0,-75000.0,110.0,338.05215769296,457.3997375218206,1.1570683730077937,6.6127266904713204,0.9105703122440121,-79019.40822730333
200000.0,45000.0,-75000.0,110.0,337.55053997824604,380.3178798257801,1.868043993181887,3.5823665856771596,0.8920905255236086,-124984.82606841373
200000.0,45000.0,-75000.0,110.0,373.158836929225,349.18207582216894,1.5267814807982243,18.289383001689426,0.972265876049303,-111332.81504731032
200000.0,45000.0,-75000.0,110.0,353.5402882401358,518.3174976085969,1.484698047116751,2.379201137596189,0.9587931108630723,-106763.86944655486
200000.0,45000.0,-75000.0,110.0,329.07485076859274,123.78111444479664,0.5313331232686791,3.5541833985292977,0.6403280015300831,-25517.060772702793
200000.0,45000.0,-75000.0,110.0,348.3674989925818,326.4071154100042,1.9037972764523385,17.67074481759243,0.9210936821607518,-131518.17325913213
200000.0,45000.0,-75000.0,110.0,374.5938662144881,371.4283941339202,1.5984045949615977,5.928437734702874,0.975260279160989,-116914.53836208415
200000.0,45000.0,-75000.0,110.0,356.5266394618137,498.2883547355857,0.5400962016020721,5.6632607277538085,0.9621630415653992,-38974.54530535265
200000.0,45000.0,-75000.0,110.0,357.1317360463592,545.1367519344564,1.7664594994529934,15.648874019306017,0.9661531827562301,-128000.2850704865
200000.0,45000.0,-75000.0,110.0,377.7253717428215,379.4153007759471,0.6330132078524144,6.772881656140098,0.9784450496385695,-46452.647968426936
200000.0,45000.0,-75000.0,110.0,301.03709930806565,312.8582458819859,1.3772113147882807,2.7920117491261203,0.4930308319795281,-50925.573025626436
200000.0,45000.0,-75000.0,110.0,317.29980101036534,278.0961944816637,1.2792617474361072,7.528149541486625,0.6847870953341811,-65701.64521491755
200000.0,45000.0,-75000.0,110.0,309.47070105684287,546.3331708492124,1.9045475172536173,16.748709357951224,0.7348903298008292,-104972.51648068959
200000.0,45000.0,-75000.0,110.0,340.67874051480703,582.3340625029457,1.9321737800427214,16.93636231450419,0.9361684305529644,-135663.00714136372
200000.0,45000.0,-75000.0,110.0,345.14160612218944,153.95251992551917,1.6577979989189349,4.042121494381165,0.826436887817551,-102754.90641425463
200000.0,45000.0,-75000.0,110.0,337.33591100734407,470.1225279911461,0.8698727634831563,19.6878944644537,0.9100347065050352,-59371.08037598385
200000.0,45000.0,-75000.0,110.0,350.70922937458687,490.72506261247383,1.5595793543296796,16.281034123473763,0.9511436633890911,-111253.80153173435
200000.0,45000.0,-75000.0,110.0,320.29391945241673,526.4374092816963,1.7565588123440112,10.274732442261708,0.8282799256103325,-109119.18018138537
200000.0,45000.0,-75000.0,110.0,316.9211860782303,599.3227011461536,1.0360682650183226,2.3122884311469165,0.8210259605078442,-63797.920682877295
200000.0,45000.0,-75000.0,110.0,341.74933579154316,463.72085001075726,1.5478861653072826,7.8572492440892665,0.9246698886812792,-107346.27961244828
200000.0,45000.0,-75000.0,110.0,309.88732167788925,121.37165907839787,0.7882825281237655,5.490694531152113,0.38668215388261373,-22861.108938219728
200000.0,45000.0,-75000.0,110.0,301.08478874334924,379.5245429869187,1.8423623702681278,18.951226209418305,0.5419358586011596,-74883.1674739294
200000.0,45000.0,-75000.0,110.0,333.0458530971417,280.54967528780946,1.2911392509290947,3.6822947978117773,0.8307758612536497,-80448.54923917582
200000.0,45000.0,-75000.0,110.0,309.3968920297689,300.5056344719195,1.479860774338907,18.13917888449246,0.6029190765439965,-66917.7218608573
200000.0,45000.0,-75000.0,110.0,308.85163906620966,208.9959343424923,1.469780945622166,17.126377397548396,0.5059015018159521,-55767.3290798043
200000.0,45000.0,-75000.0,110.0,366.2871952678665,489.02420237934007,1.2567970306520972,14.721085328261356,0.9739583744851839,-91805.09947737918
200000.0,45000.0,-75000.0,110.0,311.3558466784098,186.93903975284357,1.1990905453340164,16.213592578017433,0.5132531799271874,-46157.77765599819
200000.0,45000.0,-75000.0,110.0,362.07153068957115,369.61051095067194,1.9070588193550229,5.816594444747132,0.9596764687058804,-137261.96050297754
200000.0,45000.0,-75000.0,110.0,356.6505089647586,507.59330125552117,0.8170782916973203,2.243328695982271,0.9630191059172497,-59014.65044510603
200000.0,45000.0,-75000.0,110.0,355.6495726592392,542.7698945385604,1.877787359258993,2.5175488297573474,0.9638746135689893,-135746.36739528712
200000.0,45000.0,-75000.0,110.0,350.0107380492299,297.4185944298482,1.4159794466351672,9.014105611817719,0.9196232180415055,-97662.5681546447
200000.0,45000.0,-75000.0,110.0,318.5008565828229,293.0353140330334,1.7305934124405484,4.175204145572563,0.7094081924670267,-92077.28584610947
200000.0,45000.0,-75000.0,110.0,334.31671368924736,455.1371880262411,1.6309982605072146,15.107203715639875,0.8944253017686042,-109410.45835036755
200000.0,45000.0,-75000.0,110.0,334.1927895598648,360.45385581736383,1.3494250478798016,19.78929073242619,0.8696110605463508,-88010.62102609234
200000.0,45000.0,-75000.0,110.0,335.82616943584736,468.9359204783966,0.6031639896961298,9.382241337812431,0.9037322304624389,-40882.40533070302
200000.0,45000.0,-75000.0,110.0,332.9124808848039,127.91800216105976,1.8953763601200102,10.907675060493254,0.6898169768017269,-98059.7092979585
200000.0,45000.0,-75000.0,110.0,324.5505274648064,246.00720007329497,1.2582651567725753,4.275992438828215,0.7377578265666294,-69622.12254787907
200000.0,45000.0,-75000.0,110.0,379.31293340758896,81.89270515793814,1.3880984244729544,11.869228118836334,0.9123051328064321,-94977.69881153983
200000.0,45000.0,-75000.0,110.0,343.0533807334481,438.51178432626665,1.1795106871347265,18.91896471887159,0.924969414373852,-81825.84821450309
200000.0,45000.0,-75000.0,110.0,323.8211615384798,123.0612866226325,0.9574024355419921,2.5336842213782917,0.5754459298731373,-41320.0001087451
200000.0,45000.0,-75000.0,110.0,365.871363912122,72.72230205161706,1.5897416656412215,16.063568498395725,0.8454189637645378,-100799.83137147839
200000.0,45000.0,-75000.0,110.0,346.18335761789075,539.6841906139725,0.829939095777098,19.916444724412113,0.9459414820626904,-58880.53637108679
200000.0,45000.0,-75000.0,110.0,378.05242025613916,343.87259608433465,1.4082752428485166,10.278540327292005,0.9765554873443361,-103144.41870711722
200000.0,45000.0,-75000.0,110.0,360.3793372295503,120.47338163062335,1.696342305368949,2.7236523540416084,0.8785154443947775,-111769.71856851477
200000.0,45000.0,-75000.0,110.0,316.4202727048133,141.11401869407922,1.4750208105892222,12.509645693019502,0.5125087751273439,-56697.083169181824
200000.0,45000.0,-75000.0,110.0,377.6634257699231,576.4606735313745,1.6215377193895373,17.934190854684072,0.9856744927305535,-119873.12767520557
200000.0,45000.0,-75000.0,110.0,331.56085054942946,181.4035500719838,1.707684973235243,4.484585221323986,0.7469329215205202,-95664.45945714685
200000.0,45000.0,-75000.0,110.0,373.79086601918056,252.01595488590064,0.5400116203492096,12.613016524009163,0.9628663160061925,-38996.92496146336
200000.0,45000.0,-75000.0,110.0,341.7253047121477,446.0955215789076,1.0668603031127393,19.69455065637376,0.9218457481853327,-73761.04757491456
200000.0,45000.0,-75000.0,110.0,377.33417662869505,401.28848316759814,0.9766267372614148,12.351938868821291,0.9792969239251005,-71730.56697173331
200000.0,45000.0,-75000.0,110.0,351.0747661728737,380.1014653783648,0.6206591043396392,7.593214544474442,0.9387395813278835,-43697.795081634904
200000.0,45000.0,-75000.0,110.0,300.2746303066461,167.288925193212,1.8377139852802236,4.252027924453448,0.3319095615964013,-45746.613239545084
200000.0,45000.0,-75000.0,110.0,324.02010438905376,498.8152459251419,1.9447993265339663,11.759914990329326,0.8473442541652098,-123593.59011321944
200000.0,45000.0,-75000.0,110.0,374.6712706917449,375.3638860801525,0.8645348759514326,16.01448491545929,0.9755845146385729,-63257.012800739794
200000.0,45000.0,-75000.0,110.0,311.7704455898589,239.25286997559223,1.2128155759058323,14.656599093948392,0.5800262073985596,-52759.86140749198
200000.0,45000.0,-75000.0,110.0,356.7720268475849,252.9265612331526,0.6493144385582242,11.460276466453161,0.9287906685671233,-45230.78936240845
200000.0,45000.0,-75000.0,110.0,331.8356493149672,406.3082597644171,1.3988371448344488,8.823099546594662,0.8701434156354975,-91289.16983430406
200000.0,45000.0,-75000.0,110.0,332.07302045905465,229.04575765397232,1.3097451506277018,3.4493550998935314,0.7926044410141317,-77858.23672381796
200000.0,45000.0,-75000.0,110.0,302.69043082036234,116.20713369497518,1.5731083167364386,10.393250048656906,0.2849482865721907,-33619.08895848834
200000.0,45000.0,-75000.0,110.0,338.39452199347386,185.2763879713898,0.7750252220487874,15.73251957826637,0.807385154733534,-46930.789411968886
200000.0,45000.0,-75000.0,110.0,349.39793278688575,557.4096573153096,0.7542287411278892,16.616016215066523,0.9542736813253485,-53980.547801812056
200000.0,45000.0,-75000.0,110.0,353.0857531987418,599.0958706089503,0.8430450622170983,3.0048909638480317,0.9634625248795129,-60918.17431731687
200000.0,45000.0,-75000.0,110.0,359.14302985829585,55.88087962957196,1.8574593068659255,2.231475368524364,0.7610670466064516,-106023.83016510875
200000.0,45000.0,-75000.0,110.0,311.3308941458704,109.46359284196481,0.9248657275575136,18.976642491355896,0.38141214229848885,-26456.626386462136
200000.0,45000.0,-75000.0,110.0,351.2830740437261,401.05150418991207,1.0761888935674275,14.118645057926955,0.9422527602041386,-76053.14665987098
200000.0,45000.0,-75000.0,110.0,308.5192945079814,451.7556716948534,0.8891369363910699,2.891509836074413,0.6847214685566686,-45660.836162525295
200000.0,45000.0,-75000.0,110.0,323.2930162997185,171.05141853689366,1.0604871302140457,15.866634597251018,0.6470465005601591,-51463.8364870563
200000.0,45000.0,-75000.0,110.0,322.6719768599668,388.1527545765946,1.6191402393826528,10.707965792445384,0.8011175490991208,-97284.1245166496
200000.0,45000.0,-75000.0,110.0,372.4925278079243,475.5853321166158,1.871312130068529,9.590265750993616,0.9789580921178891,-137395.21144567127
200000.0,45000.0,-75000.0,110.0,377.6305027187403,511.70146141293054,1.2863926621887682,13.01477282782684,0.9838708947460715,-94923.32246568332
200000.0,45000.0,-75000.0,110.0,350.8447256033477,471.8079893294092,1.3906882205550541,11.372040585926287,0.9495703061061304,-99041.71794679893
200000.0,45000.0,-75000.0,110.0,328.51079350953023,455.38370334928334,1.9299711335005445,4.48598833737004,0.8642647128420633,-125100.44606162397
200000.0,45000.0,-75000.0,110.0,339.3473646956384,537.6709855315016,1.810853482485071,5.030976802182694,0.9271300632996642,-125917.2527882101
200000.0,45000.0,-75000.0,110.0,305.98557049378763,309.5045624307924,1.834734339917803,16.89552948209502,0.5626972884560293,-77430.00285816829
200000.0,45000.0,-75000.0,110.0,305.338769677437,535.5664208852345,1.8816515183853149,9.936758486157807,0.682004207410186,-96247.06893139122
200000.0,45000.0,-75000.0,110.0,373.28534857485687,439.4813046907443,1.6491172385077464,16.227470366337037,0.9779443350221264,-120955.86458894875
200000.0,45000.0,-75000.0,110.0,377.85942536337507,512.101355634707,1.033730896766151,3.2557240285303695,0.9840204034683232,-76290.92205851246
200000.0,45000.0,-75000.0,110.0,329.1476258802474,384.9419225654555,1.4494645864666331,7.969327493076185,0.8474839877183657,-92129.85208464706
200000.0,45000.0,-75000.0,110.0,325.8003211845425,451.3461622132863,1.8594922255083102,15.349062249715056,0.8462120821100949,-118014.35908611909
200000.0,45000.0,-75000.0,110.0,334.4227448370733,479.3710656434281,0.9441156231402048,19.6286332048434,0.8996888255746,-63705.77071422319
200000.0,45000.0,-75000.0,110.0,330.3796770833428,285.00035089948983,1.3256795963992822,9.406337130997787,0.8139258219331191,-80925.36413394386
200000.0,45000.0,-75000.0,110.0,322.1486020886682,45.950727680363784,1.0372462220389431,7.854548157929718,0.3169579089693144,-24657.25452178385
200000.0,45000.0,-75000.0,110.0,331.1468950887236,315.8206702527633,0.5479467338402202,2.6806414989008127,0.8342931494051945,-34286.11547113854
200000.0,45000.0,-75000.0,110.0,349.0346588669435,189.0306213655317,1.3475555197875915,4.23849927325805,0.8744358311787999,-88376.31232537815
200000.0,45000.0,-75000.0,110.0,305.11030234076117,56.62056050063098,1.7030747898394119,9.524242341409222,0.18283922695801716,-23354.165851944417
200000.0,45000.0,-75000.0,110.0,343.8203272746897,429.7093201826487,0.6762785429450061,3.7403914176900876,0.9259981120302547,-46967.44904802354
200000.0,45000.0,-75000.0,110.0,333.71400688919334,112.06282082906642,1.731505835311709,15.592119576021858,0.6695130458214339,-86944.93092428464
200000.0,45000.0,-75000.0,110.0,330.57804659969725,87.33057003756934,1.4979681537723053,9.708430827083422,0.5751182613152599,-64613.16300773685
200000.0,45000.0,-75000.0,110.0,315.1928439075391,404.7811475820247,0.9664825830813715,14.845491046343833,0.7383115101844147,-53517.3911611306
200000.0,45000.0,-75000.0,110.0,346.263799696775,164.25717119583473,0.8460517046078728,15.535041891084292,0.842400027017054,-53453.548411462245
200000.0,45000.0,-75000.0,110.0,361.8119094693268,279.0829570844188,1.2535187610228105,15.718246767521794,0.946747800167972,-89007.45971007206
200000.0,45000.0,-75000.0,110.0,313.82056941741024,31.32237344062694,0.5875769116801601,16.721371235656118,0.16841623720208534,-7421.811939899595
200000.0,45000.0,-75000.0,110.0,345.3487712134771,163.5116984238703,0.6161580717027819,14.70449688356748,0.8362011209397751,-38642.40526754674
200000.0,45000.0,-75000.0,110.0,302.67846793927436,173.37322250588986,1.3825636209407253,4.723667987344916,0.3726928903504714,-38645.372398635925
200000.0,45000.0,-75000.0,110.0,333.8617276594479,426.61424108468356,1.3193949643510479,1.9785195019351154,0.8859456361029082,-87668.41582222223
200000.0,45000.0,-75000.0,110.0,336.2881541005057,141.24406351874444,0.5456369351728585,19.855333754000576,0.7429893316348875,-30405.181633454293
200000.0,45000.0,-75000.0,110.0,352.7717896096744,465.6163884916707,1.2176301758067911,7.015109044753072,0.9528665834972921,-87017.93291881682
200000.0,45000.0,-75000.0,110.0,339.63567797361884,125.57197274423413,1.4945930620976435,3.8379752630633073,0.7507450168606361,-84154.37202032139
200000.0,45000.0,-75000.0,110.0,367.57690074021326,287.8453943061214,1.5241971309477078,8.252458638700706,0.9586530588223704,-109588.21813734759
200000.0,45000.0,-75000.0,110.0,374.6228430860038,246.97157427123324,1.8768058295992947,13.037284576839383,0.9632908407353533,-135593.23991187874
200000.0,45000.0,-75000.0,110.0,332.5091259237908,536.1900850382226,1.4914759086155005,9.908985504244173,0.9013789326142368,-100828.87218957666
200000.0,45000.0,-75000.0,110.0,374.63950218840114,270.33613064096625,1.3541600569694219,3.2413315323282377,0.9663776739820016,-98147.25345400834
200000.0,45000.0,-75000.0,110.0,327.23503628496735,30.85628181940268,1.1656025986472585,18.875395744048248,0.2880526043874218,-25181.614816581714
200000.0,45000.0,-75000.0,110.0,342.1364824252324,413.8803164204805,0.7765073552478521,13.633328680673173,0.9177206065818909,-53446.2600805019
200000.0,45000.0,-75000.0,110.0,308.2569165797285,71.47859526866179,0.8568163616571736,17.484325131689786,0.25291597305006086,-16252.690787530268
200000.0,45000.0,-75000.0,110.0,337.49339465750484,421.90830039244355,1.8861941270114555,15.308379313604634,0.9014411068599715,-127521.9691204488
200000.0,45000.0,-75000.0,110.0,368.41931027563805,563.6752886570741,1.8251460126343533,18.109609765836044,0.979148450838861,-134031.66681192385
200000.0,45000.0,-75000.0,110.0,304.7562151783771,314.29314245984955,1.8078044371729574,12.520179833426166,0.5488719909662536,-74418.99155315616
200000.0,45000.0,-75000.0,110.0,330.10798777237835,238.67929920162857,0.5504269566157367,11.56953187531346,0.7832777253202596,-32335.288089969563
200000.0,45000.0,-75000.0,110.0,303.31540938399826,287.86724267936887,0.6222962871403945,11.078935775567068,0.5059803834646983,-23615.22854969661
200000.0,45000.0,-75000.0,110.0,352.12516363395775,395.79811980675146,0.9882573008786391,4.903194309807163,0.94352686523648,-69933.54848588153
200000.0,45000.0,-75000.0,110.0,319.0326151759794,322.1797612002942,0.8078077192896622,5.556514024970339,0.7341250214010233,-44477.38944085763
200000.0,45000.0,-75000.0,110.0,363.3681800376065,186.52531324742898,1.4575579294367942,7.179637655961109,0.9268393113573983,-101319.14906870353
200000.0,45000.0,-75000.0,110.0,354.86957615036465,344.09208892077254,1.0812692059432782,3.1036075576062636,0.9423908458868412,-76423.36512152092
200000.0,45000.0,-75000.0,110.0,368.0195656417269,570.4374160478882,0.9141663680071893,6.01265741026921,0.9790659578973833,-67127.18780778979
200000.0,45000.0,-75000.0,110.0,322.2203839514206,145.54910325136063,1.2676103059356512,13.62737174883773,0.5960176816184746,-56663.861680458904
200000.0,45000.0,-75000.0,110.0,348.6994014941738,561.6362868821866,1.801367567122112,13.8903095946871,0.9532381912735316,-128784.92711267131
200000.0,45000.0,-75000.0,110.0,330.51683818164895,70.38193634211831,1.92903680691321,7.2982634145761365,0.5209798684415201,-75374.20064133707
200000.0,45000.0,-75000.0,110.0,333.33593981329835,114.5977107731425,0.6695511023374334,16.724746071777357,0.6703914472149738,-33664.599936027975
200000.0,45000.0,-75000.0,110.0,314.60189382884,586.5291254256341,0.5633495885877727,1.2611071366137983,0.7983205114314441,-33730.01487570633
200000.0,45000.0,-75000.0,110.0,339.2615480513763,72.65585919168959,1.0161200219863824,6.4458012073250455,0.6313168713207371,-48112.02848751012
200000.0,45000.0,-75000.0,110.0,348.1407400490614,215.22400255617603,1.4399143303834012,12.045142372637821,0.8839843771098197,-95464.63293266055
200000.0,45000.0,-75000.0,110.0,318.5461017995832,473.4729837117504,1.3476996378342159,2.4157475284395065,0.7981427994030287,-80674.25712715866
200000.0,45000.0,-75000.0,110.0,366.6829605823897,159.233358275487,1.982684692024573,11.579055032928157,0.9252268387005212,-137582.48173063592
200000.0,45000.0,-75000.0,110.0,345.0892186293506,510.1003735179624,1.7185625134143603,11.857611012902966,0.9402605748400139,-121192.2432571114
200000.0,45000.0,-75000.0,110.0,348.606935463254,72.40220326888681,1.133361376646354,7.538686326166414,0.7235346825431304,-61501.969789384864
200000.0,45000.0,-75000.0,110.0,322.65588587638484,526.5959175490093,1.6522216697612777,2.993284056415489,0.8452068574667693,-104735.18140030708
200000.0,45000.0,-75000.0,110.0,360.49029101249045,529.4543957667452,1.6933897387015397,16.68115241690831,0.9696308223984983,-123147.2163733764
200000.0,45000.0,-75000.0,110.0,348.44461218385567,234.45303919471647,1.7140936646161857,3.3572595869527935,0.893770650045412,-114900.4956647048
200000.0,45000.0,-75000.0,110.0,307.8093240981901,439.62460712306734,1.8057782924255206,2.0486843808528485,0.6699304392024056,-90730.93834100993
200000.0,45000.0,-75000.0,110.0,329.22689876389336,319.6934382095131,0.7924909725880954,14.09850812455835,0.8224786909554805,-48885.520329621926
200000.0,45000.0,-75000.0,110.0,372.2918741408827,297.19978583465576,0.8528946237782469,8.90706953330256,0.9664955839644259,-61823.916560150705
200000.0,45000.0,-75000.0,110.0,333.1292267161742,432.6017199322519,1.5268049321945831,2.881599302236678,0.8837334404194722,-101196.64316833035
200000.0,45000.0,-75000.0,110.0,305.64440801746,531.342473029852,1.9311790250491518,17.054431231143013,0.6841274838077284,-99087.94853918537
200000.0,45000.0,-75000.0,110.0,354.00349225879245,425.2112453571813,1.8983246322854428,10.861930828946548,0.9511584909164607,-135420.56943856252
200000.0,45000.0,-75000.0,110.0,328.1847992382304,310.00541085130135,0.7817032721011967,17.936309812223243,0.8100378060059037,-47490.6902610367
200000.0,45000.0,-75000.0,110.0,311.4599300031476,504.01143723323503,1.0836274147895977,6.483214031944659,0.7408998580665633,-60214.45483609874
200000.0,45000.0,-75000.0,110.0,329.5189138523649,149.0634199032911,1.1346494715914783,19.919930837811822,0.6867159215735047,-58438.63931601241
200000.0,45000.0,-75000.0,110.0,314.5991230296041,208.63963083029105,0.9844584867759559,12.00837411421104,0.5846920656048838,-43170.37996014689
200000.0,45000.0,-75000.0,110.0,333.86912868875373,357.37304941827426,0.7365139506258289,19.694557974852657,0.8668326999955002,-47882.57823040048
200000.0,45000.0,-75000.0,110.0,359.56251150564975,477.173173827461,0.9893716330027011,4.338255261669756,0.9651347765793715,-71615.77274790224
200000.0,45000.0,-75000.0,110.0,331.9994161365216,129.9191961992117,0.9481954484264954,14.124605271227281,0.6835368438746081,-48609.489314528655
200000.0,45000.0,-75000.0,110.0,340.36510887578663,533.3646050893822,1.90002930703444,2.0194080513779133,0.9297639350222437,-132493.4043874446
200000.0,45000.0,-75000.0,110.0,308.6872871070256,235.98933273167492,1.5666521257055277,14.113124243928949,0.5338850625675478,-62730.9126115408
200000.0,45000.0,-75000.0,110.0,356.53406607330976,503.43426314667704,1.145130412689666,16.509067752577522,0.9625467083885049,-82668.11320575062
200000.0,45000.0,-75000.0,110.0,311.8951915281713,235.7813648104078,0.5660479023966205,8.411715615025567,0.5781560889512599,-24544.8031056521
200000.0,45000.0,-75000.0,110.0,333.2045634221592,248.86344415615412,1.169190700836113,14.172536770288666,0.8144260809932412,-71416.45503117726
200000.0,45000.0,-75000.0,110.0,350.78852627636655,295.3920304983604,0.6433670793214692,14.130280536527415,0.9216290238150552,-44470.93299523416
200000.0,45000.0,-75000.0,110.0,322.0068085857335,191.38724831511675,1.6583682671591868,6.80258438735197,0.6573581518241006,-81760.64243576246
200000.0,45000.0,-75000.0,110.0,318.0361789803141,306.45805219331385,1.330339450659344,13.31107339534572,0.713505302256811,-71190.31888851413
200000.0,45000.0,-75000.0,110.0,348.63054668045424,201.66005324687205,0.7362844202268359,7.610828032118307,0.8794742933718094,-48565.74151497517
200000.0,45000.0,-75000.0,110.0,347.46878584072505,136.28726543492002,0.8217081151463237,13.857153222509034,0.8240069355206199,-50781.98893906101
200000.0,45000.0,-75000.0,110.0,378.13961740040975,525.8479846495195,1.7129391518666341,10.966285658234515,0.9845934711262588,-126491.15290233295
200000.0,45000.0,-75000.0,110.0,316.74215085512424,446.74805934801316,1.260707655404865,19.974835009454523,0.7720380505150158,-72998.57104110964
200000.0,45000.0,-75000.0,110.0,366.2942174925188,543.131701563543,0.9115661087922853,7.726241810518402,0.9764981902014503,-66760.69916134837
200000.0,45000.0,-75000.0,110.0,362.8159262940305,150.24094943790618,0.5113302371093658,5.790865095462277,0.9088871759414828,-34855.61213848652
200000.0,45000.0,-75000.0,110.0,343.7219756474558,520.1106759637628,0.5181670557496092,17.28073367620182,0.9378016358301086,-36445.34343864409
200000.0,45000.0,-75000.0,110.0,308.85505502556913,522.9715090152632,0.5552117941250392,15.927128914384166,0.7193042568019444,-29952.46552055891
200000.0,45000.0,-75000.0,110.0,304.48994231408517,321.4761890170671,1.8145948420218647,3.7319083757406855,0.5506210508038055,-74936.55890229334
200000.0,45000.0,-75000.0,110.0,345.8020856207754,122.41600593089626,1.6182930598236842,4.250770702305791,0.7959734846635692,-96608.87745260457
200000.0,45000.0,-75000.0,110.0,305.9487465510452,403.6213435481466,1.2851078850628312,7.699610890651008,0.6260929132779878,-60344.77047266261
200000.0,45000.0,-75000.0,110.0,335.0508599048626,438.52636247434515,0.8241826889196577,7.64992337544763,0.8942642436082628,-55277.783167632144
200000.0,45000.0,-75000.0,110.0,337.3452268032086,204.40920165348672,0.684413986816142,5.979891383687536,0.8148190138793342,-41825.514736706435
200000.0,45000.0,-75000.0,110.0,312.525842511669,535.708559189326,1.2272024343205112,8.307137287294735,0.763309877524379,-70255.18048791068
200000.0,45000.0,-75000.0,110.0,340.56503830390506,521.0337484103418,0.9251340849569617,5.52710893627125,0.9288405387804389,-64447.65314366795
200000.0,45000.0,-75000.0,110.0,331.229960772546,191.42712881300943,1.057022752004884,14.745307056132518,0.7539509094115159,-59770.74488570591
200000.0,45000.0,-75000.0,110.0,314.9793763060799,380.04831474794435,1.2252686412260432,15.293388158446964,0.7236270506681706,-66497.81498449488
200000.0,45000.0,-75000.0,110.0,339.06634187443126,301.1453388235876,1.978637377112071,2.234371970648661,0.8755059888889322,-129923.165512583
200000.0,45000.0,-75000.0,110.0,324.8112459419281,460.78886777636956,0.6875659566393129,14.673844008600316,0.8422828542837856,-43434.376234989155
200000.0,45000.0,-75000.0,110.0,328.45609171451247,318.14904218305037,1.4543896655346682,17.5984733163282,0.8160494777695962,-89014.04452747978
200000.0,45000.0,-75000.0,110.0,304.6750080087023,113.77088486653544,1.601660055761768,10.557517216962827,0.3047543613268364,-36608.466551728714
200000.0,45000.0,-75000.0,110.0,345.01902968044607,484.54131488556914,0.6149738787726898,19.73708583976206,0.9371191787890631,-43222.786218914094
200000.0,45000.0,-75000.0,110.0,375.7113978552356,493.89800348115676,1.727099331330359,19.213395595969576,0.9820534059350908,-127207.7835540898
200000.0,45000.0,-75000.0,110.0,323.5262789575416,332.74124629978525,0.6157529404943582,4.732108060035388,0.7830540960840178,-36162.589667241424
200000.0,45000.0,-75000.0,110.0,352.1379438327907,59.27264312221894,0.7898382304258413,19.535429628768973,0.7145653311882734,-42329.32625320508
200000.0,45000.0,-75000.0,110.0,333.81349511266785,230.5730962463117,1.9482661494911986,6.874640953767376,0.8072634224333516,-117957.29997369846
200000.0,45000.0,-75000.0,110.0,344.57345745936004,184.7132629988099,1.2247939086762785,10.29721779890118,0.8477272058660265,-77871.83384729031
200000.0,45000.0,-75000.0,110.0,331.32082262014603,333.86454478584847,0.546900690928784,6.239963500655873,0.842971476376935,-34576.62621478522
200000.0,45000.0,-75000.0,110.0,354.9102842757023,444.96938378800536,0.5402664133137394,9.611236849545257,0.9549370148746658,-38694.02969751485
200000.0,45000.0,-75000.0,110.0,362.95828022941856,246.67668900859528,1.9737355568641926,9.670039700156005,0.9427736400667781,-139558.9391605563
200000.0,45000.0,-75000.0,110.0,373.2408067835151,174.9136979460471,0.7435214306596977,16.546423244447887,0.9462849446892831,-52768.735191533146
200000.0,45000.0,-75000.0,110.0,354.4699893507953,60.78370866308245,0.6686248340795659,1.954133706799398,0.7396128972187035,-37089.2663014472
200000.0,45000.0,-75000.0,110.0,340.9788520766911,299.1189412266434,0.7734964405828066,3.4836980006663447,0.8842521290732425,-51297.44058119412
200000.0,45000.0,-75000.0,110.0,371.79581099360064,63.91450835869497,1.9362341851346996,13.866371403574805,0.8588466524175913,-124719.61861495796
200000.0,45000.0,-75000.0,110.0,323.76534842631395,515.3085210941526,1.8787695796987656,6.958284186851637,0.8498350348732181,-119748.31584615314
200000.0,45000.0,-75000.0,110.0,377.33455841278305,164.6515197650982,1.8310840120058698,8.082037803575215,0.9510011187208948,-130602.22079171448
200000.0,45000.0,-75000.0,110.0,374.21283233601247,58.89342516860063,1.4458783976216987,10.764366117947171,0.8603205810031114,-93293.92073263106
200000.0,45000.0,-75000.0,110.0,300.1440356533824,247.14506035265083,0.503564916326837,2.3814904290999035,0.4213702442465508,-15914.04538399749
200000.0,45000.0,-75000.0,110.0,370.38650739803023,100.21060269793688,1.5501429877369297,9.590865187112529,0.9002566125819587,-104664.48563682937
200000.0,45000.0,-75000.0,110.0,343.9980410634915,275.87349516077626,1.0861455124226513,15.113190934998801,0.8900985120959414,-72508.23783953143
200000.0,45000.0,-75000.0,110.0,306.8949527426351,558.0979427265097,1.5989081103015854,16.171192253427712,0.7097341241593857,-85109.97354571757
200000.0,45000.0,-75000.0,110.0,367.8679811781932,542.3059296559225,1.2634158366009485,18.334111062985677,0.9778731659701291,-92659.53330553266
200000.0,45000.0,-75000.0,110.0,313.0561193200405,193.29049281428144,1.7994737442063067,17.8922376365366,0.5450901561809629,-73565.65682047184
200000.0,45000.0,-75000.0,110.0,326.2812391234849,310.4773975927629,1.319122655095407,4.288556902015502,0.7950369240467342,-78656.34136105601
200000.0,45000.0,-75000.0,110.0,361.4211237481828,348.8953441451687,1.494201450183765,7.643764335711614,0.9562731614656681,-107164.85584753612
200000.0,45000.0,-75000.0,110.0,308.7067617528608,240.51315397449036,1.321611007663552,5.99968245376938,0.5388819975881303,-53414.428488314756
200000.0,45000.0,-75000.0,110.0,378.141327085296,526.3220413664421,1.8635354796677366,16.6196084536152,0.9846081149421068,-137613.91168225385
200000.0,45000.0,-75000.0,110.0,315.5522873740762,536.5436297111908,1.0119040136671473,3.177642995718527,0.7922551890764651,-60126.46542563248
200000.0,45000.0,-75000.0,110.0,337.3562527065997,124.04157983957676,1.546982788374911,15.748618165056582,0.7276336609575997,-84422.75623077241
200000.0,45000.0,-75000.0,110.0,368.9506723208078,373.6791884103193,1.229335647329208,9.23964503549087,0.9695082457277074,-89388.8285139507
200000.0,45000.0,-75000.0,110.0,358.08415875080357,384.9081963710416,0.9835178162619851,7.184115254909924,0.9545121946331122,-70408.4811945745
200000.0,45000.0,-75000.0,110.0,341.4629312651592,490.7818280271456,1.8886840944460626,9.285184626269821,0.9276399767843282,-131401.41521436564
200000.0,45000.0,-75000.0,110.0,327.3930069600261,431.6599368971119,0.795218264331857,13.96439132237513,0.8508670494183563,-50746.87636617254
200000.0,45000.0,-75000.0,110.0,357.59257202832845,442.25590200482344,0.8167204651348675,11.845989927810583,0.9593735331994978,-58765.49987045813
200000.0,45000.0,-75000.0,110.0,379.8431648108102,359.8844051318459,0.6854001698587981,9.083737986339472,0.9790080951967763,-50325.92360557567
200000.0,45000.0,-75000.0,110.0,354.46434944825137,375.1390570663677,0.8723437162181049,19.558772100575073,0.9460220157348751,-61894.22706227277
200000.0,45000.0,-75000.0,110.0,305.0933994629909,492.6065516276529,1.710076841417127,2.4932124843407744,0.6604111901008678,-84701.54115031633
200000.0,45000.0,-75000.0,110.0,309.30521767463324,436.72764818364095,1.6106388030320502,11.90349866571309,0.6870365696593288,-82992.58186465103
200000.0,45000.0,-75000.0,110.0,350.3831179022674,436.6681475243885,1.630888255643836,12.644848017987579,0.9446797230718662,-115550.02992770834
200000.0,45000.0,-75000.0,110.0,347.8224434136487,397.88394371358163,1.7774250027279581,4.445680001488988,0.9328282448810216,-124352.41842767746
200000.0,45000.0,-75000.0,110.0,325.9526892898057,433.4494460865496,1.7505263745965527,2.467349111985903,0.8419091148552508,-110533.8082925516
200000.0,45000.0,-75000.0,110.0,314.6982260864108,40.8276238599082,0.5083918384205672,7.607614718715102,0.216909755912643,-8270.636218483882
200000.0,45000.0,-75000.0,110.0,347.1820955724638,412.69196059688625,0.7748677321387124,6.9209175099394145,0.9333178121993845,-54239.839237770124
200000.0,45000.0,-75000.0,110.0,315.0099758277298,576.5517836472134,0.8270055323933703,14.852167853999443,0.7991452801994048,-49567.31759332183
200000.0,45000.0,-75000.0,110.0,374.66178967059045,237.34578012581287,1.678063324451115,3.046896171416506,0.9619139086761433,-121061.43385716414
200000.0,45000.0,-75000.0,110.0,316.7850912305105,261.2009194709469,1.0837423838626827,10.829541969706536,0.6649576768813467,-54048.21134333866
200000.0,45000.0,-75000.0,110.0,324.10620519825096,140.84030114093673,0.7225717648539003,18.971352401909336,0.6115304995114841,-33140.60042205002
200000.0,45000.0,-75000.0,110.0,366.7212352691907,94.06621616721598,1.2613236077025152,5.2691340501669615,0.879822322599927,-83230.54995592094
200000.0,45000.0,-75000.0,110.0,329.8119627060138,478.8196604366892,0.9338896509796072,11.946444630194591,0.8772193048296257,-61441.95228149346
200000.0,45000.0,-75000.0,110.0,330.5094679669929,279.9018736532879,0.8073567502678375,17.06825063145586,0.8121598803001261,-49177.70712427692
200000.0,45000.0,-75000.0,110.0,347.68129310083594,229.35907431318182,0.6774418872102903,1.0094753067586857,0.8883284091671712,-45134.31554765425
200000.0,45000.0,-75000.0,110.0,324.5977633627277,584.3130961241376,1.6213965206888963,1.22628052301679,0.870100794115811,-105808.38001710163
200000.0,45000.0,-75000.0,110.0,305.04564740774555,124.21314964426043,1.4152210452594298,3.0244976928176417,0.32841517851667346,-34858.50541645716
200000.0,45000.0,-75000.0,110.0,379.23008463345207,193.55670167243747,1.161799907518876,17.048641570013682,0.9608024416777858,-83719.51409138714
200000.0,45000.0,-75000.0,110.0,315.47674224064616,374.0612578319333,0.8717472111099887,11.37227773690586,0.7258638047324012,-47457.73105658671
200000.0,45000.0,-75000.0,110.0,375.60139484778995,299.90030272525536,0.8412661506656716,3.8646094695056163,0.970663496346103,-61243.97573720762
200000.0,45000.0,-75000.0,110.0,307.5810727719679,48.73308685177581,0.8056351436577166,1.533355957206306,0.18171941797707994,-10979.966205552108
200000.0,45000.0,-75000.0,110.0,379.5631598102403,372.42610907350735,1.7674181438610561,7.785155262542077,0.9794905520362884,-129837.70300570635
200000.0,45000.0,-75000.0,110.0,320.60607781930986,229.57067226228574,1.2959503770958056,18.930777807503972,0.6813575170597617,-66225.4148377995
200000.0,45000.0,-75000.0,110.0,344.9659781542144,280.1783726829104,1.356573817927743,6.90619701918737,0.8957977020703533,-91141.17815913584
200000.0,45000.0,-75000.0,110.0,376.9812871396955,168.33174871202505,1.6959506187938131,7.783199533185149,0.9514032453391139,-121014.96919914843
200000.0,45000.0,-75000.0,110.0,326.4217157408134,587.6875607688374,0.912991688125171,14.488757342343053,0.8808791609109241,-60317.65141157615
200000.0,45000.0,-75000.0,110.0,350.9324007065439,223.25332836709077,0.726109211725218,3.941508894128048,0.899440081913491,-48981.87966542029
200000.0,45000.0,-75000.0,110.0,374.2138767680539,99.98000103270623,1.5594096581519046,15.096060279795115,0.9127142986169333,-106747.16192974405
200000.0,45000.0,-75000.0,110.0,344.2220036232799,167.31275399078731,0.7210716182224093,4.203510074040569,0.8322848051560676,-45010.271345685615
200000.0,45000.0,-75000.0,110.0,341.22644257008665,76.57705272617062,1.168739356636431,11.691888302977024,0.6642522460110049,-58225.330698540456
200000.0,45000.0,-75000.0,110.0,312.17752469891036,251.31979098607414,1.6330578939075238,12.95593226983667,0.5974195060197275,-73171.5480209887
200000.0,45000.0,-75000.0,110.0,338.29536981181826,480.0797099199757,1.6845276309966193,4.078898664682573,0.9153300322321999,-115642.40480821252
200000.0,45000.0,-75000.0,110.0,369.95795089202346,312.20775013425197,0.9288493993721254,8.959871072340192,0.9650933009257857,-67231.97496772335
200000.0,45000.0,-75000.0,110.0,338.4772110403447,278.66490542147073,1.6851072609498003,19.554833088331968,0.8635598372117385,-109139.3213962596
200000.0,45000.0,-75000.0,110.0,360.7810329611882,564.7001784960905,0.9443041102076903,19.10550476576146,0.9718056643326392,-68826.00623643196
200000.0,45000.0,-75000.0,110.0,360.71105387830795,429.2089743882287,1.3241245724174142,1.8477335655357123,0.9631293983719418,-95647.74771014166
200000.0,45000.0,-75000.0,110.0,311.3082568719314,426.2345806855749,1.9366500010397707,17.067288919282095,0.7056967570774652,-102501.57189958768
200000.0,45000.0,-75000.0,110.0,323.10556558778353,399.2785793178364,1.551114012614442,16.933249315018635,0.8090832131589346,-94123.52319764557
200000.0,45000.0,-75000.0,110.0,321.57308331299663,352.86873663145144,1.714255399340253,4.863077182637404,0.7756805226991468,-99728.58931500616
200000.0,45000.0,-75000.0,110.0,353.47049149392075,129.25073996504688,1.5222409242861588,15.909534999151507,0.8526091161927057,-97340.7366815992
200000.0,45000.0,-75000.0,110.0,343.1813702718091,110.13007365354588,1.9116154740960614,14.030981099835792,0.7569489955664185,-108524.65597696774
200000.0,45000.0,-75000.0,110.0,312.45620855608263,537.6059501438665,0.7296804089746567,7.659953631972397,0.7632513220268752,-41769.71526052632
200000.0,45000.0,-75000.0,110.0,341.2202612664469,400.4333014570473,1.2748031768073393,13.576776180266533,0.9118362248173342,-87180.87870938616
200000.0,45000.0,-75000.0,110.0,343.7038912207664,138.3713623493632,0.6816519814031357,12.555489426175617,0.8003176220108941,-40915.35695966788
200000.0,45000.0,-75000.0,110.0,308.0956280225047,151.13046331735183,1.1415407705399265,2.8270223893332975,0.4149432995999979,-35525.602046682085
200000.0,45000.0,-75000.0,110.0,367.4902923202469,157.4335204871223,0.5013414102773137,7.757339170422132,0.9266708515794717,-34843.38536952987
200000.0,45000.0,-75000.0,110.0,372.580311038306,315.51205921635824,1.673250908911724,16.059775054412615,0.968721521254591,-121568.56244411944
200000.0,45000.0,-75000.0,110.0,372.15237954434104,447.34664715439453,0.9873197228561645,15.562482740809466,0.9773675748566711,-72373.07123520676
200000.0,45000.0,-75000.0,110.0,310.0549194984018,188.5485395675096,1.346071110846318,13.052839057347617,0.497164790688236,-50191.43715565433
200000.0,45000.0,-75000.0,110.0,347.12580618505774,274.6735927698944,0.7382745597934612,1.1241159735766693,0.9028378612925463,-49990.66684579685
200000.0,45000.0,-75000.0,110.0,305.13951631333924,276.61503306755054,0.7441115262285753,18.235681984930775,0.5226655418932534,-29169.109056395562
200000.0,45000.0,-75000.0,110.0,358.5377144227851,392.8949840223658,1.295763456242818,17.612878462041923,0.9562034124242689,-92926.00789155356
200000.0,45000.0,-75000.0,110.0,361.00500715019365,164.24502408498498,1.2104006041909512,11.823805133873373,0.9100632052299393,-82615.57900967041
200000.0,45000.0,-75000.0,110.0,340.8516779434167,515.8005556906548,1.7788111567707987,18.433117066281106,0.9290564012438771,-123946.19188514524
200000.0,45000.0,-75000.0,110.0,362.29122688389623,560.3167264720494,1.6993727534305005,10.74210406940799,0.9732674904828228,-124045.81913446411
200000.0,45000.0,-75000.0,110.0,337.76282635771435,573.9459488769006,1.492927094634812,19.807700793162542,0.9264831158213077,-103737.88097484848
200000.0,45000.0,-75000.0,110.0,378.1355958279998,175.75764965096752,0.8092660956418549,17.42380234697831,0.9552712611772118,-57980.14828588146
200000.0,45000.0,-75000.0,110.0,361.57984725080945,208.59720230145786,1.8681796659429337,15.99707569641198,0.9293855328005579,-130219.43656496564
200000.0,45000.0,-75000.0,110.0,307.4813804253243,149.33856596359573,1.423455252515101,4.887347850245684,0.40357550345128174,-43085.37526306149
200000.0,45000.0,-75000.0,110.0,328.78881058146703,376.47731057255845,0.8576068687319305,15.04795178801852,0.8422176268903585,-54171.87163412083
200000.0,45000.0,-75000.0,110.0,365.14384911325226,314.8096976255731,1.776784841363261,7.018971670689245,0.9583119645749817,-127703.56289654053
200000.0,45000.0,-75000.0,110.0,357.9140765229633,590.1005780100832,1.4786220586096206,9.367324875213983,0.9696418399330909,-107530.03601069155
200000.0,45000.0,-75000.0,110.0,353.04120935239484,297.4309283121608,0.9083335054516144,9.241412429147635,0.9289071095107785,-63281.80882656391
200000.0,45000.0,-75000.0,110.0,367.15949151066593,532.9373039120944,1.657344702205891,8.628842025788218,0.9768597786701947,-121424.50342327997
200000.0,45000.0,-75000.0,110.0,326.7624088713706,493.25789035712876,1.8945399927849689,13.033068035695763,0.8632921640684947,-122665.61477142347
200000.0,45000.0,-75000.0,110.0,359.2259592663114,384.9685277585328,0.9107880877981068,17.991154681049842,0.9565597554882272,-65341.74229243104
200000.0,45000.0,-75000.0,110.0,356.7649135539258,212.25471928162443,1.1926397651709855,14.891682066881595,0.9162647193836981,-81958.03048201745
200000.0,45000.0,-75000.0,110.0,325.44977754513036,287.31161114658863,1.4090992009457477,12.65721821991036,0.7748031767932316,-81883.09029821772
200000.0,45000.0,-75000.0,110.0,362.7228482113105,37.49130679768334,1.472510900909537,9.519256263411078,0.7126241105665132,-78701.00782951154
200000.0,45000.0,-75000.0,110.0,361.02621644087947,191.32495745056565,1.6332199579578877,12.529421384605007,0.9218607490369346,-112920.10303388469
200000.0,45000.0,-75000.0,110.0,313.9423812219021,375.9186787764628,1.075896937176634,17.57248307900811,0.7098877103243403,-57282.45099579685
200000.0,45000.0,-75000.0,110.0,376.2619110173421,546.3484658149382,1.6146290537815964,12.573195654751046,0.9840818814966734,-119169.53978734401
200000.0,45000.0,-75000.0,110.0,372.6162148740536,587.1329160736557,1.1900551126660117,6.962882451713474,0.9829683075886627,-87733.98450259087
200000.0,45000.0,-75000.0,110.0,320.4988547463663,233.03617101213484,0.9128983375297635,13.708081184456475,0.6833807478694756,-46789.2861472418
200000.0,45000.0,-75000.0,110.0,346.8865013353106,388.4820012318813,1.6440411922827074,2.0383564100000044,0.928579332626349,-114496.70048550775
200000.0,45000.0,-75000.0,110.0,305.2082370719254,276.1264746833366,0.5991797855012682,7.337402366176383,0.523220900466834,-23512.75401836235
200000.0,45000.0,-75000.0,110.0,344.2268869705454,580.2087834501457,1.748194191753661,12.238175971106568,0.9450935797521269,-123915.53300897578
200000.0,45000.0,-75000.0,110.0,345.10330847544935,103.23788078328589,0.6279390509758666,2.589220826415268,0.7611934190021702,-35848.73048529734
200000.0,45000.0,-75000.0,110.0,366.6614179824162,220.10565191366834,1.8893915892806394,15.067747419872664,0.9447185452355991,-133870.74552041866
200000.0,45000.0,-75000.0,110.0,370.5171268730985,258.16669352545534,1.8094994475612667,11.106915741644205,0.9589702335102968,-130144.20808234357
200000.0,45000.0,-75000.0,110.0,312.3584327431203,341.19022234692727,1.5572833514117836,5.074993808327964,0.6705072395113593,-78312.73208190847
200000.0,45000.0,-75000.0,110.0,301.63496260602096,473.3819232671185,1.3540774016653665,18.140296438438693,0.6039404356630788,-61333.657191248334
200000.0,45000.0,-75000.0,110.0,315.36274290313014,537.1954721932956,0.5680780022142984,2.1469729867914666,0.7907542572888951,-33690.757404234515
200000.0,45000.0,-75000.0,110.0,367.8683210462825,571.7361275450293,1.5410739625224155,8.110660728981593,0.9789884954525524,-113152.02599631921
200000.0,45000.0,-75000.0,110.0,376.439221357841,410.61374885297613,1.9217034315650996,18.4849755704783,0.9790700649730181,-141111.17277009852
200000.0,45000.0,-75000.0,110.0,350.3338326939506,438.9562551641205,1.6412099927653716,8.276432636667462,0.9448390600016667,-116300.9480122332
200000.0,45000.0,-75000.0,110.0,345.85614574950955,143.88911529421227,1.4192310736656157,4.736222641545838,0.821329393656177,-87424.21478938388
200000.0,45000.0,-75000.0,110.0,319.23846945535536,331.1142268043014,1.7456202316648533,13.407240592417741,0.74153206794232,-97082.50351712927
200000.0,45000.0,-75000.0,110.0,302.79262079750686,179.24312037528293,0.6856837778545499,6.235368294554145,0.3821001991647296,-19649.99310616858
200000.0,45000.0,-75000.0,110.0,364.89213725380006,51.86213371162281,1.5540045648043868,18.248027535241494,0.7894069654732687,-92005.65208753789
200000.0,45000.0,-75000.0,110.0,314.3752128552723,590.7637840113398,1.7101856840669862,1.477613022459484,0.797480146595789,-102287.93475268199
200000.0,45000.0,-75000.0,110.0,373.0721616128261,187.9970959799321,1.0964262810962135,7.952401477726898,0.9495223738301899,-78081.09638672128
200000.0,45000.0,-75000.0,110.0,313.1225170404536,312.04007362906697,0.5531797551673223,13.993407004191898,0.6600362124186471,-27383.900279048547
200000.0,45000.0,-75000.0,110.0,349.59746887243585,162.84181964608857,1.0956143305961823,10.146995249832537,0.8601572955883993,-70680.049471013
200000.0,45000.0,-75000.0,110.0,313.7496139745252,577.6943237311414,0.7269056332019732,4.831886404247801,0.7881680715126078,-42969.28583193377
200000.0,45000.0,-75000.0,110.0,311.2722917808783,305.69527838095036,1.3680430888529453,13.190979423191374,0.6318508012593473,-64829.93413867845
200000.0,45000.0,-75000.0,110.0,343.54996721477005,311.690547848536,1.6494212219267035,3.4647966956747482,0.899645766645314,-111292.11147909748
200000.0,45000.0,-75000.0,110.0,307.0891308839748,181.14917073246795,1.1727363881875985,7.794908395612981,0.44522851398268165,-39160.17595546363
200000.0,45000.0,-75000.0,110.0,354.7473050057456,168.82720574737994,0.8680511583732944,14.25571815726725,0.8886918461357647,-57857.2489856289
200000.0,45000.0,-75000.0,110.0,354.4968637465404,89.65003288786136,0.9659902501220883,10.305089250576334,0.8074782360739275,-58501.20774248969
200000.0,45000.0,-75000.0,110.0,336.21407741568663,375.89018217718046,1.9381049716714853,16.74477093929962,0.8846096388244452,-128584.97542456308
200000.0,45000.0,-75000.0,110.0,321.3269080369778,581.666526151952,0.6418585819371552,2.4085958672065013,0.8491020587947737,-40875.25825334493
200000.0,45000.0,-75000.0,110.0,378.37149974651624,334.26294935041744,1.14935351493944,17.29208627160405,0.9761800892876685,-84148.20126275088
200000.0,45000.0,-75000.0,110.0,355.55034024579857,150.81012924660098,1.1840143288818714,4.349129519214341,0.8806977225876182,-78206.90422180285
200000.0,45000.0,-75000.0,110.0,377.3019416468835,494.0007448640113,1.4035835711970825,18.571629994970124,0.9830964494413374,-103489.35190035334
200000.0,45000.0,-75000.0,110.0,376.41629908080336,103.6448379063748,1.7251799601442444,19.737788783159782,0.9218580522151913,-119277.8278334441
200000.0,45000.0,-75000.0,110.0,313.8024955973531,238.0762908742742,1.2675295795235955,3.075461879085035,0.6059624073254629,-57605.64565232623
200000.0,45000.0,-75000.0,110.0,359.0784974261969,246.17421102267943,1.2033471128055615,3.186955794876931,0.9333078090672616,-84231.994304998
200000.0,45000.0,-75000.0,110.0,374.59719826220555,227.29339067839908,1.2612218621692923,16.278622283296194,0.9602012879342191,-90827.01423193116
200000.0,45000.0,-75000.0,110.0,302.96513547370046,305.541273955613,0.8054938778892657,1.470190362539206,0.5157140730693689,-31155.339644903557
200000.0,45000.0,-75000.0,110.0,353.26283226217816,425.4724731438249,0.9765715521330014,14.69839888003684,0.9496769109265545,-69557.05911963145
200000.0,45000.0,-75000.0,110.0,344.241569730459,94.71349363685107,0.8922124752976321,19.012735468685374,0.7376505463204923,-49360.576487794286
200000.0,45000.0,-75000.0,110.0,344.4836584411464,546.539240545599,1.676896895676452,8.018249883775969,0.9425455606162945,-118541.3793473314
200000.0,45000.0,-75000.0,110.0,312.3379762510428,387.4963637124985,1.4778281800962931,18.79430901044346,0.697751085223127,-77336.71623266305
200000.0,45000.0,-75000.0,110.0,368.3133308032493,534.0287091605528,1.8199994367369452,8.817627616012143,0.9779252529499173,-133486.75571547632
200000.0,45000.0,-75000.0,110.0,357.09990029905435,92.28740297131174,1.675494306992769,15.25699705786351,0.8283527026170342,-104092.51780626862
200000.0,45000.0,-75000.0,110.0,361.544774148476,558.1237830145553,0.54141196094792,8.139129763168404,0.9723479031024818,-39483.058870673456
200000.0,45000.0,-75000.0,110.0,323.6262739456641,126.52671244486389,1.4243901201150504,11.120714560632353,0.5797656163045773,-61935.93118849898
200000.0,45000.0,-75000.0,110.0,310.28864354884746,319.0445640131427,0.5131330319633725,18.53349651828544,0.6289660277774892,-24205.743362656634
200000.0,45000.0,-75000.0,110.0,343.3477027249109,499.9149920506044,0.5205779904683185,6.389882600348514,0.9344068681047658,-36482.37372583306
200000.0,45000.0,-75000.0,110.0,367.9222335759441,37.051414265134106,0.7560031114512313,7.324331931352605,0.7516132140219994,-42616.64463063689
200000.0,45000.0,-75000.0,110.0,350.1730115515197,538.2571746923102,1.7550987663361215,18.33173012000021,0.9542441867714602,-125609.4596239504
200000.0,45000.0,-75000.0,110.0,368.21782312402104,581.1797579096246,1.7463813258394865,7.81285839776954,0.9796037632395839,-128307.1289132771
200000.0,45000.0,-75000.0,110.0,372.3566727986214,213.76781430095858,1.355376854325647,3.0392839149687974,0.9541311702954357,-96990.5478156807
200000.0,45000.0,-75000.0,110.0,318.11721977364306,69.0621549485556,1.761467653562269,6.544438823878594,0.36048295094862925,-47623.42933175134
200000.0,45000.0,-75000.0,110.0,363.97657818882607,482.7695854595611,0.6813554609178074,18.529888486265783,0.9711113632479546,-49625.40228812477
200000.0,45000.0,-75000.0,110.0,327.16621673636234,402.89217578681047,0.8143519300208293,15.318764457185747,0.840370646900271,-51326.809367706635
200000.0,45000.0,-75000.0,110.0,308.3712198150891,474.98848878773924,0.5583233319326304,10.574928384675234,0.6936587779662127,-29046.44101038094
200000.0,45000.0,-75000.0,110.0,353.7372197249002,273.226763122375,1.0957415630707028,14.046375580861824,0.9252079599537634,-76034.16121538947
200000.0,45000.0,-75000.0,110.0,345.6006427910436,341.2222214434003,1.8923669334621542,16.056823533190773,0.9150799660701504,-129875.0301948617
200000.0,45000.0,-75000.0,110.0,360.4698219222905,453.5080360475676,1.6761435559670874,16.511875101052517,0.9646954489018272,-121272.60451106809
200000.0,45000.0,-75000.0,110.0,342.81385034662696,145.05969263482197,1.867511446730194,12.900688751507625,0.8013254930221498,-112236.33980816859
200000.0,45000.0,-75000.0,110.0,308.46318469082576,446.13782030814855,0.847183189346133,7.084964691851601,0.6813213589367149,-43290.30013752356
200000.0,45000.0,-75000.0,110.0,370.3250132176337,541.2644580238857,0.6077656030635873,14.88991067746031,0.9798518019070888,-44664.01659742534
200000.0,45000.0,-75000.0,110.0,343.4629549191201,257.77221042514043,1.3779920510207477,17.61596243233072,0.8807308080138484,-91023.00393991225
200000.0,45000.0,-75000.0,110.0,355.38682766860427,489.65056613133146,1.926321633712034,15.490256302695432,0.9596787644804909,-138648.7474074604
200000.0,45000.0,-75000.0,110.0,331.6470618673551,335.0628203281522,0.5615726651069871,18.338055103159217,0.8455554032863343,-35613.060098934
200000.0,45000.0,-75000.0,110.0,316.63295483740615,503.11671713556234,0.7342433024487205,1.9945272694251768,0.7913016496564143,-43575.59523576345
200000.0,45000.0,-75000.0,110.0,317.2217305843633,488.55536724516145,1.1892656094401766,14.586295659925623,0.7916907801733393,-70614.79636282614
200000.0,45000.0,-75000.0,110.0,378.3096205858016,191.81031424827833,0.6658820363253621,13.51305933934442,0.9591195760590271,-47899.53722892772
200000.0,45000.0,-75000.0,110.0,369.298026704447,391.9938361515808,1.7907100669261256,6.93218834974189,0.9712788437366746,-130445.91024537229
200000.0,45000.0,-75000.0,110.0,356.15560162593465,203.86874233199276,1.303979678737734,4.943306569661001,0.911038322051819,-89098.15938801713
200000.0,45000.0,-75000.0,110.0,346.96714192924435,488.24333628873717,1.6144883772674525,18.98808970397052,0.9425276911992745,-114127.50020204665
200000.0,45000.0,-75000.0,110.0,364.9029420132922,300.7080672378784,0.5983541736023246,17.325883742127303,0.9560326465726916,-42903.459313263455
200000.0,45000.0,-75000.0,110.0,375.87623787993806,173.1268087928312,1.2355522185082455,19.604716319341062,0.9507460975809476,-88102.23375781476
200000.0,45000.0,-75000.0,110.0,358.9650535953107,131.73207110111514,1.1554330627195701,18.8297598356372,0.8816985463665246,-76405.77388677497
200000.0,45000.0,-75000.0,110.0,364.4766882520643,181.49681368452406,0.765146473950576,15.275925166386601,0.9280487783628961,-53256.99378138822
200000.0,45000.0,-75000.0,110.0,348.73700349522267,125.99106804456703,1.4500891101263416,9.874865526219502,0.8208075337286375,-89268.30496271678
200000.0,45000.0,-75000.0,110.0,334.85360924422264,52.40052359342812,1.0252689706022045,15.017269415423844,0.5002597061465015,-38467.55654659387
200000.0,45000.0,-75000.0,110.0,341.6311566412586,358.8722334742657,0.5938022798320606,16.21259066664212,0.9042843311957034,-40272.45731103141
200000.0,45000.0,-75000.0,110.0,317.3377899919559,161.1738512324094,0.6605434397940032,2.417942941718744,0.5578444134596275,-27636.03508023679
200000.0,45000.0,-75000.0,110.0,371.4282127026306,98.22803330612356,0.6011295671031855,7.535997645704451,0.902126684460638,-40672.126747654154
200000.0,45000.0,-75000.0,110.0,333.22124321864476,593.7830856967868,1.0558533850074352,5.887913859038572,0.9128907584207553,-72290.90980654194
200000.0,45000.0,-75000.0,110.0,343.16644367869435,434.1057650215573,1.117081147111489,19.804707218103783,0.9246286235782639,-77466.39026091932
200000.0,45000.0,-75000.0,110.0,368.2832061998415,124.40815103127295,1.670426889160605,15.278255011903957,0.9115666052344775,-114202.90264833912
200000.0,45000.0,-75000.0,110.0,335.08125837684065,424.8208022935143,1.7637892212934327,10.28640638555432,0.8913660522028686,-117913.63763267241
200000.0,45000.0,-75000.0,110.0,350.6919406496746,527.7109658134166,1.6825516458030085,16.79956913252761,0.954378658895578,-120434.35374330172
200000.0,45000.0,-75000.0,110.0,375.40038233613006,234.0706288937892,1.3103581018264796,2.6829651964929564,0.9624425949659334,-94585.83388923839
200000.0,45000.0,-75000.0,110.0,351.0620386863655,598.3763637363429,1.8677169199039654,10.73195285963929,0.9601752380450698,-134500.1653627196
200000.0,45000.0,-75000.0,110.0,346.53811905205504,575.0219592210194,1.7995689031759827,9.921296481405086,0.9498622918804258,-128200.69820756122
200000.0,45000.0,-75000.0,110.0,367.1729769270203,312.2990572430785,1.6631897826155648,8.148111454542672,0.961166699461327,-119895.19754508033
200000.0,45000.0,-75000.0,110.0,344.5249754621756,540.6908389119978,1.6047873451304189,6.673583268953414,0.942063101285655,-113385.82074431513
200000.0,45000.0,-75000.0,110.0,367.60695584460393,376.92678802308507,1.8778983523269925,12.169685232255985,0.9681503853197704,-136356.60100475547
200000.0,45000.0,-75000.0,110.0,334.6301148635789,573.2720592199415,1.4738321059357875,6.549508173566831,0.9154975365203294,-101196.7246671587
200000.0,45000.0,-75000.0,110.0,309.43202750748276,164.03070409453414,1.8070416586383211,8.39146024676947,0.45368723691205676,-61487.38028194499
200000.0,45000.0,-75000.0,110.0,371.1770717787313,182.97089719111227,1.6748194129924279,8.530160229408004,0.9444467229937005,-118633.32796551987
200000.0,45000.0,-75000.0,110.0,370.01755067564466,516.1940581061598,1.925067814488214,6.3921144891101624,0.9786415186734139,-141296.34671400418
200000.0,45000.0,-75000.0,110.0,313.7623624645376,207.18705313475792,1.7682540852700988,13.450595842893177,0.5717993542409405,-75831.49080685106
200000.0,45000.0,-75000.0,110.0,312.0060652162525,350.01399121258146,1.0227826927078505,13.04418819328165,0.6718233669978103,-51534.69842415561
200000.0,45000.0,-75000.0,110.0,322.0049516522459,261.61221176165833,1.9756502476175324,9.922964106691664,0.7239241126343012,-107266.56392866948
200000.0,45000.0,-75000.0,110.0,324.41834066766285,416.31499491878895,1.7034756440233543,12.21274839486979,0.8254378852737536,-105458.49999134874
200000.0,45000.0,-75000.0,110.0,370.98551821678984,486.9436257404636,1.2990007347758996,19.744002703202636,0.9782158715342181,-95302.73519192972
200000.0,45000.0,-75000.0,110.0,356.9145570011514,177.0289154069337,0.7479219073251383,7.356551470280846,0.9018128594288126,-50586.41954057508
200000.0,45000.0,-75000.0,110.0,372.89835582822263,92.6580847750391,1.3977168871375636,17.938057832738856,0.9020450220607962,-94560.26702195633
200000.0,45000.0,-75000.0,110.0,358.0764967090207,518.6094905228526,0.7964226065377404,3.087240248977343,0.9658279953034332,-57690.543711501065
200000.0,45000.0,-75000.0,110.0,326.28831566295855,106.15356920890895,0.5145390679304243,14.991108054067864,0.5702066173467049,-22004.518606300022
200000.0,45000.0,-75000.0,110.0,360.4362528331526,94.09974218729785,1.958206321464359,7.1240421621690215,0.8498907497179772,-124819.60789888698
200000.0,45000.0,-75000.0,110.0,372.0319932144582,536.4863347260754,1.4738242175005052,19.556311061791927,0.9809691600110627,-108433.20784840742
200000.0,45000.0,-75000.0,110.0,322.1309131827582,369.7372184922148,1.4304085212940538,8.571939680210802,0.788600933327398,-84601.61211989656
200000.0,45000.0,-75000.0,110.0,325.7513015766955,269.7103956244083,1.240115601073387,10.008876077650392,0.7663491084350079,-71277.11139292005
200000.0,45000.0,-75000.0,110.0,372.75571408740024,307.7495677188796,0.5974724316740736,2.8744673201100692,0.9681691926994731,-43384.08013755592
200000.0,45000.0,-75000.0,110.0,366.9301091757384,201.41728939690532,0.5630399412122025,11.902702619259927,0.9405053112052294,-39715.65413480674
200000.0,45000.0,-75000.0,110.0,345.30776552608575,259.9374599229552,1.7370630757439678,4.528756411236984,0.8901158704469649,-115964.05587653432
200000.0,45000.0,-75000.0,110.0,342.4476199249869,199.80539359982572,1.5997812592579879,17.451748293506732,0.8452619354445355,-101417.56526162273
200000.0,45000.0,-75000.0,110.0,333.0859883507994,540.3815204712673,1.2277471328866096,16.419975923400866,0.9045313281904037,-83290.18085939139
200000.0,45000.0,-75000.0,110.0,379.2006166953602,297.2607276822355,0.5061256858600904,3.527010036562153,0.9740952906621717,-36976.098530960684
200000.0,45000.0,-75000.0,110.0,356.13587181460457,469.6778047912901,1.7976457313048715,18.917402616038643,0.959305159817531,-129336.81191735415
200000.0,45000.0,-75000.0,110.0,334.37894611631975,456.14468468936326,1.06831046398147,11.64028139142794,0.8949176122829781,-71703.73872024132
200000.0,45000.0,-75000.0,110.0,324.62462933381636,513.8963581754957,1.006469522639722,15.873590412782884,0.8550554284462247,-64544.04216740811
200000.0,45000.0,-75000.0,110.0,359.15278886122803,465.11520975585086,1.4627466093063388,12.263962176118651,0.9636667011100111,-105720.01496625703
200000.0,45000.0,-75000.0,110.0,371.22527860466835,263.5307715783523,1.8525726024614084,3.7258008524848867,0.9608340296662262,-133501.1099154182
200000.0,45000.0,-75000.0,110.0,356.493903595772,140.40400435505939,1.5211917189727473,7.195767317738195,0.8773798407839406,-100099.72111456183
200000.0,45000.0,-75000.0,110.0,302.9115869557886,466.2713885907163,1.7458434613560936,15.805539247303653,0.6183148542601343,-80961.0709027051
200000.0,45000.0,-75000.0,110.0,376.6337309445648,103.44609736856738,1.2416600066731946,17.48892905050158,0.9223165335826878,-85890.26649323085
200000.0,45000.0,-75000.0,110.0,312.7351315765698,39.927589881937855,1.6317326086597919,10.995383820828335,0.19560071655851027,-23937.605061430688
200000.0,45000.0,-75000.0,110.0,303.35794065671803,357.1869728549258,0.8620682081772728,17.74300980026328,0.5602519121970152,-36223.15215566788
200000.0,45000.0,-75000.0,110.0,347.9619421934057,453.1540220283751,0.7956996443604034,1.8204868239967682,0.9408817895402626,-56149.44789917752
200000.0,45000.0,-75000.0,110.0,326.7542078930178,152.46723496323952,1.301550903261051,12.692091021243279,0.661146807180038,-64538.716805500386
200000.0,45000.0,-75000.0,110.0,318.5626500602314,162.49493760287422,1.1535547315429528,5.970529141887197,0.5759480881017423,-49829.07316146617
200000.0,45000.0,-75000.0,110.0,348.861658182847,62.29519610587564,1.817465937720161,6.093647670719312,0.6948828006502064,-94719.43656670043
200000.0,45000.0,-75000.0,110.0,376.04210094122163,308.1716411706589,1.7894618518584964,16.653413470255384,0.9718934201268005,-130437.4649541894
200000.0,45000.0,-75000.0,110.0,310.0060516982305,209.80907649039307,1.34224672675849,17.130713875693182,0.5231708225648891,-52666.82430924519
200000.0,45000.0,-75000.0,110.0,348.92238900636556,495.49575285198546,1.2935965639826594,5.427472632627934,0.9478178625596427,-91957.04477164068
200000.0,45000.0,-75000.0,110.0,313.8698597072328,300.6074286670287,1.572465868233525,7.787639837578155,0.6608955311881893,-77942.67489461196
200000.0,45000.0,-75000.0,110.0,372.0167416486393,440.9962128937672,1.6381826873918683,7.432449015732463,0.9769299328131166,-120029.22770470116
200000.0,45000.0,-75000.0,110.0,322.27695565729783,32.70542250646529,1.09964167434049,17.452384551298326,0.24952920550020213,-20579.453499982083
200000.0,45000.0,-75000.0,110.0,332.5465251545196,200.9360008840209,1.688884854865701,3.2429522622248403,0.7743378346207834,-98082.55810804071
200000.0,45000.0,-75000.0,110.0,373.524033956673,110.05974989338291,1.9564142331298737,9.833366102773011,0.918082678572474,-134711.25146618902
200000.0,45000.0,-75000.0,110.0,320.3564791974534,486.1011598086129,0.8485398625587031,2.857488414173676,0.8171370422112281,-52003.00151171555
200000.0,45000.0,-75000.0,110.0,345.6685461684579,38.069813247688224,0.7144805054050591,2.978714683157692,0.5466800786945643,-29294.419419042733
200000.0,45000.0,-75000.0,110.0,330.4318370343547,440.4093943839403,1.054106684990077,9.516098821100641,0.8714145618284826,-68892.29362658269
200000.0,45000.0,-75000.0,110.0,370.01402355776395,486.5734003540093,1.5160113814392782,18.857804290070934,0.977367637928776,-111127.5347212836
200000.0,45000.0,-75000.0,110.0,355.97836135095076,320.01924092879733,0.6629907587624266,13.10473556702298,0.9410173038038699,-46791.433219312545
200000.0,45000.0,-75000.0,110.0,369.23995018507804,218.15925859624375,1.4263126983733094,16.95169209224411,0.9494372150483024,-101564.57670986881
200000.0,45000.0,-75000.0,110.0,324.4652042036829,62.584883269283516,1.566242336490792,3.8789071211166544,0.4160827009515451,-48876.47562838106
200000.0,45000.0,-75000.0,110.0,352.3653181075702,531.4571878263232,0.5596758022025299,17.3373487564417,0.9577529100063512,-40202.33461647091
200000.0,45000.0,-75000.0,110.0,358.12485760404195,349.58715351034175,1.6625619850548898,2.794676715699797,0.950226702987264,-118485.80951780017
200000.0,45000.0,-75000.0,110.0,316.8922818265747,465.7814718898979,1.2476297971280499,3.915209237260002,0.7806866965686692,-73050.59886454021
200000.0,45000.0,-75000.0,110.0,342.4288230999901,415.6447674495813,0.7412291432406731,3.452090968051789,0.9190517436510205,-51092.09524052195
200000.0,45000.0,-75000.0,110.0,324.91234605155734,408.7527152239926,0.9395058947158719,14.735835079541438,0.8264492127698853,-58234.04303104493
200000.0,45000.0,-75000.0,110.0,371.20603134493695,191.7463955883744,0.9840716776602655,2.1219114547028615,0.9469112800703509,-69887.14289806948
200000.0,45000.0,-75000.0,110.0,346.78285687111605,342.09119359381003,0.7409767924971369,8.066626462517998,0.9193268292967466,-51089.98839216496
200000.0,45000.0,-75000.0,110.0,300.12644705018954,218.62751419125067,0.9384611401597303,10.035859882728907,0.39154708168306634,-27558.87905268791
200000.0,45000.0,-75000.0,110.0,365.3782645749791,242.3223434095221,1.2046625578951264,14.093115212101974,0.9469880818200049,-85560.08137061149
200000.0,45000.0,-75000.0,110.0,377.55152167007026,86.17364162489594,1.7206208032076495,9.632304980333375,0.9110476115362179,-117567.56048413935
200000.0,45000.0,-75000.0,110.0,363.13332200637376,448.27035681125113,1.261302579196061,18.665386843629502,0.9679013997616084,-91561.23989450958
200000.0,45000.0,-75000.0,110.0,328.58758461353904,477.7108230250968,1.7654155697375598,6.386550140823866,0.870218063836404,-115222.2389222746
200000.0,45000.0,-75000.0,110.0,371.3361372430671,589.6982816830235,1.062070780469182,15.020348907066564,0.982185843417226,-78236.31639629364
200000.0,45000.0,-75000.0,110.0,324.45129694231633,169.16264148216618,1.6204321460671698,13.36698486820649,0.6580792783666813,-79977.96129945418
200000.0,45000.0,-75000.0,110.0,366.2103744643349,277.9414347746022,1.438742439995993,19.214076354396198,0.9549364468108174,-103043.06951442742
200000.0,45000.0,-75000.0,110.0,302.7284608572592,135.53435601256533,1.3564087868419854,6.583305614825559,0.3177893194797076,-32328.91689801077
200000.0,45000.0,-75000.0,110.0,346.33459367799554,327.88235417968366,1.0923858282615566,17.11059497121186,0.9145586733187242,-74928.82003852987
200000.0,45000.0,-75000.0,110.0,374.6592770297277,463.9253538204934,0.6081565790072321,16.013020211582585,0.9801438294786997,-44706.06887031104
200000.0,45000.0,-75000.0,110.0,374.48178793371255,140.45370724497207,0.8594240220276997,8.853514515409,0.9368784719165197,-60388.18983642455
200000.0,45000.0,-75000.0,110.0,345.3836407149466,575.9844843300982,1.3149605680969336,1.8693447035340958,0.947400151755774,-93434.53813259203
200000.0,45000.0,-75000.0,110.0,358.3731967295229,135.89699347143934,1.9673031617306478,17.9827887898669,0.8823463382724652,-130188.20557686604
200000.0,45000.0,-75000.0,110.0,313.169901347551,421.48401028814857,1.097684777268603,9.154578216281573,0.7244654901134256,-59642.605511545866
200000.0,45000.0,-75000.0,110.0,310.2569412145205,218.68255898992413,0.5067558724100198,4.945904506939437,0.5370051108978563,-20409.787009626194
200000.0,45000.0,-75000.0,110.0,331.8341297004488,494.4009129275335,0.9023762105753754,5.40554509149438,0.8907463364890741,-60284.12277786817
200000.0,45000.0,-75000.0,110.0,371.881636010141,410.35925885029025,1.6882438293409059,15.18968833753991,0.9751222714342748,-123468.31182013518
200000.0,45000.0,-75000.0,110.0,349.6995971852041,280.1192941620331,1.8200471853438638,6.698874253578548,0.9140056232635788,-124765.00215070054
200000.0,45000.0,-75000.0,110.0,359.52848843325984,219.56910643467964,1.4020432747026816,6.298612439303163,0.9271113615800045,-97488.76870527686
200000.0,45000.0,-75000.0,110.0,307.19040076550766,531.951977879103,0.7086385966138582,19.886245103657775,0.7033025453480908,-37379.049654781906
200000.0,45000.0,-75000.0,110.0,336.1928128160894,181.20435743500065,1.7423282665601536,6.569557197662592,0.7868658158300638,-102823.3914682977
200000.0,45000.0,-75000.0,110.0,309.29636819383546,437.3683972643629,0.7794973784069905,17.41943681601582,0.6872441112930059,-40177.873730890504
200000.0,45000.0,-75000.0,110.0,345.9741677505332,371.9810524817356,1.4084671937626283,7.3603046917726935,0.9227647845158155,-97476.29449124752
200000.0,45000.0,-75000.0,110.0,361.854484818297,333.1188413103726,1.4888424737857058,19.934988799987188,0.9550727923167591,-106646.47040687289
200000.0,45000.0,-75000.0,110.0,341.95096569205214,262.10864176234327,1.3246063100507504,12.273497882868147,0.8750504922472098,-86932.3052732752
200000.0,45000.0,-75000.0,110.0,306.8918161199921,305.639677562371,1.1960929411404866,9.3780945955377,0.5724331395485417,-51351.24281166733
200000.0,45000.0,-75000.0,110.0,348.1000598187464,276.54408470001005,0.7482353461244338,16.885112541009526,0.9071724027844128,-50908.384259394705
200000.0,45000.0,-75000.0,110.0,362.6933188089391,589.2318513145941,1.9535820563168191,2.1388642820383614,0.9749535751403627,-142848.88576021083
200000.0,45000.0,-75000.0,110.0,331.5139041851516,120.30999956464505,1.0488100248651213,8.151555189134696,0.6613590961479386,-52023.00375567703
200000.0,45000.0,-75000.0,110.0,350.98791546929965,445.6367024033831,1.7525258202240752,8.672282092123057,0.9470826489285971,-124484.00971001846
200000.0,45000.0,-75000.0,110.0,331.1890759212646,521.966704259049,1.7965707809607612,17.480875522810678,0.8929156743770527,-120313.96578357647
200000.0,45000.0,-75000.0,110.0,363.5000628131488,148.9024735292501,1.1161363225391354,18.862418044945354,0.9104588871019326,-76214.71755547686
200000.0,45000.0,-75000.0,110.0,345.0132960470741,362.1272875175209,1.4970598079245319,7.834203342206005,0.9175943663838808,-103027.0234418464
200000.0,45000.0,-75000.0,110.0,300.25399664729866,538.9751863844258,0.7595723156269298,13.479271883987252,0.615181934240095,-35045.6374741952
200000.0,45000.0,-75000.0,110.0,328.3671316644427,197.72636564144688,0.7000432097226669,11.44852332265954,0.7329629843879814,-38482.93201491506
200000.0,45000.0,-75000.0,110.0,364.5860568312112,304.18429581904866,1.1487414536531804,2.072174111998867,0.9559738299701624,-82362.5075320742
200000.0,45000.0,-75000.0,110.0,317.1709622767965,190.72978901801216,0.9267593451829077,12.18690913716086,0.5967210083464994,-41476.25782140647
200000.0,45000.0,-75000.0,110.0,305.99610249741204,469.70830272130627,1.7348495883760402,4.265926730503658,0.6614727093598954,-86066.6743166249
200000.0,45000.0,-75000.0,110.0,344.0499276408056,226.51437949064717,1.0906375141234368,6.316718097335003,0.8695500954756064,-71127.29659014843
200000.0,45000.0,-75000.0,110.0,334.9254190193901,325.39364709863486,1.852751748878224,1.5880864684985867,0.8618359924478262,-119757.61066904324
200000.0,45000.0,-75000.0,110.0,367.16637728668775,34.674836480139916,0.9689677317398084,5.6277508247305175,0.733148853837191,-53279.818644769744
200000.0,45000.0,-75000.0,110.0,365.96386638159294,537.2289744609354,0.8366525383488561,10.927183334250516,0.9759348110605826,-61238.875270263576
200000.0,45000.0,-75000.0,110.0,346.54149523250123,161.98611685710387,0.6039519598936632,13.483767105114719,0.8422144986792321,-38149.2822846136
200000.0,45000.0,-75000.0,110.0,335.0461196579841,496.3839755153475,1.8712353659249874,1.8346936290563263,0.9054034360544004,-127066.71974812477
200000.0,45000.0,-75000.0,110.0,315.0614126432377,272.34485328224355,1.2221109894244553,12.076455186232193,0.6533438059984643,-59884.3983887342
200000.0,45000.0,-75000.0,110.0,309.5840878472103,515.5177968802792,1.869856969526758,7.103468376397915,0.7247059571895381,-101632.23636813136
200000.0,45000.0,-75000.0,110.0,314.71492029992663,266.362632473703,0.8482733950738572,12.396461983870108,0.6439719260548601,-40969.81890351053
200000.0,45000.0,-75000.0,110.0,307.6170472537044,480.07291223576334,1.1917948317379343,8.801558733089315,0.6867344085002348,-61383.48891203904
200000.0,45000.0,-75000.0,110.0,362.7363855950666,525.9565243093223,1.4709049153986262,16.549885129622936,0.9720727944481873,-107236.99886093379
200000.0,45000.0,-75000.0,110.0,377.09277122069165,340.80064099432207,1.4775968320014286,3.8185563156522075,0.9754930645954207,-108103.90964141689
200000.0,45000.0,-75000.0,110.0,306.65267240208294,559.0960974609233,1.779184826883789,16.065747600569942,0.707225263646487,-94371.33437015377
200000.0,45000.0,-75000.0,110.0,306.7607064190262,544.2440768914543,1.803614672432146,9.542191799919328,0.7029192988499601,-95084.66707061285
200000.0,45000.0,-75000.0,110.0,361.8763482183293,458.7792535808937,1.1383340958383081,5.563743762440934,0.9670008492943601,-82557.75280922787
200000.0,45000.0,-75000.0,110.0,318.9672139576059,154.8920394878506,1.2402643540291298,16.281522350868002,0.5694955304680149,-52974.375466379184
200000.0,45000.0,-75000.0,110.0,333.93961555136735,472.31334161511455,1.9665375353399628,5.963995124793842,0.8961838547926203,-132178.439176151
200000.0,45000.0,-75000.0,110.0,306.97232225619774,492.3477885362224,0.6114195189005486,9.57281493567601,0.6842103586324247,-31375.46762263567
200000.0,45000.0,-75000.0,110.0,343.9262944626446,508.67149079458176,1.7456087157726978,11.361840864470201,0.9370458429001799,-122678.65428338462
200000.0,45000.0,-75000.0,110.0,376.61820088871457,422.9207313544626,1.9853104560567947,9.230510698735047,0.9798024077495088,-145890.8973731042
200000.0,45000.0,-75000.0,110.0,324.5194388741117,58.40859640235274,1.535397004839626,16.008292084019445,0.4000760717224642,-46070.67016730062
200000.0,45000.0,-75000.0,110.0,362.9856955678698,171.65609714995594,1.8310445934591784,15.472936402547775,0.9198530705168996,-126321.8993660095
200000.0,45000.0,-75000.0,110.0,319.8742958024781,382.28880076893716,0.5227481216371523,17.544932974670893,0.7740566912705028,-30347.751105174335
200000.0,45000.0,-75000.0,110.0,347.14163705401586,310.97141462645754,1.8098375078973525,6.9767905442275335,0.9132508894553404,-123962.67853926704
200000.0,45000.0,-75000.0,110.0,327.45475919997506,518.8128001645725,1.7603814874340173,12.77805523872095,0.8730766979868881,-115271.10421846039
200000.0,45000.0,-75000.0,110.0,331.202333890153,307.00205490716303,0.8991729329594648,19.97741871682639,0.830725867657002,-56022.4661179832
200000.0,45000.0,-75000.0,110.0,328.9055775457168,214.6011759178497,1.267839707726792,1.0222546959727152,0.7537270077272902,-71670.37718870677
200000.0,45000.0,-75000.0,110.0,344.5160770575633,173.96889420924566,0.553182068463263,19.840935441409986,0.8394768701262109,-34828.76635826125
200000.0,45000.0,-75000.0,110.0,337.70565131633856,424.15792615254253,1.8242953956360033,6.395927917091694,0.902800698741241,-123523.13684179593
200000.0,45000.0,-75000.0,110.0,349.0003573318768,158.82636903359008,0.5771052455323331,14.175413430627637,0.8538522931931155,-36957.1977983669
200000.0,45000.0,-75000.0,110.0,345.7209853619446,190.32102198515557,0.7097011983454895,10.098677620783592,0.8580187911360087,-45670.272320413016
200000.0,45000.0,-75000.0,110.0,330.2617773511509,171.1440154640504,1.6634034423923143,12.405602253716127,0.7230998468828053,-90210.50808736602
200000.0,45000.0,-75000.0,110.0,357.11309009339976,402.9296854871905,1.6677383737115914,9.039865743475561,0.9547138964336376,-119415.97507485686
200000.0,45000.0,-75000.0,110.0,370.90963112377676,595.3577327631697,1.5104123372812284,17.03129550341056,0.9820592646437947,-111248.58219444887
200000.0,45000.0,-75000.0,110.0,338.79188750204804,151.28051175159058,0.6465483890551071,14.63766976960256,0.7771536410351952,-37685.05759947124
200000.0,45000.0,-75000.0,110.0,358.71554418948926,48.83366757413178,1.8679956667342572,14.43480326454525,0.732192727645793,-102579.96318425081
200000.0,45000.0,-75000.0,110.0,334.81813480184996,320.75736527732363,0.8605772167798394,10.951650172990874,0.8594941162665791,-55474.57908115053
200000.0,45000.0,-75000.0,110.0,341.2125310625376,415.33191357776036,1.3327455600116744,3.3208790374186825,0.9147010888889923,-91429.78612159863
200000.0,45000.0,-75000.0,110.0,352.31900867806576,391.4460114597637,0.962037780910378,4.686391055627459,0.9433881923809139,-68068.13123513904
200000.0,45000.0,-75000.0,110.0,325.0751805402441,244.29145539711612,1.7451700491158482,7.294981398211785,0.741592920185585,-97065.43147081819
200000.0,45000.0,-75000.0,110.0,342.573714931401,226.4463833940655,1.001233571543545,13.227035632795802,0.8616300170586486,-64701.967449656724
200000.0,45000.0,-75000.0,110.0,357.9164483378063,437.6044227957328,1.976776212362208,17.03616097930565,0.9594950899836318,-142253.03023184848
200000.0,45000.0,-75000.0,110.0,361.0449384406124,374.0809665120821,0.7240527814465664,11.093310866684261,0.9584801818454219,-52049.26812199414
200000.0,45000.0,-75000.0,110.0,375.91130958516305,255.08340203443953,1.7172623426810236,6.703131779591768,0.9660775852176152,-124425.6492901821
200000.0,45000.0,-75000.0,110.0,319.8902744429948,286.4712818099173,1.3667086535965007,7.852153641400344,0.7198400099592513,-73785.8678112225
200000.0,45000.0,-75000.0,110.0,337.62874940362065,91.9392248253042,1.8365543203745514,10.644608430120783,0.6673246615906081,-91918.34927525376
200000.0,45000.0,-75000.0,110.0,373.11932359541095,463.0679362936494,1.6528523235558599,2.5342250924262655,0.9789114297396438,-121349.70234004194
200000.0,45000.0,-75000.0,110.0,360.6995091834673,312.52068157166633,1.424577047490665,13.68447140083927,0.9500275773728135,-101504.06109063538
200000.0,45000.0,-75000.0,110.0,352.94537967912044,438.0338040151374,1.8609047870913924,16.47276986806832,0.9504038042623668,-132645.82417662817
200000.0,45000.0,-75000.0,110.0,319.1518866292949,553.8416505281682,1.4539190343666333,19.19528177719412,0.8268925936188646,-90167.61609294453
200000.0,45000.0,-75000.0,110.0,311.4617277393294,125.05336808592759,0.6726181576225607,3.69240465555531,0.41505489209371615,-20938.00926242296
200000.0,45000.0,-75000.0,110.0,311.4888160528039,113.04057338853194,1.8588771009030132,3.3932983336373947,0.39112405573718306,-54528.866311662256
200000.0,45000.0,-75000.0,110.0,342.237953871253,50.53577588666151,1.1740705473907014,14.96177166216351,0.5777558016982225,-50874.45527684892
200000.0,45000.0,-75000.0,110.0,335.51370382991524,353.6121729536217,1.2297261466221199,14.567899062874757,0.8745853225345349,-80662.53289294931
200000.0,45000.0,-75000.0,110.0,348.3009991999527,138.79897857927267,0.7589766105737832,19.25001637894628,0.8319086855843697,-47354.9425868787
200000.0,45000.0,-75000.0,110.0,355.0799377287705,489.572290038281,0.5176362686446986,1.3022482293335649,0.9591600577792048,-37237.20250063958
200000.0,45000.0,-75000.0,110.0,334.39488265886143,412.02671963790016,1.2828790202833387,17.608469687916678,0.885038774651931,-85154.82571036769
200000.0,45000.0,-75000.0,110.0,335.31852275415605,515.9602122290703,1.383832294493215,12.517607590926215,0.9097480871454422,-94420.4087133968
200000.0,45000.0,-75000.0,110.0,335.2303260219673,377.90183474774676,1.5379558597206315,1.5434885794256203,0.8802627862741637,-101535.39826832699
200000.0,45000.0,-75000.0,110.0,373.92468891607484,32.99673073927353,1.390890055756108,5.328095695086094,0.7733786937437894,-80676.35508464139
200000.0,45000.0,-75000.0,110.0,341.2027956827015,212.77640081733807,1.2172925781662454,11.34994841259335,0.845945291539627,-77232.21936944015
200000.0,45000.0,-75000.0,110.0,302.547394169987,325.7782076766647,1.1745303777398888,16.894270496620397,0.5255630685482883,-46296.7342071117
200000.0,45000.0,-75000.0,110.0,347.60673421616195,470.34000902180185,1.1734017263891712,9.218362579650483,0.9420570600536033,-82905.8535468004
200000.0,45000.0,-75000.0,110.0,332.47702723641544,497.899493769695,0.9743988454661676,9.761399768371042,0.8944457109025612,-65366.01510267159
200000.0,45000.0,-75000.0,110.0,346.9379120813619,207.2050268373847,0.5036487418456828,7.2141839003716,0.8742249380682612,-33022.67176111497
200000.0,45000.0,-75000.0,110.0,353.22785483387815,277.15361215162727,1.664602913847618,7.954793282985853,0.9246667855753178,-115440.22692050884
200000.0,45000.0,-75000.0,110.0,342.1910393107084,318.2571561111619,1.1648805226679144,6.902007080915286,0.8958160878707472,-78263.90344899018
200000.0,45000.0,-75000.0,110.0,379.4623196596873,286.72171580230656,0.9220385674843554,8.765129062068256,0.9734245092211644,-67315.12050273332
200000.0,45000.0,-75000.0,110.0,349.55797444786265,281.35703590719163,1.4890324929103578,2.1384684657800976,0.9138591675893896,-102057.44958634599
200000.0,45000.0,-75000.0,110.0,316.75374799803865,474.94701754160053,1.0704707510885059,10.7498666634114,0.782737178087785,-62842.29411993966
200000.0,45000.0,-75000.0,110.0,376.65224311495325,320.19971557673466,1.5555050591051827,4.860864876926378,0.9735281949468726,-113574.60243160476
200000.0,45000.0,-75000.0,110.0,339.03996599765975,389.82202002616884,1.3038821179429243,2.9509973623048906,0.9009120493528153,-88101.23332428369
200000.0,45000.0,-75000.0,110.0,374.11923139673667,96.72586396143458,0.943230275392521,15.666318290581605,0.9097419189135515,-64357.209053471226
200000.0,45000.0,-75000.0,110.0,318.1728738883993,77.73020689863785,0.9040124807015221,10.271703100902176,0.38887217446497824,-26365.897433541002
200000.0,45000.0,-75000.0,110.0,351.58681182688133,122.83915940957313,1.0181091156896167,1.9920334336250214,0.835111399143049,-63767.58960628861
200000.0,45000.0,-75000.0,110.0,324.08879231642726,485.5542411194095,1.4436017398727303,19.023992845648962,0.8442921742680091,-91411.62388006713
200000.0,45000.0,-75000.0,110.0,350.9875828584359,262.5327624384681,1.9488418214226997,8.045744902591448,0.9133713783311704,-133501.225543671
200000.0,45000.0,-75000.0,110.0,327.21820868564214,363.1140883697762,1.6584069180326244,17.03712298387447,0.826305307717067,-102776.28290437954
200000.0,45000.0,-75000.0,110.0,329.6018680433448,259.135061171565,1.9669760734653572,17.513266715898165,0.7928058148758509,-116957.2551573753
200000.0,45000.0,-75000.0,110.0,374.60795454363233,193.0969098104668,1.4634759173506762,5.567280250568128,0.9534994097414056,-104656.75675234738
200000.0,45000.0,-75000.0,110.0,300.21583536412663,572.7123616140789,0.9191271755044729,6.200893007511778,0.6289161854600157,-43354.04678781836
200000.0,45000.0,-75000.0,110.0,318.9980958447957,147.57036634832667,1.996655573457875,10.040846954300156,0.5579910392739138,-83558.69388793591
200000.0,45000.0,-75000.0,110.0,376.1804216536915,230.39205864067503,0.961322387965407,4.795678098842194,0.9629474066147602,-69427.71753089978
200000.0,45000.0,-75000.0,110.0,359.3585291374152,392.8666678706475,1.259285673931586,7.02223622364852,0.957622012701572,-90443.97612274656
200000.0,45000.0,-75000.0,110.0,368.0448858111963,237.16130016182768,1.0421244645441297,11.855857303583702,0.9511339124276386,-74339.9939398812
200000.0,45000.0,-75000.0,110.0,360.22108248965327,86.64352243823683,1.4895854483269082,14.781797843453695,0.8378369912631066,-93602.2342691642
200000.0,45000.0,-75000.0,110.0,322.66001488590916,47.53049035281833,1.8116741600216342,4.937417377755676,0.3301834005855407,-44863.855118167216
200000.0,45000.0,-75000.0,110.0,373.628489982128,306.18131655665286,1.3646962166332102,17.666283977428137,0.9690451703968465,-99183.92083404458
200000.0,45000.0,-75000.0,110.0,323.3175318841007,100.40981824418559,0.6271003106497415,7.938464118911465,0.5186531127500624,-24393.564609376466
200000.0,45000.0,-75000.0,110.0,322.9034845969033,118.32214061914544,1.8709380093704187,11.813120072248442,0.5541201559848267,-77754.33461927081
200000.0,45000.0,-75000.0,110.0,333.513135570842,483.9235585385734,1.787956686052043,16.75039854408443,0.8965144287073372,-120219.67252120585
200000.0,45000.0,-75000.0,110.0,322.4657176742166,108.85886774038241,1.216969075003079,18.47083228902754,0.5277758101419684,-48171.51296081039
200000.0,45000.0,-75000.0,110.0,377.9930158439999,526.7051980456345,1.645515913832627,12.583945443106423,0.9845338552109784,-121504.95948424892
200000.0,45000.0,-75000.0,110.0,345.276940655222,358.1827816930977,1.916435180119191,17.050490769118415,0.9176719575427345,-131899.41174328057
200000.0,45000.0,-75000.0,110.0,304.0332403024155,340.3928327088712,1.3034233806944688,19.773662619396134,0.5581495145766021,-54562.88454168086
200000.0,45000.0,-75000.0,110.0,317.3147738209446,234.9135911796393,1.22433952997351,6.434100714269965,0.647465098431318,-59453.78357157393
200000.0,45000.0,-75000.0,110.0,335.50951982205197,166.44225672880603,0.7136768076389245,1.4811458895666525,0.7664495385087026,-41024.79448944133
200000.0,45000.0,-75000.0,110.0,373.72601924405944,350.2231657510646,1.3069230626109904,17.740008767908503,0.972931836151255,-95366.02912608994
200000.0,45000.0,-75000.0,110.0,342.67038239737616,388.8283403398088,0.7900812123378196,8.033311978867815,0.9148216388604652,-54208.75421278105
200000.0,45000.0,-75000.0,110.0,306.84043694250704,450.4880091777807,1.3494737278518327,5.872237122565805,0.6630144314523817,-67104.04173237068
200000.0,45000.0,-75000.0,110.0,328.153369151768,373.6644107770391,0.9831740560229904,10.701651834876502,0.8369141261311385,-61712.419194846596
200000.0,45000.0,-75000.0,110.0,364.7402110016831,205.02544546284776,0.7041469067457309,8.167651677457535,0.9364173766070648,-49453.154937061256
200000.0,45000.0,-75000.0,110.0,366.2959880742514,558.6649733262301,1.181153098727599,4.383805914037996,0.9771382964715066,-86561.24450720457
200000.0,45000.0,-75000.0,110.0,336.3494411537339,290.59080020472027,1.1969492598042875,2.4676260435424204,0.8564267644908904,-76882.4536375464
200000.0,45000.0,-75000.0,110.0,327.47277520229426,221.61891127412272,1.9884210775454911,7.313270810173387,0.7462603794070324,-111290.99008125288
200000.0,45000.0,-75000.0,110.0,315.7684183124089,49.94498266577862,1.2981113304903742,1.867560766221791,0.2642660074312457,-25728.50238824651
200000.0,45000.0,-75000.0,110.0,371.4531020422013,120.61949650431227,1.0754953869740242,17.904942179943763,0.9188934702016295,-74119.92662418041
200000.0,45000.0,-75000.0,110.0,309.43401159593185,255.3605921412593,1.7646540283289882,7.095455096790809,0.5638867750385356,-74629.88018198953
200000.0,45000.0,-75000.0,110.0,335.4575236877055,547.9655507871447,1.9238960830128262,1.6517385286247814,0.9150902800539182,-132040.39540491326
200000.0,45000.0,-75000.0,110.0,358.79972108086974,226.77817141106908,1.9694069671805496,3.3376764486595714,0.9272280141324643,-136956.69833980952
200000.0,45000.0,-75000.0,110.0,330.87597529516245,118.73651902952307,0.5565795956690514,8.823168685405653,0.6512898711434956,-27187.09898582965
200000.0,45000.0,-75000.0,110.0,350.5331081903497,353.0213040248682,1.9868251785337692,4.681476243188889,0.9328722786775849,-139009.05987245977
200000.0,45000.0,-75000.0,110.0,349.29172201208536,124.80646091791088,1.1595568231768592,8.044547678596555,0.8230325318870008,-71576.47410345732
200000.0,45000.0,-75000.0,110.0,304.3952083041248,244.97774599402683,0.5014024071292671,5.211650979745541,0.48148147592942003,-18106.197826437263
200000.0,45000.0,-75000.0,110.0,346.2100640696216,333.6176242914526,0.5468355268475034,1.565403142000287,0.9154699941269179,-37545.86374136055
200000.0,45000.0,-75000.0,110.0,320.4919417423518,149.93099830602335,1.2721465154285607,5.743771671623867,0.5812652276450218,-55459.09004163027
200000.0,45000.0,-75000.0,110.0,309.5108094290499,434.27795169167655,1.9172459369641048,17.997198057548417,0.6883249489949027,-98976.61588286264
200000.0,45000.0,-75000.0,110.0,340.67535275898604,181.47332036742,0.8901143797699589,7.513429048666708,0.820458051238444,-54772.61320540325
200000.0,45000.0,-75000.0,110.0,315.42471348727537,372.71754675268244,1.657315006639061,4.3616101290892395,0.7245827374142575,-90064.63832011943
200000.0,45000.0,-75000.0,110.0,316.8414669985368,104.02039469492736,1.0649619801338401,14.599417244797047,0.4422103369425546,-35320.28970494967
200000.0,45000.0,-75000.0,110.0,314.33615054849946,88.73935715723948,1.0602640243132846,15.428598836267776,0.3711624176629865,-29514.761896890468
200000.0,45000.0,-75000.0,110.0,330.9163202332257,84.16886383242768,1.985308062255255,10.206879549727988,0.5701899897119963,-84900.20876943503
200000.0,45000.0,-75000.0,110.0,370.4461358612061,440.7170222571831,1.6939924744290522,6.221635924611583,0.9754828640220689,-123934.54729409123
200000.0,45000.0,-75000.0,110.0,334.1555228898076,357.51167007683233,1.9612157093152884,3.976009734238089,0.8684727366966788,-127744.6780741175
200000.0,45000.0,-75000.0,110.0,339.5366844654233,56.03362319698138,1.2830764108606523,2.668489002627486,0.5722448948053986,-55067.54443201818
200000.0,45000.0,-75000.0,110.0,348.73318560789426,57.07846922524561,0.8892765479128015,10.813998933535213,0.6747776740222995,-45004.79704223852
200000.0,45000.0,-75000.0,110.0,308.9471103756393,175.9321404918359,1.9927989534616202,2.494058066983375,0.4642625924596343,-69388.65062887034
200000.0,45000.0,-75000.0,110.0,329.4375623984396,598.4398787479345,1.1679659809972387,16.763070225298982,0.897588102220999,-78626.42762564991
200000.0,45000.0,-75000.0,110.0,332.39938161643903,116.97064914473836,1.7013784072778282,14.549093331627121,0.6647870708171315,-84829.0775794308
200000.0,45000.0,-75000.0,110.0,350.21102641241134,555.8706470752403,0.8006947082099933,14.885997789520918,0.9557007763094576,-57391.84156673739
200000.0,45000.0,-75000.0,110.0,351.31661266767367,511.0686440780312,0.7507811535340728,1.1495467122965453,0.954177872428624,-53728.40728039872
200000.0,45000.0,-75000.0,110.0,305.520578962094,356.2671589768635,1.6458436268603982,8.21100687474334,0.590468456303012,-72886.40592513073
200000.0,45000.0,-75000.0,110.0,315.27815081100323,285.27846338439963,1.0873594916009899,3.8825435875285415,0.6664064938892242,-54346.756979623875
200000.0,45000.0,-75000.0,110.0,363.0701242615455,128.9984655520364,1.628109779930063,3.481322835946253,0.8964258056870664,-109460.97159155994
200000.0,45000.0,-75000.0,110.0,327.54956300633296,269.1482244589164,1.3034601389882798,7.864831369375752,0.7819290680269106,-76441.00287669997
200000.0,45000.0,-75000.0,110.0,329.481569178452,533.8747901082902,1.587569774899644,8.889781688418065,0.8868275782714363,-105592.54941083855
200000.0,45000.0,-75000.0,110.0,369.4202166003049,526.6744286500996,1.0470080029466926,10.750654637299572,0.9785671329319947,-76842.57147002988
200000.0,45000.0,-75000.0,110.0,371.36858916227067,492.2072331374643,1.5147926643254706,2.6669022472845105,0.9787589468439999,-111196.26546166607
200000.0,45000.0,-75000.0,110.0,354.1509804236139,132.9236813251464,1.7199208539655382,19.439633828935882,0.8596826451893181,-110893.95819400236
200000.0,45000.0,-75000.0,110.0,305.4380066829162,528.8835562434274,0.534346767282253,3.32588708172404,0.6805282237566015,-27272.85423065053
200000.0,45000.0,-75000.0,110.0,361.0847021640272,191.82792016962998,1.553732269519829,9.696691284856541,0.922224009762622,-107466.69027706167
200000.0,45000.0,-75000.0,110.0,338.10308586473167,248.67977761442256,0.7990020154045641,2.8871363901791867,0.8473076148217816,-50775.03689326782
200000.0,45000.0,-75000.0,110.0,319.25877862801264,155.1244951973205,1.82774778077186,11.561052804448446,0.5736575928539294,-78637.60441962724
200000.0,45000.0,-75000.0,110.0,355.6360455691969,357.5468452195029,1.654193500331235,13.480041830152093,0.9461382149001784,-117382.17641271542
200000.0,45000.0,-75000.0,110.0,364.23284890599996,288.69821664462586,1.6054092868676089,1.935446398074074,0.9530819338560924,-114756.49408187332
200000.0,45000.0,-75000.0,110.0,336.3550729132688,144.27816633456305,0.5072850915707723,7.810898225544666,0.7476315291700121,-28444.674655215455
200000.0,45000.0,-75000.0,110.0,332.9860938429612,508.5074311203544,1.0102237280472985,14.019861356182032,0.8987077828105288,-68092.19450819807
200000.0,45000.0,-75000.0,110.0,358.42877285241406,527.0582458693849,1.8149969264611414,5.803133114951505,0.9668369991632754,-131610.46364026936
200000.0,45000.0,-75000.0,110.0,348.7069126215607,333.0053438233284,0.5069194374130621,8.71628451367452,0.923609880477732,-35114.6850750688
200000.0,45000.0,-75000.0,110.0,305.0469893452536,246.26231429840115,1.3630522242977603,13.945226415758851,0.492279257380281,-50325.17525608812
200000.0,45000.0,-75000.0,110.0,364.8039025590653,96.60380429687669,0.7914528047142924,17.19130309224888,0.8743297244088156,-51899.303447132355
200000.0,45000.0,-75000.0,110.0,355.9914532343285,580.349473895741,0.7798617037382309,19.57651832691542,0.9666095891168792,-56536.63507638006
200000.0,45000.0,-75000.0,110.0,357.97712706542256,485.3858729971025,1.7661335194415986,18.2643631715701,0.9634266365956434,-127615.50573108342
200000.0,45000.0,-75000.0,110.0,332.45198407024895,512.1044026181918,0.5915276308914612,19.302674489225407,0.8969589612008309,-39793.20069944952
200000.0,45000.0,-75000.0,110.0,336.4980965694358,202.71034706379004,0.6229432570540574,7.621487239701395,0.8073519242445878,-37720.082795833805
200000.0,45000.0,-75000.0,110.0,356.5925923531028,468.27166681172105,0.8273173800514488,18.81093424134095,0.9599431770320691,-59563.325566532665
200000.0,45000.0,-75000.0,110.0,300.16027317308505,214.52001703379253,1.9861063588117511,15.586062341817112,0.38752024319001416,-57724.23143759725
200000.0,45000.0,-75000.0,110.0,361.1987964132221,181.04921794374866,0.9963812429071648,13.379012403408325,0.9183292807746718,-68625.45526322327
200000.0,45000.0,-75000.0,110.0,301.8955493152516,95.03952701015477,1.08220121470076,11.567989715934623,0.23717870185442044,-19250.63094360024
200000.0,45000.0,-75000.0,110.0,335.0939089746151,263.74928493262826,1.43200293553144,14.722882644580611,0.8359931975984829,-89785.8534784007
200000.0,45000.0,-75000.0,110.0,340.9729134464449,213.17227639844842,1.290002815091588,8.73077922347885,0.8447902348359655,-81733.63358252094
200000.0,45000.0,-75000.0,110.0,372.4924955344173,422.53747322601134,1.037771255582864,7.11815049457522,0.976378738066282,-75994.33416955933
200000.0,45000.0,-75000.0,110.0,337.5800090522434,214.2636454366077,1.39757833256902,3.028558415128534,0.8234464823029516,-86312.32212725881
200000.0,45000.0,-75000.0,110.0,353.10915487470294,239.30198642176805,0.631002137840672,3.664064267084192,0.9133716492777614,-43225.4597502996
200000.0,45000.0,-75000.0,110.0,358.37276570913434,46.24218705708709,1.7260052460324178,4.096109511020812,0.7184561716609731,-93004.43409984051
200000.0,45000.0,-75000.0,110.0,353.89696835831796,127.47878319002726,1.7877773915959845,3.806857150317355,0.8531923524055582,-114398.84987349382
200000.0,45000.0,-75000.0,110.0,376.72152417540985,179.18887204053695,0.8129376329793734,6.096138629428615,0.9537784299984509,-58152.17844522927
200000.0,45000.0,-75000.0,110.0,312.7638492964859,358.572052547829,1.7521266767480614,5.917727752142563,0.6862468442537841,-90179.35519884204
200000.0,45000.0,-75000.0,110.0,365.39980136267997,502.8905048398145,1.6283121501959046,8.854795054252321,0.9737565908974986,-118918.47662188047
200000.0,45000.0,-75000.0,110.0,326.0443546908792,576.5277925571479,1.5179528902605872,12.190487008079163,0.876794488904121,-99819.95464474236
200000.0,45000.0,-75000.0,110.0,338.1136464713387,59.306733348922776,1.7774428947259602,10.955666585387796,0.5697166752435252,-75947.9142313876
200000.0,45000.0,-75000.0,110.0,316.9593994936153,366.69411565760805,0.5781043498892406,3.517967022383149,0.7377101565486486,-31985.50878436848
200000.0,45000.0,-75000.0,110.0,376.6907126050043,68.7586281128802,0.7508613628050094,19.281552915356762,0.8877509769007559,-49993.3431260385
200000.0,45000.0,-75000.0,110.0,372.03436509678403,142.1027842227615,1.5434290223972797,3.9597586082921543,0.9317624240878237,-107858.1875487292
200000.0,45000.0,-75000.0,110.0,307.31111653369464,84.92124267922289,0.9028497524578649,3.5685860926892277,0.27591148273429217,-18682.996041520364
200000.0,45000.0,-75000.0,110.0,326.8051956617715,229.98474817139913,0.6341154901072015,5.542095566619581,0.7468829833262122,-35520.75517684723
200000.0,45000.0,-75000.0,110.0,367.67076550505055,246.30831635124122,1.6764250715877074,16.00006907325707,0.9521863942622609,-119720.18581244639
200000.0,45000.0,-75000.0,110.0,374.3093296691252,406.1387747303396,0.6151254213880483,5.899219757773057,0.9770820325395705,-45077.09977474455
200000.0,45000.0,-75000.0,110.0,318.67097508611363,460.52725187435476,0.5825259705501651,5.730942204092913,0.794727739643701,-34721.216089431444
200000.0,45000.0,-75000.0,110.0,366.46814621182864,196.31969376484156,1.2355229298054837,2.545259625322597,0.9379817101788644,-86917.34329981117
200000.0,45000.0,-75000.0,110.0,302.50588681963535,437.28314975201056,0.6866032809267008,1.0259155397240427,0.59730560046699,-30758.39887473963
200000.0,45000.0,-75000.0,110.0,350.46214500974173,456.2377714390182,1.5589929305460366,16.326629670819482,0.9471014531960371,-110739.33525318748
200000.0,45000.0,-75000.0,110.0,302.5038048084019,350.8718145859633,1.9280456594137674,9.304137572527418,0.5433825914563797,-78574.98351438579
200000.0,45000.0,-75000.0,110.0,379.57810216044396,198.84226552746264,1.0319707995993253,7.664673567882066,0.9622824136673638,-74478.55139045086
200000.0,45000.0,-75000.0,110.0,367.11132335752126,182.50780201950266,1.7751601349260915,13.354989438548559,0.9351861162834322,-124507.88342720286
200000.0,45000.0,-75000.0,110.0,306.2219936882007,577.5332431861127,0.5281758174361298,7.545788070087277,0.7088006677245973,-28077.852905603537
200000.0,45000.0,-75000.0,110.0,378.0023651029053,319.30172569314897,1.45222891240502,14.861100770773517,0.9747502376565663,-106167.03581238976
200000.0,45000.0,-75000.0,110.0,378.50990921964654,109.36362295932753,0.5860220748603582,19.990638332360927,0.9309327575284336,-40916.03595917155
200000.0,45000.0,-75000.0,110.0,337.55018742727844,71.07572369837268,1.6572352276686022,8.364068555269233,0.6070661771618717,-75453.85907390718
200000.0,45000.0,-75000.0,110.0,345.73648212493845,355.5325066971444,1.8798617853522719,14.966549659258147,0.9186793722869865,-129524.26837152892
200000.0,45000.0,-75000.0,110.0,313.3109140457526,312.73707276798274,1.5431449733400266,1.6677344697331433,0.662863430847767,-76717.0778492742
200000.0,45000.0,-75000.0,110.0,315.1201558943427,342.5828719255331,1.7901745786172227,4.402355718279369,0.7039996001849146,-94521.16407057921
200000.0,45000.0,-75000.0,110.0,346.75090969377675,460.238438763544,1.4181593335324854,13.204900318205524,0.9386855485975828,-99840.42539967925
200000.0,45000.0,-75000.0,110.0,350.84521393698816,516.0568225575823,1.303489404898538,8.703619154935131,0.953695074740047,-93234.85690706779
200000.0,45000.0,-75000.0,110.0,344.1465549196911,181.9962216318023,1.783462830339417,7.040315145388169,0.8432460307927668,-112792.34645626105
200000.0,45000.0,-75000.0,110.0,342.06633830621035,149.5775989796206,0.8712130754688145,5.868461922836813,0.80071462243085,-52319.478658562366
200000.0,45000.0,-75000.0,110.0,304.0193826309254,537.4732328303736,1.3219812776227822,3.178780640221036,0.6658829379317037,-66021.35827756241
200000.0,45000.0,-75000.0,110.0,301.7490418893839,350.5238763040391,1.2248397317069353,12.191777289687861,0.5320114571083064,-48872.15777921653
200000.0,45000.0,-75000.0,110.0,327.738551007669,158.26475151125746,1.4305276843282113,18.6394702316311,0.6803714453263945,-72996.7641124354
200000.0,45000.0,-75000.0,110.0,315.1339314284595,319.83307096640124,1.662196399912561,8.604471874838373,0.689643556764119,-85974.22779571594
200000.0,45000.0,-75000.0,110.0,367.1648674313705,441.56882529374826,0.6534772181657278,3.684907098029592,0.9722105727392409,-47648.80954087111
200000.0,45000.0,-75000.0,110.0,372.7409799370464,188.4353536068128,1.6808803547033562,9.173677583617607,0.9490137312197825,-119638.39028632977
200000.0,45000.0,-75000.0,110.0,306.7542594020877,437.13030928993066,0.848118770395027,15.144095816299298,0.655137864671176,-41672.604016810605
200000.0,45000.0,-75000.0,110.0,354.7773705876725,427.46725256603753,1.8606424183660666,7.373297212974338,0.9529227050072657,-132978.63047704895
200000.0,45000.0,-75000.0,110.0,350.67804195360276,290.1112799931178,1.7811588583398181,15.45862045678775,0.9199589221900537,-122894.47376756743
200000.0,45000.0,-75000.0,110.0,335.3074816394803,172.27441836992526,0.5369843220366827,10.521940400429036,0.7708453090029967,-31044.88842375985
200000.0,45000.0,-75000.0,110.0,325.8835741189736,230.5389294159901,1.174392894630862,8.036784258789293,0.7383914485743789,-65037.1252996455
200000.0,45000.0,-75000.0,110.0,329.68402387993365,113.22876342622061,1.0198599979606109,15.069647559835113,0.6266974961191387,-47935.77803354886
200000.0,45000.0,-75000.0,110.0,337.1152957998709,546.3620326302535,1.4629513943781332,14.523035548311954,0.9208423231218023,-101036.067046008
200000.0,45000.0,-75000.0,110.0,320.6714424928224,346.1010419436155,1.3999925274859704,9.781660339672282,0.7638633940679925,-80205.22827864454
200000.0,45000.0,-75000.0,110.0,372.4656190363827,34.80813402610987,1.6375295705872985,17.121746692741343,0.7728067039707657,-94912.03725751751
200000.0,45000.0,-75000.0,110.0,304.2922003974292,258.7147393924256,0.6007391464651872,7.731000621613522,0.4936082022136231,-22239.73275645206
200000.0,45000.0,-75000.0,110.0,333.43990510687365,294.09881591089766,1.112632970169376,3.7376626268697266,0.839903042077294,-70087.78622705655
200000.0,45000.0,-75000.0,110.0,333.67496801228594,550.2108032707107,0.6317104597251697,17.741947262413447,0.9084893451013883,-43042.66663870623
200000.0,45000.0,-75000.0,110.0,341.141783678784,349.9162717986564,1.9242611469731687,17.708301640022498,0.9000483467785216,-129894.60480775067
200000.0,45000.0,-75000.0,110.0,306.21757548090517,569.7439326110053,0.9452652101607825,2.0662171686733193,0.7059370704339306,-50047.33149330124
200000.0,45000.0,-75000.0,110.0,372.20813675321057,178.40906814864007,0.733542630049745,10.463020764003705,0.945236080641697,-52002.82204588674
200000.0,45000.0,-75000.0,110.0,353.74907636455816,580.8523116371293,1.7209133277462023,4.288565772571555,0.9633856783090706,-124342.74401714213
200000.0,45000.0,-75000.0,110.0,308.37427021626854,577.7958931761979,1.5135957558255615,7.883211924057142,0.7336819423327788,-83287.34055305614
200000.0,45000.0,-75000.0,110.0,376.2432032651765,228.98156341212132,1.4497518930349091,9.082339651190551,0.9628137299840914,-104688.07707633288
200000.0,45000.0,-75000.0,110.0,373.36680785871437,596.8166289728943,1.0133279887208302,18.589167476910696,0.9837145147259704,-74761.90880120663
200000.0,45000.0,-75000.0,110.0,366.2760818229566,37.753192905022416,0.5845458005083579,15.243424513088714,0.7426680030314923,-32559.259675799043
200000.0,45000.0,-75000.0,110.0,304.6677410811308,211.15868199241643,1.1243211746530777,13.708418894641621,0.44849345512670385,-37818.80162192048
200000.0,45000.0,-75000.0,110.0,332.19456707052746,170.52581991605302,0.6107022346700561,19.753106057440558,0.741086835371845,-33943.753983460934
200000.0,45000.0,-75000.0,110.0,373.1335659608144,385.8399493032998,1.8875013427794791,17.541545904510546,0.9748104185800532,-137996.69805189574
200000.0,45000.0,-75000.0,110.0,355.54020046644774,479.6622520498884,1.181502249408005,16.324978643027038,0.9591319660162125,-84991.2431495458
200000.0,45000.0,-75000.0,110.0,377.18130819899227,473.77496888188375,0.5113279335887502,6.16035907518194,0.9823079748025765,-37671.113017766365
200000.0,45000.0,-75000.0,110.0,330.8208863981614,385.67809701571247,1.3522862373457891,13.092709236129787,0.8581593996277415,-87035.78591741399
200000.0,45000.0,-75000.0,110.0,374.1376833953607,34.05366493465512,1.8001639291041154,2.6275234362812503,0.7802730296261311,-105346.45220893109
200000.0,45000.0,-75000.0,110.0,315.8149347553102,451.4947075857465,1.3590489272696487,17.51123924225971,0.7649934445081347,-77974.76400953204
200000.0,45000.0,-75000.0,110.0,349.4553488421033,53.67686856569283,0.7383707561070139,9.885994090741931,0.6682993732596348,-37008.953515467
200000.0,45000.0,-75000.0,110.0,305.3403375586519,286.12184979586124,1.228894229066385,15.113033814135981,0.5339928690921791,-49216.556639248534
200000.0,45000.0,-75000.0,110.0,352.7745431936514,567.7906487377503,0.6150177993513691,14.91016622473892,0.9610221195173478,-44328.42818051608
200000.0,45000.0,-75000.0,110.0,329.5958158750417,97.67222299516503,0.9767408531914026,9.894800227457976,0.5904650370574516,-43254.84930563912
200000.0,45000.0,-75000.0,110.0,314.52910444457825,115.60818432235247,1.874593187314779,6.479102121653566,0.43729027831413997,-61480.603245500286
200000.0,45000.0,-75000.0,110.0,317.27629306696036,547.7669783143862,1.2637923524141006,8.896309921369483,0.8103796133746994,-76811.36684514306
200000.0,45000.0,-75000.0,110.0,319.42379674119775,575.1375147014165,0.9308576312814025,10.673573817058756,0.8342329869072285,-58241.4106596954
200000.0,45000.0,-75000.0,110.0,366.8143543654857,87.41746604775176,1.7927381603967492,14.759486888993369,0.8722712553695043,-117281.5474288566
200000.0,45000.0,-75000.0,110.0,364.30023339721123,280.1408326743051,0.7462059845282543,2.4449250345836107,0.951844085816033,-53270.38148803118
200000.0,45000.0,-75000.0,110.0,318.37396348403666,413.2214064967527,1.7667346682070262,2.338528321837177,0.7737185801616489,-102521.65792556266
200000.0,45000.0,-75000.0,110.0,344.17514262609944,325.9849615118979,1.8322484680183484,6.85199797529492,0.9060858453644636,-124513.08015466113
200000.0,45000.0,-75000.0,110.0,342.7546677137026,302.484543119617,1.9407821603135547,3.577579714577379,0.8934768455144292,-130053.29418207255
200000.0,45000.0,-75000.0,110.0,335.4625042325025,492.5587388499542,0.5675651150838474,1.1590850459799449,0.9064529835280193,-38585.331893563285
200000.0,45000.0,-75000.0,110.0,307.4686369252906,127.1758503301753,0.8496485731975487,11.769361880432829,0.36540890129441067,-23285.186371385997
200000.0,45000.0,-75000.0,110.0,304.31291049128185,360.421400718771,1.6516942850450573,5.397524932611215,0.5761991709801376,-71377.8658316695
200000.0,45000.0,-75000.0,110.0,343.45017034545964,166.92811756769007,0.6618927236642429,9.791148078741173,0.82696512543238,-41052.16494358352
200000.0,45000.0,-75000.0,110.0,306.05545686734644,166.6417545570034,1.8931664592686555,12.887912041799874,0.41024051970510217,-58249.019410398105
200000.0,45000.0,-75000.0,110.0,316.1683704655695,450.638696968484,1.3176757080169246,13.339486482545858,0.7680823535040467,-75906.2594226563
200000.0,45000.0,-75000.0,110.0,349.22402812766853,152.6273210001014,1.1405293527086187,10.536541316672897,0.8500841238680245,-72715.94216573033
200000.0,45000.0,-75000.0,110.0,354.19982936208584,541.8331814250382,1.2292781924202718,8.159732995157425,0.9615780718237459,-88653.52155018486
200000.0,45000.0,-75000.0,110.0,369.67412817133106,486.9193509579265,1.3013166777809055,2.3069848496127427,0.9770841316102442,-95362.1907044613
200000.0,45000.0,-75000.0,110.0,345.5752432234509,443.66018551405443,0.9117179173053469,15.080770109915274,0.9333095589174956,-63818.62854430733
200000.0,45000.0,-75000.0,110.0,319.1224031273097,340.7629570579588,0.6666121507630983,13.871141039778166,0.7458318268006404,-37288.54186283592
200000.0,45000.0,-75000.0,110.0,353.049648372075,31.905960407173932,1.98569805039939,4.4630734183024465,0.5837042980043102,-86929.53649176775
200000.0,45000.0,-75000.0,110.0,366.98517192359714,127.05408821825952,0.7716648298925508,2.764557739089995,0.9090406869349373,-52610.6045286792
200000.0,45000.0,-75000.0,110.0,374.77604565310395,281.66738720405624,1.9841245663625882,18.83150617264155,0.9678507528126193,-144025.2341421032
200000.0,45000.0,-75000.0,110.0,374.70346976693315,209.87912778675863,1.298681727622304,15.61481374164381,0.9572091028776071,-93233.24785656648
200000.0,45000.0,-75000.0,110.0,358.8095742142149,79.36112935765918,0.9791481061828577,3.553257969960091,0.8168752916666242,-59988.14211172085
200000.0,45000.0,-75000.0,110.0,341.20227450014755,257.6532783764168,1.240939573634261,3.885212312247363,0.8692672686435235,-80903.11152935345
200000.0,45000.0,-75000.0,110.0,303.92022230482394,329.76594540286067,0.9083259009670785,16.3024790630586,0.5486748435517992,-37378.16787053691
200000.0,45000.0,-75000.0,110.0,372.8844285842325,318.60658032898806,1.71347957178771,15.855035719594124,0.969369665203271,-124574.63391273725
200000.0,45000.0,-75000.0,110.0,304.4746912414605,118.48427097652416,0.715471128770474,3.1956494508050604,0.3109132275969443,-16683.707842384276
200000.0,45000.0,-75000.0,110.0,343.82392382793785,406.9095269011492,1.1004324754177426,11.785623522578387,0.9221861847802585,-76110.27195853378
200000.0,45000.0,-75000.0,110.0,312.22362780712234,536.4715337855328,0.8893672696707067,16.267691708599415,0.7605271842194952,-50729.09890047322
200000.0,45000.0,-75000.0,110.0,334.08351623933504,348.75428784971166,1.243790067865012,11.98723082684245,0.8652072299186205,-80710.2119413335
200000.0,45000.0,-75000.0,110.0,303.6324127532334,502.3984124886054,1.425292419964543,12.073372483021407,0.6455298211733413,-69005.15707345727
200000.0,45000.0,-75000.0,110.0,317.8405311883014,235.97450666947384,1.822818819286605,14.95478389416116,0.6548974012189264,-89531.94807328121
200000.0,45000.0,-75000.0,110.0,376.3787740055134,184.22337596113198,1.8205131204193759,5.97168426137451,0.9544189043801011,-130314.91033501948
200000.0,45000.0,-75000.0,110.0,324.9912391685342,181.69240079108468,1.8086357953604792,8.583923200706863,0.6800315737824326,-92244.70847386713
200000.0,45000.0,-75000.0,110.0,354.8567491243104,187.34410238876248,1.214783154815919,3.4391001657432563,0.8990056748889667,-81907.27124542749
200000.0,45000.0,-75000.0,110.0,318.5184055671837,448.50779816408215,0.5200321154753098,14.437225293791283,0.7890287283502322,-30774.02090810736
200000.0,45000.0,-75000.0,110.0,311.2793003023319,238.04913937405576,1.53024054159162,4.377997265507695,0.5721050354904593,-65659.37395171601
200000.0,45000.0,-75000.0,110.0,326.118153194678,462.0004530358129,1.4631205440979504,14.781312273856761,0.8512853230077745,-93414.97837363009
200000.0,45000.0,-75000.0,110.0,348.9534219570961,512.437628285272,1.9112160897437198,18.392751394031627,0.949522036242008,-136105.63449239588
200000.0,45000.0,-75000.0,110.0,315.04561806457184,63.544699675619995,1.6707116608242456,9.425366133791666,0.3052508830950656,-38248.96573978685
200000.0,45000.0,-75000.0,110.0,328.89990518868564,218.56865479219195,0.8978009664632001,5.14424767988957,0.7570593820154282,-50976.64836326133
200000.0,45000.0,-75000.0,110.0,301.38310639272646,65.55166132896733,0.7953935361462635,15.606653079869648,0.1721952549315743,-10272.224454572415
200000.0,45000.0,-75000.0,110.0,316.41338434650316,228.0267440275117,1.4659633015648965,19.085040097218574,0.6293823178772457,-69198.85354964208
200000.0,45000.0,-75000.0,110.0,326.4992657583471,185.84654449843518,1.6671596647800797,13.943652225141406,0.701289584378353,-87687.12813044824
200000.0,45000.0,-75000.0,110.0,367.54703037927186,486.0344655666245,1.2682625742932685,1.9454618999860005,0.9750639893106995,-92747.78738878887
200000.0,45000.0,-75000.0,110.0,317.6251509250145,449.27585330020753,1.5475493655366792,8.99946966414862,0.7812563303598972,-90677.45537774797
200000.0,45000.0,-75000.0,110.0,355.8714721545356,443.5829606150723,0.9509777015442473,10.49162746697184,0.9565471755324637,-68224.12758048781
200000.0,45000.0,-75000.0,110.0,317.1954693489521,434.4133180306329,0.574933161676701,5.633088666393278,0.7714079308822464,-33263.1000483459
200000.0,45000.0,-75000.0,110.0,337.10667742105846,362.66968471668235,0.884752880918688,17.51473989662548,0.8853041297736235,-58745.65344798191
200000.0,45000.0,-75000.0,110.0,309.1779729956415,314.29468002018905,1.8273105006400021,8.030876258749363,0.6106678915190736,-83690.98879323696
200000.0,45000.0,-75000.0,110.0,345.38425898160875,501.8367202315668,1.5084764919134739,17.33211060328587,0.9400955346464153,-106358.40106252096
200000.0,45000.0,-75000.0,110.0,316.9524735067563,535.7305547638464,1.6538776302348928,11.646438282099362,0.804212082419128,-99755.12798082118
200000.0,45000.0,-75000.0,110.0,359.89771304238013,349.47260126230316,1.1938166561105925,1.7165399312796121,0.9536176499497265,-85383.3475553268
200000.0,45000.0,-75000.0,110.0,322.2660068576356,183.71629367653057,1.759649046057588,18.347429667849546,0.6511632731180926,-85936.41242774912
200000.0,45000.0,-75000.0,110.0,346.50634138648195,325.94502215531094,1.8827086024527548,7.445568618637028,0.9147007839863129,-129158.62760109827
200000.0,45000.0,-75000.0,110.0,376.5333732551584,67.02659799717864,0.7192465861146109,12.291587247000002,0.8845717593928297,-47716.89135875158
200000.0,45000.0,-75000.0,110.0,371.2364996637184,584.3769159054747,1.359311217877269,13.409942239317122,0.9819573621989609,-100108.92434356651
200000.0,45000.0,-75000.0,110.0,327.7743376218203,390.7163801161963,1.5652724798719662,2.9852254754829515,0.840371537316876,-98655.78301723523
200000.0,45000.0,-75000.0,110.0,315.7495623979866,368.14258074298976,1.8356783948914965,17.022472044865314,0.7256398598878081,-99903.10599511064
200000.0,45000.0,-75000.0,110.0,327.2512521841596,120.64371968262165,1.8683757042028415,12.466978983637995,0.6128860830617103,-85882.61002774083
200000.0,45000.0,-75000.0,110.0,300.397798259633,114.15835826174107,1.1192954769536194,5.04911133189641,0.25458503576852715,-21371.69092768409
200000.0,45000.0,-75000.0,110.0,377.9777401574284,130.96837105163013,1.3473632603191794,15.843473125300756,0.9405456287467929,-95044.24686204236
200000.0,45000.0,-75000.0,110.0,306.57256715811866,252.3601662441991,1.4519633333636182,5.665217265999004,0.5204560084108846,-56676.22806310435
200000.0,45000.0,-75000.0,110.0,344.37949316902956,553.9876664176994,1.3762313314320465,1.521276024702431,0.9430193909038916,-97335.96239324252
200000.0,45000.0,-75000.0,110.0,344.83427108111044,98.47734261170235,1.4557464074483133,19.606945749085003,0.7502203333922798,-81909.79163478654
200000.0,45000.0,-75000.0,110.0,374.97002378558983,37.17414564330803,1.5335451542391612,13.870019756651828,0.8001203331703478,-92026.54948062076
200000.0,45000.0,-75000.0,110.0,351.419203039457,109.40954408120206,0.8995933614731222,15.645103406916064,0.8174513755602777,-55153.03730858234
200000.0,45000.0,-75000.0,110.0,323.34944539067266,573.8133314342416,1.1537125801951054,3.1887381291902175,0.8604873319977413,-74456.62950182373
200000.0,45000.0,-75000.0,110.0,379.4515624974546,554.539688241888,1.9159703629926432,12.19677114696493,0.9860750844737098,-141696.79781528213
200000.0,45000.0,-75000.0,110.0,379.58554927242847,353.0992272554081,1.1704948565929565,14.086482701623712,0.97840999884558,-85891.7903465904
200000.0,45000.0,-75000.0,110.0,331.00358985991375,547.0168993192145,1.4615263551730049,2.1024028812245996,0.8964690655532255,-98265.98744275163
200000.0,45000.0,-75000.0,110.0,327.4220313702794,304.4311041873607,1.7346514371625399,11.963354656275826,0.8011806630704654,-104232.68914665146
200000.0,45000.0,-75000.0,110.0,308.35632124761065,144.72929161187025,1.100218570349227,4.617724011259104,0.4080595317667982,-33671.600599338126
200000.0,45000.0,-75000.0,110.0,312.47299849692496,597.1649169684791,1.2993766483222102,3.6568409390536845,0.7818681567045214,-76195.59186664391
200000.0,45000.0,-75000.0,110.0,347.39461718955346,297.12064550237795,1.0557115468676674,10.11614365651931,0.9105021793483925,-72092.07481397054
200000.0,45000.0,-75000.0,110.0,321.4179977656939,404.1908049011472,0.7435548746181266,13.577363369642843,0.7971116797941052,-44452.22063444627
200000.0,45000.0,-75000.0,110.0,330.5847696585867,215.4724869956597,1.8651048479772054,7.241858458183553,0.7696312921751604,-107658.22906431396
200000.0,45000.0,-75000.0,110.0,333.78397122674477,534.7158740416874,1.6823611984570794,6.953812272872629,0.9065363950907507,-114384.12420673769
200000.0,45000.0,-75000.0,110.0,341.3032334950101,534.9128647831617,0.623118977303598,7.60231859351606,0.9327472957545642,-43590.94057599605
200000.0,45000.0,-75000.0,110.0,304.3101984820945,525.8572450890995,0.9755833271166887,5.585424775379969,0.6648062999560591,-48643.04564994507
200000.0,45000.0,-75000.0,110.0,316.705487837595,321.65329572836305,1.0555126218232567,12.011199009206347,0.7087573276515121,-56107.67288594194
200000.0,45000.0,-75000.0,110.0,314.5135784299061,440.6875369460217,1.1068873533928087,15.533079811826246,0.7474603822310979,-62051.583319031786
200000.0,45000.0,-75000.0,110.0,341.0959734820286,103.00566821656894,1.5918760678623238,19.55765405807638,0.7256615470152102,-86637.24375460978
200000.0,45000.0,-75000.0,110.0,329.0696823971288,568.3015423326517,0.8340983732038583,14.866975972331355,0.8909679985369993,-55736.62186173065
200000.0,45000.0,-75000.0,110.0,376.29555005425806,516.8014430894561,1.504793007679694,18.664966492097026,0.9832083420805954,-110964.37786914184
200000.0,45000.0,-75000.0,110.0,343.5341436033253,428.4573236108205,1.3139716547867912,15.723822877799709,0.9248919672103554,-91146.13714908011
200000.0,45000.0,-75000.0,110.0,376.24559165196695,483.01578032056756,0.6005694426677861,11.282266038334676,0.982021198263421,-44232.89427967607
200000.0,45000.0,-75000.0,110.0,312.84086446095085,136.75523459609934,1.0008692444340124,9.104356187423223,0.4558538108919133,-34218.75444598158
200000.0,45000.0,-75000.0,110.0,349.80756909419284,46.46714728370469,0.7649392444888783,3.08507089818718,0.6391927516457241,-36670.77153949856
200000.0,45000.0,-75000.0,110.0,352.42326519552694,549.3171799790003,1.932096327395831,6.16750956305469,0.9591693015024978,-138990.56135878502
200000.0,45000.0,-75000.0,110.0,374.2448546471078,55.8283415104592,0.5668695366231968,9.321073859160709,0.8539277158516659,-36304.920644590406
200000.0,45000.0,-75000.0,110.0,313.13071259816576,338.0979367225514,1.1097941861337373,17.75453655933077,0.6778943825641753,-56424.2433436831
200000.0,45000.0,-75000.0,110.0,302.50903629916127,128.64099201946664,1.8442140579613753,7.577847152901565,0.30383155200410966,-42024.78145936513
200000.0,45000.0,-75000.0,110.0,358.13771728908733,552.3675879901187,0.5272027403631565,19.963674010298888,0.9679295881371449,-38272.134850836315
200000.0,45000.0,-75000.0,110.0,374.5644926493131,343.6570279085951,1.6849924063319868,16.467664107121,0.9732849350960349,-122998.32936256046
200000.0,45000.0,-75000.0,110.0,379.05433317110646,300.901937156844,0.7329237088897355,11.177820192002821,0.974262977008501,-53554.53259072692
200000.0,45000.0,-75000.0,110.0,332.7359747769855,245.31677141534115,0.9553346801408054,18.304425515409314,0.8087332664719885,-57945.82023331844
200000.0,45000.0,-75000.0,110.0,313.2864097546115,239.3697023200005,0.5057133965917213,16.16099654332642,0.6004585439687123,-22774.49473372027
200000.0,45000.0,-75000.0,110.0,334.00425090587385,471.4542193663113,1.9182999120809023,16.304079486464822,0.8963062229752353,-128953.81115482197
200000.0,45000.0,-75000.0,110.0,374.81829480253134,369.84560470178485,1.9668289261352465,7.747618673579715,0.9753657672872195,-143878.3203496952
200000.0,45000.0,-75000.0,110.0,308.6772628686459,436.41543387260396,0.9507815063238915,6.735198212184438,0.6791758502936939,-48431.087850078606
200000.0,45000.0,-75000.0,110.0,326.9361140186407,72.10426837141154,0.9568186034248806,16.334957398363834,0.4822047634669662,-34603.68662589656
200000.0,45000.0,-75000.0,110.0,352.2048536780641,413.64963897898025,1.8455389291259037,4.682104812284913,0.946009920082439,-130942.36011385696
200000.0,45000.0,-75000.0,110.0,326.0921947528119,561.6292667114675,1.2214096415736004,12.588645363553642,0.874206253519346,-80082.29600793483
200000.0,45000.0,-75000.0,110.0,349.2255292059505,581.9710197939793,1.6529299019287407,4.581182017789709,0.9557968414375224,-118489.8884535843
200000.0,45000.0,-75000.0,110.0,325.00631810694404,369.2734622756416,1.0780278787801263,12.017275390011452,0.8121302625445049,-65662.42981679998
200000.0,45000.0,-75000.0,110.0,321.81510845907076,161.42709996061032,1.4860552856687503,9.39550709172537,0.6156879287206286,-68620.97255983013
200000.0,45000.0,-75000.0,110.0,314.58340561081013,236.3348522658456,0.7439413311745403,17.21004465680081,0.614400241124281,-34280.82999419671
200000.0,45000.0,-75000.0,110.0,356.4941424245824,572.3492743207746,0.9190815317004464,14.823937587585293,0.9668526763998857,-66646.23290657123
200000.0,45000.0,-75000.0,110.0,341.2500344368102,533.4085369495942,1.231791679469167,19.326755647198254,0.9324147889370124,-86140.55841199585
200000.0,45000.0,-75000.0,110.0,338.99866410805146,366.7062000364736,1.1667887617235189,18.123896810305595,0.8951373227424883,-78332.71262814103
200000.0,45000.0,-75000.0,110.0,303.4025527658482,496.3266169807735,1.8123881715969918,4.959664811358459,0.6396355825685284,-86945.09729848139
200000.0,45000.0,-75000.0,110.0,331.3173640433158,96.04893903047727,1.1369964860539734,3.2474986687216694,0.6069376002147971,-51756.443902369174
200000.0,45000.0,-75000.0,110.0,306.22682467453865,124.03177883386212,1.2727827490865162,12.112880828167473,0.34335401012617633,-32776.129568870565
200000.0,45000.0,-75000.0,110.0,314.2532736269322,551.6602001595191,0.9965122800739039,7.911049624313538,0.7850689735213112,-58674.81546142509
200000.0,45000.0,-75000.0,110.0,310.7259548746125,586.7554683904359,1.887126259695105,2.169104370740564,0.7616252977061478,-107796.23245120303
200000.0,45000.0,-75000.0,110.0,365.62239861080536,550.983907280373,0.5877767438347171,16.230604953796124,0.9762026938952726,-43034.19305553318
200000.0,45000.0,-75000.0,110.0,366.83109092562995,352.3597314520572,0.6869593727911987,8.41070492113816,0.964967639594901,-49717.01733449375
200000.0,45000.0,-75000.0,110.0,379.07849703894567,482.0581932780207,1.477934321792067,15.63659593580284,0.9837925070816514,-109048.55338033783
200000.0,45000.0,-75000.0,110.0,333.92183045726915,53.78709571956839,1.7207103444752707,4.787789129097735,0.49551306433856035,-63947.58417225009
200000.0,45000.0,-75000.0,110.0,324.2860098357848,482.40547898043565,0.7914899165207467,12.97829493494435,0.8447715124084427,-50147.11003764475
200000.0,45000.0,-75000.0,110.0,357.10633157398524,274.77152071531225,0.534229174411301,1.499735564596099,0.9349479105567046,-37460.733778070935
200000.0,45000.0,-75000.0,110.0,338.4370696229488,237.1994252920712,1.833188318003528,7.408533715446313,0.8431918763618237,-115929.71231864777
200000.0,45000.0,-75000.0,110.0,313.12810208654867,414.30945760103845,1.573059936328981,6.949848110897964,0.7205608816898308,-85011.40910041197
200000.0,45000.0,-75000.0,110.0,312.86434493554833,508.17604853475547,1.1638179048432307,14.374674261852102,0.7571077977104088,-66085.17081538503
200000.0,45000.0,-75000.0,110.0,341.8306808725211,78.14885202819806,1.9172036550922176,4.6108620792795705,0.6749497315241759,-97051.20692112458
200000.0,45000.0,-75000.0,110.0,363.9874224653983,412.8090256888169,0.9877414731926903,5.07461446821453,0.9663944695035631,-71591.09227445384
200000.0,45000.0,-75000.0,110.0,347.68226759336903,90.30229736364335,1.1101330936976224,4.795821604360024,0.7579910583434178,-63110.32189454351
200000.0,45000.0,-75000.0,110.0,354.22136463709364,197.33947246675484,1.0962631865306531,6.09738116603858,0.9012190640700107,-74097.9962204672
200000.0,45000.0,-75000.0,110.0,335.6580789086065,138.34932289343118,0.8653066428475955,13.998323439290182,0.7331461806063344,-47579.71951927531
200000.0,45000.0,-75000.0,110.0,302.10426919426556,598.1778007026475,1.9967910878709219,13.294090419095458,0.6645800153529621,-99527.05888754364
200000.0,45000.0,-75000.0,110.0,377.26239846108695,489.40076118231076,1.5306853478011675,12.64691576636063,0.9829150475087983,-112840.02460162545
200000.0,45000.0,-75000.0,110.0,355.46605204727916,317.89766824853774,0.74376860893827,13.392735669689738,0.9394117134666556,-52402.87075090584
200000.0,45000.0,-75000.0,110.0,335.2542531521939,146.1090927166538,0.8348890061464433,2.2361117628797142,0.7399661143561422,-46334.218034763384
200000.0,45000.0,-75000.0,110.0,318.48552630501445,501.78993031349205,0.6078297865568728,18.20899545105791,0.8068361739195535,-36781.42945349146
200000.0,45000.0,-75000.0,110.0,318.7297706150518,476.2107859408035,1.1110501201100385,13.592750447273534,0.8006375937816212,-66716.13710517618
200000.0,45000.0,-75000.0,110.0,345.5060927807325,206.87269748036695,0.9380832028270438,16.889126669836685,0.866757132133007,-60981.77299383858
200000.0,45000.0,-75000.0,110.0,366.1569306555838,378.3620351645518,1.7369763052581542,16.020425721627618,0.9664260665325355,-125899.4383763141
200000.0,45000.0,-75000.0,110.0,308.0134317178317,126.0281863649567,0.7076520019307486,4.964951289082107,0.3705418704710109,-19666.102232848127
200000.0,45000.0,-75000.0,110.0,351.77430195456026,368.7295563069112,1.588164964028902,12.375688762557607,0.9387558872423019,-111817.44074205677
200000.0,45000.0,-75000.0,110.0,331.85676480296047,390.1773708023702,1.735382609614126,16.693061607803134,0.8656176890234466,-112663.34130792435
200000.0,45000.0,-75000.0,110.0,316.35064702456793,117.3307056766389,1.1471283328901576,10.535935344393186,0.4654822568718071,-40047.59139864781
200000.0,45000.0,-75000.0,110.0,324.8564836554374,138.28227872804786,1.050538994196508,10.167758791804625,0.6163277746548289,-48560.7270360942
200000.0,45000.0,-75000.0,110.0,309.74604339415,165.91227814740205,1.502278495418814,13.642184174228833,0.46091863759877766,-51932.111805178596
200000.0,45000.0,-75000.0,110.0,350.4178986341022,364.02118596570176,1.398833581089102,19.619794896134483,0.9344581661272878,-98036.35971763419
200000.0,45000.0,-75000.0,110.0,377.5519110737739,574.6424065947297,0.6418468471604915,6.339871637879124,0.9855697368171009,-47443.86211746387
200000.0,45000.0,-75000.0,110.0,329.0913897955745,62.6616675927725,1.8959643199120468,14.002193721584188,0.4742352797643444,-67434.98772575283
200000.0,45000.0,-75000.0,110.0,324.4286082250701,92.42649181534335,1.7690724242525053,3.379304668671363,0.5122807458261599,-67969.63056874246
200000.0,45000.0,-75000.0,110.0,357.38916752653853,322.04546481818943,1.7194914383665316,18.66741922539612,0.9445931067359803,-121816.4819829421
200000.0,45000.0,-75000.0,110.0,359.37496350612344,246.40791610454102,1.408568271839038,17.05633429032418,0.9341360555978339,-98684.58071219822
200000.0,45000.0,-75000.0,110.0,359.64779284706253,105.80332178871397,1.6594142630711075,18.739160173893815,0.8603319549474654,-107073.5337761755
200000.0,45000.0,-75000.0,110.0,379.4931533364192,220.90072994255544,1.4854154733576648,15.892891153816255,0.9658151900641292,-107597.76207938485
200000.0,45000.0,-75000.0,110.0,335.0750762654545,440.4063088888288,1.2843251560502842,2.3996858143365074,0.8947780239485087,-86188.9443928525
200000.0,45000.0,-75000.0,110.0,350.806627385698,211.67700922880732,1.6838589224858196,17.23689481027524,0.8939977989834462,-112902.462787572
200000.0,45000.0,-75000.0,110.0,326.77556293741594,114.62430513573038,0.726772811323855,19.49298888764435,0.5948860812492178,-32426.027226519393
200000.0,45000.0,-75000.0,110.0,307.26382329142996,157.76905747326606,1.0901188135328588,6.968872722537356,0.4138344109039919,-33834.65077602969
200000.0,45000.0,-75000.0,110.0,370.552735638324,564.3867262395872,0.7097003014383801,2.6052650760400238,0.9808308956912585,-52207.198674912186
200000.0,45000.0,-75000.0,110.0,333.4271655891872,147.2643576681084,1.9366975142219451,19.24544401660754,0.7241617501813181,-105186.1696103079
200000.0,45000.0,-75000.0,110.0,339.40408534460533,316.1620644328439,0.900405522874268,12.75159396610136,0.8823724886797032,-59586.9796529638
200000.0,45000.0,-75000.0,110.0,323.7106160067093,386.9378293924881,0.6478346294700708,1.2944364073174561,0.8090701384355047,-39310.774001149795
200000.0,45000.0,-75000.0,110.0,342.0120765094805,577.7504344984253,1.1146163990047595,18.108185117294834,0.9393223352574608,-78523.80591220593
200000.0,45000.0,-75000.0,110.0,338.22675873409986,494.6670022604961,0.5323157825119453,3.2077845192827934,0.9173755131209467,-36625.00980932056
200000.0,45000.0,-75000.0,110.0,333.9053234392559,88.15680991344783,1.7745021167821997,10.247870181321291,0.6166454723090002,-82067.90219373602
200000.0,45000.0,-75000.0,110.0,340.8731938200213,502.8874955180046,1.5931224016073495,10.943786957688387,0.9274345216320229,-110813.75343269786
200000.0,45000.0,-75000.0,110.0,372.2383587618152,36.27283352369929,1.9394405149261953,10.235909814910599,0.7784357450478927,-113229.7366659481
200000.0,45000.0,-75000.0,110.0,361.7667062624857,561.5603521028846,1.1161366027588828,18.01896539717051,0.9727569174595345,-81429.72008726158
200000.0,45000.0,-75000.0,110.0,342.0867754085409,524.471823861727,0.8382186458164347,13.510692687844898,0.9337818626047458,-58703.50262703736
200000.0,45000.0,-75000.0,110.0,346.04685419026424,411.9891837566933,1.1392899074328948,2.0400097130730783,0.929952446365832,-79461.4077402842
200000.0,45000.0,-75000.0,110.0,302.62095228919725,177.2216847600917,0.8661798020603968,1.2853742382763875,0.37704132632362186,-24493.918605268816
200000.0,45000.0,-75000.0,110.0,323.28468648692825,254.48995356384654,1.7100398298194006,16.2404609419865,0.7316377217364828,-93834.72338757817
200000.0,45000.0,-75000.0,110.0,344.32377612353224,429.22668048205435,1.5436102256481168,16.262926455910524,0.9274844724761659,-107375.58868830443
200000.0,45000.0,-75000.0,110.0,342.34189750076007,43.948518186053725,1.2255634631807344,6.229925568985698,0.5445581669224017,-50054.29447175783
200000.0,45000.0,-75000.0,110.0,344.31622540588944,121.17332692514094,1.2193011776980889,10.549026528732007,0.7830564190122264,-71608.62104292419
200000.0,45000.0,-75000.0,110.0,316.48720318269415,41.54967155756871,1.401802941180053,6.80267473152795,0.23703297095008397,-24920.513687585535
200000.0,45000.0,-75000.0,110.0,319.6243768531869,515.213252281945,1.8633865286606932,19.405214051180195,0.8200276537539868,-114602.13623508107
200000.0,45000.0,-75000.0,110.0,318.28688766267425,462.8327707693618,1.880108088723262,2.2024859580306724,0.7921872008562836,-111704.81730847036
200000.0,45000.0,-75000.0,110.0,322.0405959593304,585.6721773172832,1.604470547843806,11.923579385517186,0.8546774204219257,-102847.85617305734
200000.0,45000.0,-75000.0,110.0,340.382086583945,284.96228420373666,1.4372003258587023,18.652380666156194,0.8762093869677152,-94446.63123528406
200000.0,45000.0,-75000.0,110.0,367.41785126961537,316.5437760603461,0.6886530482234803,6.169059500508457,0.9620280038880435,-49687.76380153885
200000.0,45000.0,-75000.0,110.0,333.5503519628883,559.4363696583176,1.634735843876383,3.406949306836824,0.9093641505345768,-111492.76290113037
200000.0,45000.0,-75000.0,110.0,306.62259151165813,266.54859447721515,0.9210516724779232,2.087202706333276,0.5348059553962456,-36943.793975164925
200000.0,45000.0,-75000.0,110.0,315.5520103913507,518.0360944092092,1.0213708698085178,18.01779384124608,0.7864158922096463,-60241.671289305596
200000.0,45000.0,-75000.0,110.0,303.8395168953868,116.91346081518641,0.5801852479243531,9.449189761244856,0.30019664612589003,-13062.72491689566
200000.0,45000.0,-75000.0,110.0,364.70508977892905,587.9600387530385,1.46386876137819,2.7343469808517566,0.9768382058394852,-107247.22008368555
200000.0,45000.0,-75000.0,110.0,370.4786181026586,141.25669091707988,0.929587563445595,19.001616933471194,0.927372862798857,-64655.57099510667
200000.0,45000.0,-75000.0,110.0,308.24658217106395,431.4711703381807,0.9467294298114601,2.5382042651504504,0.671305069990308,-47665.819960609995
200000.0,45000.0,-75000.0,110.0,323.21473066954604,233.28909607844577,0.7894883386982379,4.11519976630749,0.7134789692800744,-42246.249461479274
200000.0,45000.0,-75000.0,110.0,348.21621304279876,59.17468450683633,0.6387147452844217,10.192697735068236,0.6776293934349938,-32460.8914068802
200000.0,45000.0,-75000.0,110.0,358.3401445980538,529.8667318118131,1.6985147112895063,3.5773021712519504,0.9668876083167203,-123170.46201671065
200000.0,45000.0,-75000.0,110.0,311.4678755082932,127.67730779986374,1.4562657815700457,3.6905378134123716,0.4201887108289394,-45892.983103666156
200000.0,45000.0,-75000.0,110.0,317.30707470172246,388.3422854614068,0.7184134173870895,3.6402747333628334,0.752160945465004,-40527.18864424634
200000.0,45000.0,-75000.0,110.0,320.1576030354266,291.9750481322542,1.2619903945893662,18.155931272501668,0.7264780265678966,-68760.62185566929
200000.0,45000.0,-75000.0,110.0,326.19580810942983,359.65014796288034,0.648412863017986,17.224818316941796,0.8173110520066594,-39746.624940591006
200000.0,45000.0,-75000.0,110.0,351.4513693929393,549.5603821022344,1.748466872889899,13.855930055310989,0.9574911843722944,-125560.62127193036
200000.0,45000.0,-75000.0,110.0,353.20818371319365,133.9613873041787,0.9932819947477463,11.166056814936598,0.8556522366799572,-63742.797034487885
200000.0,45000.0,-75000.0,110.0,328.6101083905583,486.2029984063662,1.1218295671544913,3.52159029239927,0.8723209693517254,-73394.65916007244
200000.0,45000.0,-75000.0,110.0,336.2909893135972,478.13137136305176,1.6602204266508092,1.759840430360371,0.907299267497454,-112973.75827384423
200000.0,45000.0,-75000.0,110.0,316.84463445894374,243.12044253691658,1.9400360948271342,13.987509402268145,0.6495232956775471,-94507.39785341387
200000.0,45000.0,-75000.0,110.0,364.3833105038847,516.2314539548288,1.2110965286333712,15.265917508241001,0.9733669301227563,-88413.09826186435
200000.0,45000.0,-75000.0,110.0,352.70268074503343,41.448518920671276,0.6199693717242885,3.899380168640092,0.6421197578691337,-29857.09371434093
200000.0,45000.0,-75000.0,110.0,344.0180258923286,51.25484607261117,1.5714587770519417,11.402157289301954,0.6009750676287332,-70830.56586109177
200000.0,45000.0,-75000.0,110.0,313.47317042010064,87.254731788773,1.518968623849861,4.196391456342029,0.35628886253142855,-40589.370240929726
200000.0,45000.0,-75000.0,110.0,319.64954672946016,98.65613614623238,0.8691192170127714,15.517535650889183,0.46628320142148627,-30394.17681942379
200000.0,45000.0,-75000.0,110.0,334.69480000683865,138.88977476829965,1.0018537734974762,5.615886581224108,0.7247472574686626,-54456.8081045195
200000.0,45000.0,-75000.0,110.0,321.5947397839976,574.6700045719734,1.3039196997432736,18.99387596488314,0.8493488049823581,-83061.19790774284
200000.0,45000.0,-75000.0,110.0,324.4230491547908,355.6334000112005,1.0347215982077338,1.324916609273934,0.8016014687948759,-62207.576468782565
200000.0,45000.0,-75000.0,110.0,362.8994540824773,175.33471020383917,1.8661654206425622,12.236962176834014,0.9211454209749068,-128925.72990049551
200000.0,45000.0,-75000.0,110.0,358.44539762872415,377.30043114780767,0.8224993956463895,7.576565733358346,0.9543063837822878,-58868.73179418174
200000.0,45000.0,-75000.0,110.0,368.1418489039504,122.36987348951868,0.9712385978560636,4.188359782183179,0.9097636357242409,-66269.81684559348
200000.0,45000.0,-75000.0,110.0,333.3464448533271,205.6268158925537,1.6165417297855025,3.0592096442646213,0.785009651635904,-95175.06451153642
200000.0,45000.0,-75000.0,110.0,337.282531806417,348.41986376599107,1.7226741993018027,5.6426701005802204,0.8820444241572487,-113960.6379100281
200000.0,45000.0,-75000.0,110.0,361.2576722275073,415.07395155943925,1.8443820425729887,7.063586652740769,0.962744570168085,-133175.15976019998
200000.0,45000.0,-75000.0,110.0,301.7691174104522,468.60974865692424,1.2135588845709409,12.854548312646335,0.6034248643071236,-54921.87039381932
200000.0,45000.0,-75000.0,110.0,372.8459328000936,591.1357889896343,1.3318365694313643,8.230038000952936,0.983229896045693,-98212.61487838897
200000.0,45000.0,-75000.0,110.0,331.88071354544303,369.0190985251703,0.8950673246981715,17.717437116976413,0.8591415782966081,-57674.21655171823
200000.0,45000.0,-75000.0,110.0,315.8062963624895,94.94284646134867,0.9123595371891771,15.774644257796053,0.4062466535000434,-27798.225657896368
200000.0,45000.0,-75000.0,110.0,361.10478839916334,419.9176284653478,1.3150823770222404,19.792054066069195,0.9629327241960468,-94975.18918861791
200000.0,45000.0,-75000.0,110.0,367.4989482605629,216.01568864444067,0.9214155265021162,17.70411946133418,0.9454908129391907,-65339.24364054587
200000.0,45000.0,-75000.0,110.0,345.0928370420028,497.8326272821797,0.7130491161055641,12.204195620177487,0.9388878723135151,-50210.48756065392
200000.0,45000.0,-75000.0,110.0,319.2160717254833,254.00778155482536,1.77870831291323,10.580216998644742,0.6873283766175055,-91691.75228930342
200000.0,45000.0,-75000.0,110.0,350.17601286049796,548.3550913606709,1.2340866946105873,13.384281920377331,0.9550545882118103,-88396.51199542414
200000.0,45000.0,-75000.0,110.0,368.27216821045187,501.6061552209077,0.8820234893527992,9.25816252595608,0.9764942102998028,-64596.812302607854
200000.0,45000.0,-75000.0,110.0,346.2471889876081,493.73653241796023,1.2374487155372005,3.9535302871660583,0.9413658091093459,-87366.89334997481
200000.0,45000.0,-75000.0,110.0,345.61118453874946,494.43420169105906,1.7018615182361103,12.044745539012032,0.939837585082073,-119960.50645823522
200000.0,45000.0,-75000.0,110.0,348.4128891401111,566.3295650541019,0.6487569636456431,14.56563886658366,0.9530397586942907,-46371.838506306325
200000.0,45000.0,-75000.0,110.0,336.6508918771478,124.98450287385198,1.0304189449753969,8.597029905751779,0.7224418943370686,-55831.336092662204
200000.0,45000.0,-75000.0,110.0,357.89131519522925,273.05627800295406,1.356896512546681,11.125797091046241,0.9365698365567785,-95312.12587352308
200000.0,45000.0,-75000.0,110.0,341.69045307625436,380.59036864803693,1.2509133348257355,5.240371865244852,0.9094772233955578,-85325.78898493409
200000.0,45000.0,-75000.0,110.0,375.59083135923834,138.83030880980974,0.654392706894922,14.129246694227234,0.9386901111612631,-46070.397208373564
200000.0,45000.0,-75000.0,110.0,312.20548080878785,401.24699948098277,1.5303765444887842,5.227055063811768,0.7035223928471873,-80749.06264019695
200000.0,45000.0,-75000.0,110.0,357.2619195060871,46.749053318855665,1.2009486064552046,8.311638441027094,0.7111051117611885,-64050.0519759579
200000.0,45000.0,-75000.0,110.0,347.75053893852254,460.9174879962275,1.5521254654459322,14.027240385861596,0.9412992897422415,-109576.09486613264
200000.0,45000.0,-75000.0,110.0,303.8275579288863,526.8981265658841,1.2174412687253118,12.104814708674464,0.6589256942518215,-60165.249990423334
200000.0,45000.0,-75000.0,110.0,339.34676158294394,309.4213110841301,0.7380112531350844,12.557209211093793,0.8798326477884872,-48699.47962076556
200000.0,45000.0,-75000.0,110.0,350.70203212563854,182.7398557454646,0.5196334030314669,18.88044036309739,0.8787497829565798,-34247.080509816784
200000.0,45000.0,-75000.0,110.0,338.84979348781815,70.15323341501355,1.727380300318429,3.0599087755944945,0.618557902688316,-80136.35517825607
200000.0,45000.0,-75000.0,110.0,330.32400626337534,386.41805987999555,1.472503879578276,19.443715849386596,0.8553745562160429,-94465.67643905019
200000.0,45000.0,-75000.0,110.0,302.45849901471064,159.33760411607366,0.7189252396292174,6.926494865061158,0.3502118655207665,-18883.211200538422
200000.0,45000.0,-75000.0,110.0,308.6556636517762,105.32194203172573,1.135393335698712,2.6095579119098673,0.3378672565130089,-28770.917354675817
200000.0,45000.0,-75000.0,110.0,364.9044877394015,587.1845457913544,1.5193099602524827,3.2117253989201293,0.9769913314940241,-111326.44957644043
200000.0,45000.0,-75000.0,110.0,378.6220758821409,110.75496867996962,0.7458385946102636,6.166374714745961,0.9320101138942847,-52134.68351320987
200000.0,45000.0,-75000.0,110.0,366.996914670037,272.1233203056669,1.9496352703150857,18.750457328821525,0.9553870311271313,-139699.21895153038
200000.0,45000.0,-75000.0,110.0,326.4981483218466,105.07012714992555,0.5246096837853972,18.01305071560996,0.5703051526948388,-22439.070436231654
200000.0,45000.0,-75000.0,110.0,347.04187827941854,125.8667116943242,1.9228228919162906,17.89024296791899,0.8092325302288862,-116700.8125505583
200000.0,45000.0,-75000.0,110.0,302.67643811088493,245.23313990425103,0.6681529663873406,16.94872098968812,0.4565998175922242,-22880.88919321224
200000.0,45000.0,-75000.0,110.0,319.30431663892017,235.07252769786643,1.515320706751584,16.124126339548823,0.6714772061131751,-76312.74859012465
200000.0,45000.0,-75000.0,110.0,357.7907375591513,91.834484708957,1.1370354426825173,18.853265545224904,0.8317866994535508,-70932.82185229486
200000.0,45000.0,-75000.0,110.0,378.50824324470943,254.177962381756,1.296148264553795,6.83473876192545,0.9690636938738503,-94203.76687925107
200000.0,45000.0,-75000.0,110.0,346.001360764899,76.22692606166915,0.7611337054964162,15.206132346543956,0.7102544622460361,-40544.89580210174
200000.0,45000.0,-75000.0,110.0,374.4514026451915,191.043434419206,1.270865757462455,16.999009954412056,0.9527518825849948,-90811.48072013694
200000.0,45000.0,-75000.0,110.0,370.8786528396338,434.41401810165183,1.9900189725291164,13.315974885974468,0.9755457853920796,-145601.59661257922
200000.0,45000.0,-75000.0,110.0,309.40671964895546,77.61745664379283,1.6638554448899567,7.561252003905588,0.2818151552558554,-35167.47603937226
200000.0,45000.0,-75000.0,110.0,371.69004267181253,457.4473337746339,1.4621925428359759,11.559416169133256,0.9774611111520328,-107192.7260729002
200000.0,45000.0,-75000.0,110.0,305.7621605232013,108.44331542369098,1.1836058463887826,17.05204597185165,0.30798558988985486,-27340.015859784762
200000.0,45000.0,-75000.0,110.0,305.53504455301936,510.07484119584467,1.45723901796915,1.7512560652797795,0.6738428517149524,-73646.25716239716
200000.0,45000.0,-75000.0,110.0,307.36988034499433,215.15185764831617,1.1278752644946395,8.950679527467187,0.49203904959477107,-41621.900490254506
200000.0,45000.0,-75000.0,110.0,338.88563734319894,132.14727665954524,1.8297866570595496,16.34520542810077,0.7536837130237216,-103431.03013004284
200000.0,45000.0,-75000.0,110.0,343.3186506848605,183.77028946604568,1.5385504080332175,12.821862230492119,0.8394788370168058,-96868.53804205931
200000.0,45000.0,-75000.0,110.0,317.1470350477669,584.0079491229251,1.158142475546575,4.116343553312028,0.8190005074983258,-71138.94564210092
200000.0,45000.0,-75000.0,110.0,328.0037141722263,333.94598567720675,1.2050798477480664,3.1794825915827767,0.8198808117049301,-74101.63828057038
200000.0,45000.0,-75000.0,110.0,340.72064866649373,487.55608644454725,1.1079333119162638,17.54963325324756,0.9248303480499922,-76848.7762856774
200000.0,45000.0,-75000.0,110.0,377.0945924402791,298.2273185709307,1.8667886150100288,18.196404913229816,0.9720941020585897,-136102.06518310294
200000.0,45000.0,-75000.0,110.0,326.0385239465017,195.99386217436154,1.5940595475573223,10.426248378131001,0.7074811264791789,-84582.52832855584
200000.0,45000.0,-75000.0,110.0,306.29040123766646,412.5594852181507,0.5876079551968054,4.961818118263471,0.6357878354628717,-28019.549245150574
200000.0,45000.0,-75000.0,110.0,326.60380841053444,364.3676184946036,1.096930999679726,12.27770760241706,0.8222979625716205,-67650.30945887172
200000.0,45000.0,-75000.0,110.0,374.1698794309027,485.7860455850317,0.8722904011572834,18.862056588548114,0.9806653720506028,-64156.87430903077
200000.0,45000.0,-75000.0,110.0,354.16895387837246,496.57152420623663,1.3734649344248735,14.838498657826735,0.9581689251558977,-98700.85649678974
200000.0,45000.0,-75000.0,110.0,325.4990072182288,34.4587127182985,1.5090396516450193,6.193005819434217,0.2926277077560548,-33119.01106304081
200000.0,45000.0,-75000.0,110.0,378.07877083347444,54.94658884172509,1.1438601629301806,3.654404728937167,0.8694929880494116,-74593.37932326371
200000.0,45000.0,-75000.0,110.0,344.69757466261626,456.05221157043184,1.0837295918409489,16.69508019126409,0.9325379076365095,-75796.41945143451
200000.0,45000.0,-75000.0,110.0,344.8824826564303,356.30845961452746,1.631285814818752,8.637417938636476,0.9159039762096473,-112057.58730951668
200000.0,45000.0,-75000.0,110.0,375.21062365562926,389.63502231765057,0.6808899495882919,9.810286641902836,0.9769303988122455,-49888.65674989048
200000.0,45000.0,-75000.0,110.0,347.75706862973675,323.2816905406087,1.9049131704210314,19.560025892956062,0.9183702290377147,-131206.16584623914
200000.0,45000.0,-75000.0,110.0,365.6274529853687,209.47569000663617,1.63727374543315,9.140850122926034,0.9397552814816769,-115397.7487126567
200000.0,45000.0,-75000.0,110.0,378.9010961762865,540.1217518739074,0.5373683726692706,9.518795689811066,0.9854138040514674,-39714.765921672944
200000.0,45000.0,-75000.0,110.0,333.4852721860852,30.70964788186145,0.5627361695884324,10.005167879537405,0.3544297542413436,-14958.783171745737
200000.0,45000.0,-75000.0,110.0,324.7138763782793,443.2764001934429,1.3002812337248124,9.616026859168258,0.8363845187223151,-81565.1320404439
200000.0,45000.0,-75000.0,110.0,337.6894947986595,579.0260924695351,1.4666525353300206,11.501697575225855,0.9268454946128278,-101952.02208998332
200000.0,45000.0,-75000.0,110.0,341.63409150594237,371.5016446886737,1.9473332386632554,14.810283637856571,0.9072478495619061,-132503.54198682454
200000.0,45000.0,-75000.0,110.0,304.7500961648822,66.98407191438463,0.5595646056922838,2.547312786575836,0.20585177438686325,-8639.052522438158
200000.0,45000.0,-75000.0,110.0,345.42797955606625,545.1502079655153,1.7813097193293879,3.641656022387121,0.9446950883671149,-126209.59070333074
200000.0,45000.0,-75000.0,110.0,318.1083733054368,75.78116509953153,1.547074688550325,3.2774781101414225,0.3820398866582348,-44328.31789991925
200000.0,45000.0,-75000.0,110.0,370.16554343297753,498.66542703769306,1.8336592170927177,2.7815989670680032,0.9780333275842681,-134503.4869311566
200000.0,45000.0,-75000.0,110.0,346.82914281516395,489.842320658051,1.0998644948272447,1.7353895434879993,0.9423683740846887,-77735.8136777871
200000.0,45000.0,-75000.0,110.0,342.0925608593901,590.3674722238577,0.5160846390276619,12.019843237057314,0.9407498807264894,-36412.99219575347
200000.0,45000.0,-75000.0,110.0,350.7971588640519,369.204425428466,1.8333253986264104,14.607712844376525,0.9363217390951393,-128743.68191768775
200000.0,45000.0,-75000.0,110.0,322.62228314005927,76.2677377562484,1.207383267281224,8.409758560169337,0.4411641026645529,-39949.06167617379
200000.0,45000.0,-75000.0,110.0,308.54388394417805,295.9078392207857,0.8762191005778283,11.69718390575693,0.5875533961004039,-38611.913120440826
200000.0,45000.0,-75000.0,110.0,347.83340269332945,399.6678269389897,1.0802981075171003,15.242683571210746,0.933138601364265,-75605.0898828727
200000.0,45000.0,-75000.0,110.0,330.4976319253519,425.1223891802114,1.4655348635120666,14.31545297939575,0.8677784563279216,-95381.96861649393
200000.0,45000.0,-75000.0,110.0,308.44636682949454,480.4421168912671,0.6677923333334883,8.262880977305214,0.6969831865139937,-34908.00213122923
200000.0,45000.0,-75000.0,110.0,347.522522585665,595.2738495455918,1.197111319678013,3.9904064856648995,0.95348725350813,-85607.27882574612
200000.0,45000.0,-75000.0,110.0,377.54092125186776,199.17719677550753,1.4459347193043677,6.280557663673624,0.9594537918758501,-104048.06619311389
200000.0,45000.0,-75000.0,110.0,330.58393291642966,340.3528336355351,1.6150524135653088,3.3332561241323746,0.8406856627618072,-101831.35565199061
200000.0,45000.0,-75000.0,110.0,326.0300963878397,372.73853151344855,0.8404287042539893,11.10825770025243,0.8213537774276235,-51771.69681732129
200000.0,45000.0,-75000.0,110.0,304.68849261957956,525.7323104651165,0.9353337976839144,9.19315992480151,0.6696566632267184,-46976.43824701385
200000.0,45000.0,-75000.0,110.0,318.3109804818686,165.61642158880252,1.9865463730561845,11.244913274524814,0.5773137689095121,-86014.54303069407
200000.0,45000.0,-75000.0,110.0,331.8799416816903,190.61360919651227,0.8494177458175021,18.47409850125446,0.7590613929051278,-48357.01629739252
200000.0,45000.0,-75000.0,110.0,309.64568460757454,82.8299545183632,1.6024270475722795,4.215576020545504,0.2979711269075441,-35810.77448641807
200000.0,45000.0,-75000.0,110.0,315.8437329941103,209.97278281457125,0.8720788389891398,17.98122576339861,0.6025809570778191,-39412.35760840419
200000.0,45000.0,-75000.0,110.0,316.37273308081825,505.02845643458886,0.605061196653415,16.785073375819145,0.7896009536784131,-35831.76734335037
200000.0,45000.0,-75000.0,110.0,356.3826074665725,205.21689440718015,1.9407988930724354,17.236542851432006,0.9123482761605021,-132801.33933516353
200000.0,45000.0,-75000.0,110.0,357.18221488704745,223.49389938633408,0.8280211991991488,9.689614104442445,0.9214321623516645,-57222.402303831754
200000.0,45000.0,-75000.0,110.0,362.01413620276776,456.77773732341063,1.1716633241212162,1.6253375498257725,0.9670429634336243,-84978.65798285039
200000.0,45000.0,-75000.0,110.0,314.42257077072475,429.8839593071979,0.7429639636999209,14.076867781028485,0.7417935019318858,-41334.4380331619
200000.0,45000.0,-75000.0,110.0,356.56455744619245,127.91284001559649,1.4382643643313178,17.36250713755433,0.8673446653986793,-93560.31928768432
200000.0,45000.0,-75000.0,110.0,336.6466426454711,229.5252253536653,1.065728110713326,13.68491554214053,0.8269590551839241,-66098.51336388304
200000.0,45000.0,-75000.0,110.0,305.8755707408615,389.1323564409178,1.7167418414251494,10.981728071101069,0.6164959356203145,-79377.32758109544
200000.0,45000.0,-75000.0,110.0,356.1166301838669,238.89163798752656,1.4192356645799062,14.293770061198725,0.922959198732518,-98242.24588449621
200000.0,45000.0,-75000.0,110.0,311.1853864467318,135.22546047879416,1.7583806694572086,19.920377129999526,0.43037129672461455,-56756.7426637346
200000.0,45000.0,-75000.0,110.0,309.7754237225561,572.8095911634443,1.9761707024445254,8.234034870063445,0.747270313872524,-110755.02758110549
200000.0,45000.0,-75000.0,110.0,320.8023478011041,186.08078210483336,1.644753538912887,14.493773583674928,0.6365256832793582,-78519.59026370008
200000.0,45000.0,-75000.0,110.0,300.9106999294896,558.6597973588658,0.5385669252647618,11.437304587716534,0.6328259728871957,-25561.435383415384
200000.0,45000.0,-75000.0,110.0,350.6535355699266,265.39740568388584,1.5751129585566772,7.467662658483547,0.9130672044663779,-107863.79893410832
200000.0,45000.0,-75000.0,110.0,361.0769562561353,232.75737130787368,0.5988260513726114,4.663460601069953,0.9349922460631749,-41992.3286080515
200000.0,45000.0,-75000.0,110.0,373.5885379108635,227.36497745788563,1.3840147833006418,14.876651355600478,0.9586958971763914,-99513.69707863481
200000.0,45000.0,-75000.0,110.0,361.57028355044645,399.0426740265097,0.8806441451140673,10.702138990400723,0.9617847455003304,-63524.25787386669
200000.0,45000.0,-75000.0,110.0,333.8249032932297,420.59231483802984,0.9215162005913697,2.303558097725248,0.8843184248712684,-61118.531625023694
200000.0,45000.0,-75000.0,110.0,315.1110687007674,174.05981778285144,1.2130093078173732,3.4470232306108524,0.5470620483648733,-49769.3517465172
200000.0,45000.0,-75000.0,110.0,345.16187406292624,263.00818773388505,1.9197915706981452,4.91335925156388,0.8906155428918091,-128234.71589823357
200000.0,45000.0,-75000.0,110.0,308.9229822511234,450.77581838791895,1.6110403165708758,4.907567434678838,0.6891845256251159,-83272.80422541266
200000.0,45000.0,-75000.0,110.0,337.072686728262,185.27783014286163,0.6283449062294508,15.41780788914637,0.7974435034678254,-37580.217255733165
200000.0,45000.0,-75000.0,110.0,341.4458321450998,310.8159418625333,1.9042068187094336,11.441384896759041,0.8902597577563213,-127142.90258566468
200000.0,45000.0,-75000.0,110.0,345.11904877020055,87.75407126418386,0.7578333031006712,15.928357924160085,0.730557173854951,-41523.041712479164
200000.0,45000.0,-75000.0,110.0,372.80352491201006,49.40487261901937,1.9920244942941217,3.7125440278952313,0.8302777689852406,-124045.02396648568
200000.0,45000.0,-75000.0,110.0,358.427427140964,485.15806193905394,1.8478835309821156,8.793898220108765,0.9640738367036016,-133612.2124121495
200000.0,45000.0,-75000.0,110.0,359.5118741542322,39.10947287422502,1.7734385514950324,18.80827134474676,0.6936295167969913,-92258.19941569916
200000.0,45000.0,-75000.0,110.0,363.99249430802126,290.3266756620341,1.35306514191563,18.963386351659477,0.9528943161246188,-96699.6062308316
200000.0,45000.0,-75000.0,110.0,379.8820235021017,341.4746147634762,1.6446040944569946,14.311668267918835,0.9779328534501868,-120623.4281166142
200000.0,45000.0,-75000.0,110.0,309.1718605527547,416.54651106151994,0.7241699855905541,12.901172192783026,0.6751215282646065,-36667.706054643975
200000.0,45000.0,-75000.0,110.0,356.66005043439964,336.7142974920823,0.6994340380287631,2.387813344029179,0.9452996621004909,-49588.106985762875
200000.0,45000.0,-75000.0,110.0,328.4493318382097,561.1167515837624,1.2144421514215256,3.3851536849079245,0.886640764900376,-80758.04385477299
200000.0,45000.0,-75000.0,110.0,343.72286611646064,549.0765933871962,1.8947522588265213,5.553906783993712,0.940891153676791,-133706.67290542435
200000.0,45000.0,-75000.0,110.0,360.42242564782936,287.0986306209138,1.3189582017932697,16.01089092485808,0.945248281084168,-93505.72298002151
200000.0,45000.0,-75000.0,110.0,362.8762384467877,403.65831880013036,0.5204408451912308,18.890556645428866,0.9641163538756723,-37632.4147555307
200000.0,45000.0,-75000.0,110.0,357.85570376725076,346.65730195283663,1.2775592505665225,14.204688227289262,0.9492826416971438,-90957.36152268088
200000.0,45000.0,-75000.0,110.0,347.9180804715749,51.21482300413386,1.6725572823238772,10.749781352046872,0.6422433843326095,-80564.16371173791
200000.0,45000.0,-75000.0,110.0,338.6591473611513,233.00122230621517,1.732403328557223,1.0560883946460318,0.8422149307186477,-109429.19620031821
200000.0,45000.0,-75000.0,110.0,349.71232289902076,47.838573613550665,1.8110305813918055,15.903952182479449,0.6449089177039047,-87596.2329130547
200000.0,45000.0,-75000.0,110.0,307.2340028504433,354.62230398241286,1.355291628207902,14.625015645672557,0.6130319256034273,-62312.77774458709
200000.0,45000.0,-75000.0,110.0,357.2749757514567,387.255153170224,0.7029571864619271,14.44265971838762,0.9532739620132014,-50258.30866981605
200000.0,45000.0,-75000.0,110.0,301.9111399851361,137.7587762775961,0.6501751927578461,7.127498969187014,0.3108662086102915,-15158.812282882282
200000.0,45000.0,-75000.0,110.0,333.13244994699534,408.9636627722952,1.1083007444773383,8.572485564328511,0.8778510810046158,-72969.2254963239
200000.0,45000.0,-75000.0,110.0,319.08083177785,59.02805098114235,1.9944508811805104,16.232555764568474,0.3365113082667285,-50336.645647483725
200000.0,45000.0,-75000.0,110.0,369.52692843506713,154.3123523733405,0.8256394166640582,2.80417272422146,0.9307192826777544,-57632.889422103886
200000.0,45000.0,-75000.0,110.0,353.77784521320336,333.2798871382823,1.359645187158646,7.672376516461716,0.9379493345896569,-95645.8723930111
200000.0,45000.0,-75000.0,110.0,337.62362949895197,278.30605492229034,1.072589000594365,8.347461677265539,0.8585696192471507,-69066.92473867394
200000.0,45000.0,-75000.0,110.0,354.42428597326887,419.8094904025273,0.8682317976270078,9.301011093649741,0.9514072452078838,-61953.15170866502
200000.0,45000.0,-75000.0,110.0,310.37899876590325,304.793555269912,1.3206249701072714,12.899067665880937,0.6194384840777718,-61353.44471388756
200000.0,45000.0,-75000.0,110.0,318.768644326355,436.6071802977597,1.4294974201068225,11.99518476154338,0.7867639181042309,-84350.77433723501
200000.0,45000.0,-75000.0,110.0,373.84151649788816,107.21076898386428,1.8350926967315413,4.739152998007139,0.9170296332300324,-126212.57869701272
200000.0,45000.0,-75000.0,110.0,301.9474478453202,526.5834002591864,1.9823900134248258,8.155828537496213,0.6334366125953135,-94178.88112099498
200000.0,45000.0,-75000.0,110.0,371.20804244647206,409.5124242406946,1.8277241373029938,6.675178502048131,0.9744220412972223,-133573.1013599241
200000.0,45000.0,-75000.0,110.0,300.53084396901994,562.7880083070364,1.5260602220145656,19.265070772260028,0.6292467840226815,-72020.13651957035
200000.0,45000.0,-75000.0,110.0,316.3021970484292,417.6155522598957,1.837105015967422,11.672802163823713,0.7555902465102808,-104107.39739100734
200000.0,45000.0,-75000.0,110.0,339.75813197984013,467.4372435824224,0.8753077626719222,6.25283691956264,0.9185434451575326,-60300.61559233495
200000.0,45000.0,-75000.0,110.0,360.9043177012001,594.694892510256,1.229925998517034,18.309004685940685,0.9733229709649436,-89783.64202077183
200000.0,45000.0,-75000.0,110.0,338.30832959907445,553.9849380108726,1.531905660655153,19.015989708393565,0.9258293886081979,-106371.24609073484
200000.0,45000.0,-75000.0,110.0,327.8028448365764,366.15141058974626,0.5832031962453645,5.64354190338575,0.831668147366671,-36377.36413197776
200000.0,45000.0,-75000.0,110.0,350.7326771546006,304.12659025730363,1.1251394780041404,4.672010453377969,0.9235348044313821,-77932.9100832436
200000.0,45000.0,-75000.0,110.0,353.53963534628826,408.1504941855473,0.635866250357925,19.493469364318198,0.9482448875550915,-45221.76908030462
200000.0,45000.0,-75000.0,110.0,306.39299763380836,77.19813830826436,1.0738093290811763,7.926390611765955,0.24731957134330432,-19918.05472295983
200000.0,45000.0,-75000.0,110.0,358.22986534306057,392.87710264930877,0.8290229848734633,12.565341755985724,0.9556549636363211,-59419.49478471929
200000.0,45000.0,-75000.0,110.0,303.7858019093763,364.865588192369,1.739170766727266,7.887991159918271,0.5716493333661989,-74564.6857057217
200000.0,45000.0,-75000.0,110.0,377.3710688319368,336.13784874936476,1.5581840238584648,16.751323719754375,0.9754166580489553,-113990.8989882973
200000.0,45000.0,-75000.0,110.0,355.45629294428943,201.2030142680858,1.9967010024747012,2.2659776875289874,0.9074860790721712,-135898.377286143
200000.0,45000.0,-75000.0,110.0,330.62496924701594,150.1341579516258,1.024391791027221,16.621072659198358,0.6999200562624006,-53774.42700078854
200000.0,45000.0,-75000.0,110.0,310.0624044813153,340.32318377205445,1.405034360769223,3.2180347503333544,0.6409801202472752,-67544.93201380575
200000.0,45000.0,-75000.0,110.0,368.628759223198,398.68980659391696,1.6222903824617547,8.045653591417718,0.9710078010499602,-118144.24627040156
200000.0,45000.0,-75000.0,110.0,306.51003387935083,70.09280082318382,0.5835431172027463,11.522634291999324,0.23098292025540368,-10109.136997982372
200000.0,45000.0,-75000.0,110.0,369.94936343236395,167.44407040112932,1.765721272435984,13.188615283897091,0.9368012705852278,-124059.74486380462
200000.0,45000.0,-75000.0,110.0,346.76006241425875,196.6904542690346,1.8420229800868815,6.634573838490962,0.8674690329937209,-119842.34199661344
200000.0,45000.0,-75000.0,110.0,340.4540135698028,101.00830893915638,0.917817012851087,2.302383640114544,0.715697536225495,-49265.953110252485
200000.0,45000.0,-75000.0,110.0,300.4578622237164,523.7676117148973,1.954043710119602,17.777537264132693,0.6112946037516481,-89587.22816182219
200000.0,45000.0,-75000.0,110.0,330.74441633892036,581.2744444968312,0.881120100123282,14.999465154864367,0.9008337640442929,-59530.70522768553
200000.0,45000.0,-75000.0,110.0,345.0328663028305,148.83137424161526,1.4028815388478801,18.221625147958328,0.8208048016710906,-86361.89274465515
200000.0,45000.0,-75000.0,110.0,349.1204110236782,106.73810391723843,1.365941331728624,1.8595794010631608,0.7978708842196309,-81738.36136038431
200000.0,45000.0,-75000.0,110.0,316.94629869765987,392.89331996049634,1.0874697228487122,7.2241107729444645,0.7507104756353472,-61228.1184659097
200000.0,45000.0,-75000.0,110.0,359.21086656918493,364.95920165243126,1.043375538035467,8.998023824005053,0.9542593404235912,-74673.81395548758
200000.0,45000.0,-75000.0,110.0,379.9950219136316,325.7637015826334,1.925201480036781,7.4702269294531805,0.9769886379066369,-141067.4978757732
200000.0,45000.0,-75000.0,110.0,334.2473019568999,154.46178570607114,0.9051700964977147,8.916660105458357,0.7413023174321456,-50325.35176530261
200000.0,45000.0,-75000.0,110.0,338.7861999792543,191.35210739819104,0.6401303897202262,13.666756413838108,0.815155915522771,-39135.455541475436
200000.0,45000.0,-75000.0,110.0,310.21786255076563,87.79865086879742,1.1600464935379236,16.45615397159419,0.3172408123236601,-27601.056895738828
200000.0,45000.0,-75000.0,110.0,304.8722050066091,415.0976184856388,0.6347732728042281,16.618097643752076,0.6179978346205189,-29421.638105099468
200000.0,45000.0,-75000.0,110.0,301.0440810640451,499.4472896167994,0.5847359875950816,9.116303094566893,0.608328218171865,-26678.35510760113
200000.0,45000.0,-75000.0,110.0,374.4431747708545,575.5623680275042,0.5841551768805335,15.564324352090269,0.9838009480899425,-43101.931263503764
200000.0,45000.0,-75000.0,110.0,338.08600067540203,223.79709624949348,0.8232417822064528,9.04840275201418,0.8330505507296364,-51435.15150380496
200000.0,45000.0,-75000.0,110.0,337.7455404791225,393.13897597760774,1.8620208037783,10.372269726481008,0.8961060900843645,-125142.61365971385
200000.0,45000.0,-75000.0,110.0,300.0818008278558,322.4623721323434,1.3410929948776726,8.212269901824996,0.48628347062783744,-48911.351698784645
200000.0,45000.0,-75000.0,110.0,305.48935102661534,563.8298869182405,1.6051227880746084,13.055655539571172,0.6949073476020154,-83655.87144273585
200000.0,45000.0,-75000.0,110.0,337.2823846361888,286.3827797329944,1.7456987162935236,9.279053864842213,0.8600672208291037,-112606.36824956286
200000.0,45000.0,-75000.0,110.0,333.1295824141854,532.9006890165961,1.6291702908755052,11.57931655169782,0.903506263077058,-110397.41710688184
200000.0,45000.0,-75000.0,110.0,310.78435446721085,120.48871480019795,1.1470056931810722,10.415672282338976,0.3969552262971883,-34148.24283756419
200000.0,45000.0,-75000.0,110.0,334.4930534738006,597.35720204127,1.5973050035811736,13.163948091360806,0.918130581539058,-109990.09288749225
200000.0,45000.0,-75000.0,110.0,360.4027823550906,277.2513606553847,1.3179139945403158,16.624104890350957,0.9433699674103547,-93246.0361559361
200000.0,45000.0,-75000.0,110.0,370.8885259863506,398.5295583042941,1.3540237711250134,12.110786259348432,0.9734124969506088,-98851.77449859591
200000.0,45000.0,-75000.0,110.0,338.949445919572,290.1403880025391,0.9737644392400189,6.416938264063607,0.8707730213180391,-63594.58521068231
200000.0,45000.0,-75000.0,110.0,339.10923410693937,43.65550808464536,1.4474747655247557,4.306217281515373,0.505324782896337,-54858.365372754255
200000.0,45000.0,-75000.0,110.0,333.3710480563854,464.09433646190416,1.976771098388971,14.907102953345722,0.8919027754262928,-132231.57217767034
200000.0,45000.0,-75000.0,110.0,313.14448932176714,331.99072306932544,0.7870543835703621,6.765926237643336,0.674068364252918,-39789.63456835221
200000.0,45000.0,-75000.0,110.0,301.2101825815521,43.69386062833395,1.9526810552039346,17.85850053653659,0.1206711927822237,-17672.42640410325
200000.0,45000.0,-75000.0,110.0,362.90321229462245,218.05267569533757,0.9435340117832143,10.798448168278824,0.9356079816584331,-66208.3464292933
200000.0,45000.0,-75000.0,110.0,326.31342306030615,236.09569465998445,1.0274792173441338,5.959314495674359,0.7471219248196689,-57573.918793076715
200000.0,45000.0,-75000.0,110.0,345.66923448730586,97.32764351499114,1.2624526441564599,18.85349962233471,0.7550922339542606,-71495.11405031734
200000.0,45000.0,-75000.0,110.0,326.3057963931507,406.9701141687094,1.5411714777786465,1.4094854011262798,0.8358180656187504,-96610.42225078044
200000.0,45000.0,-75000.0,110.0,373.21743434039286,479.7118838701103,1.3469270711943175,17.48865819058134,0.9797041707491465,-98969.25520080041
200000.0,45000.0,-75000.0,110.0,318.30304442253384,350.09525608354556,1.1407116033799238,5.157253084613476,0.7426643071983348,-63537.43444779396
200000.0,45000.0,-75000.0,110.0,313.3814683150111,197.56999388513225,1.203077165799646,7.943731002526417,0.5549522119765935,-50073.77507542833
200000.0,45000.0,-75000.0,110.0,300.6842818542199,232.2407354774109,1.745448057007117,1.6868077962320798,0.4141219311691609,-54212.12400924352
200000.0,45000.0,-75000.0,110.0,302.82312385500825,592.4380014994864,0.7181458452889581,7.462742625096059,0.6718711627604698,-36187.61130794195
200000.0,45000.0,-75000.0,110.0,306.78019289963777,388.18733279608165,0.9653567310743473,5.342281540973367,0.6281875574472191,-45481.88152191196
200000.0,45000.0,-75000.0,110.0,351.175991024699,267.47472958909543,1.5323700236178832,6.044460459411937,0.9154780357851321,-105213.8324488287
200000.0,45000.0,-75000.0,110.0,363.51660848485426,88.38413563112542,0.9250354978995499,16.312087249751087,0.8579454688376573,-59522.25104526788
200000.0,45000.0,-75000.0,110.0,355.0387312462748,151.5621289098498,0.9459540358257754,10.90457108211165,0.8789039648756122,-62355.20645080206
200000.0,45000.0,-75000.0,110.0,307.81147589942475,363.8317083435871,0.7528607237977392,15.758214871454802,0.6268586117089757,-35395.292109754904
200000.0,45000.0,-75000.0,110.0,375.62310172257537,561.4635731932394,1.3318413676152132,18.194709201517423,0.9841260848605475,-98302.48730748578
200000.0,45000.0,-75000.0,110.0,371.547095018614,407.7809458584462,1.0241636972496246,2.439968129935846,0.9746470949834393,-74864.8629233884
200000.0,45000.0,-75000.0,110.0,332.0859359171542,389.3788812100881,1.2165554887534502,14.519732974053104,0.8666850613088674,-79077.78512669425
200000.0,45000.0,-75000.0,110.0,319.4026475059003,95.39627706234967,1.8259412345464285,13.681724152217694,0.4546841529865402,-62266.990772470526
200000.0,45000.0,-75000.0,110.0,348.6674963616784,453.4710046029473,1.7377972384718525,2.2482028422247815,0.9426463388701214,-122859.61534080743
200000.0,45000.0,-75000.0,110.0,323.8096692722612,369.8004036567609,0.7995093092428716,10.429321993468754,0.8027851850442506,-48137.56715738547
200000.0,45000.0,-75000.0,110.0,334.4151957906786,218.81590300912285,1.8362267587126866,19.65944651135229,0.8036337808759543,-110674.03894874062
200000.0,45000.0,-75000.0,110.0,348.1713335229465,44.814625232738315,0.7314244986929326,12.900852877381983,0.6137104014369308,-33666.21170352341
200000.0,45000.0,-75000.0,110.0,353.9586213635903,553.1344480053687,1.108400033429318,6.6102809286905995,0.9619542285575648,-79967.25743180091
200000.0,45000.0,-75000.0,110.0,343.5022996839923,258.18343128872334,0.9589446800658116,5.991077699568717,0.881087393867058,-63368.55517663993
200000.0,45000.0,-75000.0,110.0,306.3420404905439,65.92864629713543,0.5291911763143416,15.436553355214937,0.21862449593100586,-8677.061562964424
200000.0,45000.0,-75000.0,110.0,300.9477891294768,296.5527529107232,1.6745626683646564,3.531291118996436,0.4783287690461428,-60074.36248871178
200000.0,45000.0,-75000.0,110.0,363.8732307548637,544.6241787539499,1.652585424788105,15.338290325136452,0.9742021016850209,-120746.41455319537
200000.0,45000.0,-75000.0,110.0,337.0842865623582,491.4810742886252,1.5351431108127596,17.548711760765993,0.9126565570874308,-105079.3819613146
200000.0,45000.0,-75000.0,110.0,303.398233027285,489.9235893052961,1.4911234868227803,7.551562107399585,0.6365784141037013,-71191.27683558202
200000.0,45000.0,-75000.0,110.0,329.40144202045457,165.08057919462524,0.9545491789404196,14.281795444976439,0.7070323939410218,-50617.28933405113
200000.0,45000.0,-75000.0,110.0,333.40912226312616,563.2097379198589,1.6988630667099538,16.15307582818788,0.9093516725049302,-115864.79783021635
200000.0,45000.0,-75000.0,110.0,360.93831467002286,69.45421280413316,1.0716952248518252,17.361930487797103,0.810143817702948,-65117.04456566077
200000.0,45000.0,-75000.0,110.0,361.2756110510073,244.394761215376,1.764983139718698,12.245087312687678,0.938373869086477,-124216.05432676745
200000.0,45000.0,-75000.0,110.0,340.17026770784287,561.8624381926427,1.3090193887970558,6.447431161893861,0.9325170332850431,-91551.21577152231
200000.0,45000.0,-75000.0,110.0,304.0390638718682,393.7140601681201,1.5554271044993482,4.171299995095633,0.5937575388893946,-69265.99271170427
200000.0,45000.0,-75000.0,110.0,348.6433221184462,208.73637843750424,0.9303765689304689,7.800892520128772,0.883141217629812,-61624.042195462585
200000.0,45000.0,-75000.0,110.0,364.48562490162544,169.72838151231554,0.8216440444999374,16.603814809890714,0.9234675829202532,-56907.122984638365
200000.0,45000.0,-75000.0,110.0,323.49312320126614,545.8163288881667,1.315386873726876,2.7020921135507794,0.855295888552579,-84378.37387159705
200000.0,45000.0,-75000.0,110.0,341.36889969012327,597.9920008832387,1.9793309274613304,3.395621552222273,0.9395850164467513,-139481.22615242383
200000.0,45000.0,-75000.0,110.0,353.58125868619567,312.00406058143136,1.200988891045327,11.065659082517154,0.9334710057299546,-84081.62309959381
200000.0,45000.0,-75000.0,110.0,320.43476354697447,404.04356012520924,1.8785824995768943,5.343318888793244,0.7885660343777154,-111103.97639570458
200000.0,45000.0,-75000.0,110.0,376.3549374869407,460.47095340521,1.7984298589755472,4.991939770743224,0.9812346506113073,-132351.12707406102
200000.0,45000.0,-75000.0,110.0,332.0922397643203,277.8972666064516,0.8095392381108482,16.26692551519806,0.8227322334835114,-49952.55190976087
200000.0,45000.0,-75000.0,110.0,320.0249372161311,210.16589897888758,1.3688375806226825,2.8620241977825422,0.6549900582732618,-67243.12550240112
200000.0,45000.0,-75000.0,110.0,338.0808566963987,512.8458888510445,0.9567764430238662,16.273058036519704,0.9195608512734348,-65986.06203190466
200000.0,45000.0,-75000.0,110.0,336.2454506561587,326.49293411664894,1.8250925194893242,5.095576560498998,0.8696013939788267,-119032.72493161839
200000.0,45000.0,-75000.0,110.0,344.85592009644915,438.584466117053,1.477720076806695,9.331588150830502,0.9305067057936075,-103127.13305658558
200000.0,45000.0,-75000.0,110.0,372.906411685262,283.6474209528137,1.5215496915671498,3.4822732796766775,0.9657522284750719,-110208.00040249
200000.0,45000.0,-75000.0,110.0,331.12122785273726,458.925310664731,1.9605499356991731,2.9429846330841505,0.8796172374918364,-129340.0138803378
200000.0,45000.0,-75000.0,110.0,379.61564192745857,136.48329269474442,1.5501345324399374,4.497951413878552,0.9460522564586692,-109988.120417198
200000.0,45000.0,-75000.0,110.0,351.6740653747075,136.48806054683268,1.6232107297948581,13.027784763353464,0.8496011031714664,-103431.12200351045
200000.0,45000.0,-75000.0,110.0,355.9838162586347,392.7796180481665,1.5586328172029087,17.166602978554096,0.9514234332866586,-111218.98396323362
200000.0,45000.0,-75000.0,110.0,327.88244397167864,392.66943512954504,1.3646854238278678,1.223491768388901,0.8417658281673871,-86155.91669823202
200000.0,45000.0,-75000.0,110.0,356.66180636730724,192.5296179865682,1.3332945723767005,7.3548869584941245,0.9081057201512487,-90807.9320866421
200000.0,45000.0,-75000.0,110.0,346.71308378645085,329.03190323574194,0.6745451225069201,5.491603254610208,0.9161516454099591,-46348.921791598295
200000.0,45000.0,-75000.0,110.0,352.71976408145076,319.82934204109483,1.3426530611017304,8.067485575074443,0.9326831564002155,-93920.24212340801
200000.0,45000.0,-75000.0,110.0,342.71513909736774,382.49469438611857,0.9321812883757004,15.957993221440198,0.9136959461009345,-63879.76981650177
200000.0,45000.0,-75000.0,110.0,346.64261219546796,38.421647649308426,1.2499472446001976,7.202764810440765,0.5598281576824924,-52481.67473586272
200000.0,45000.0,-75000.0,110.0,332.009555317589,522.227265109193,0.6420061911995112,11.616913204532786,0.8967627673415902,-43179.54365028808
200000.0,45000.0,-75000.0,110.0,351.68230771556233,204.95144140052457,1.8122678636368579,12.725963225835748,0.8945772236124548,-121591.01654207514
200000.0,45000.0,-75000.0,110.0,361.94623079704206,575.4875276092389,1.0828886413406411,7.245052997420828,0.9735901592947768,-79071.72936160045
200000.0,45000.0,-75000.0,110.0,354.33671149327245,324.551122081749,1.8842131036399463,7.118395124492094,0.9378089687871541,-132527.3960774866
200000.0,45000.0,-75000.0,110.0,361.5846460727183,200.06329204128008,1.2059700420305806,16.366292842261743,0.9266080171323471,-83809.61320252271
200000.0,45000.0,-75000.0,110.0,368.96873598358883,322.70663022647545,1.3817132839176023,15.178275677641725,0.9648855542965389,-99989.6390873795
200000.0,45000.0,-75000.0,110.0,304.7898052578046,512.6641458829188,0.7989205378523885,2.9474547661686934,0.6653807794096435,-39868.97776219453
200000.0,45000.0,-75000.0,110.0,360.0103288264045,393.7619881282464,1.4840212830541977,14.9864048450162,0.9588049560007466,-106716.52207522136
200000.0,45000.0,-75000.0,110.0,375.92987746484766,284.5666528638403,1.983536183960758,15.604834378743885,0.9695059865342607,-144228.7653642958
200000.0,45000.0,-75000.0,110.0,309.36270623929414,425.35516784128674,1.2945207592741799,7.7234285634300015,0.6820410910997536,-66218.72633299824
200000.0,45000.0,-75000.0,110.0,323.6109749440862,274.53733216776476,1.975915746645034,1.3012426756866606,0.7494449905285036,-111063.01185221314
200000.0,45000.0,-75000.0,110.0,375.9270473745063,310.0772712410308,1.6948322915002045,13.397552390425135,0.9719414425872847,-123545.83067581666
200000.0,45000.0,-75000.0,110.0,349.64964069983387,438.107407487914,1.4248530397741543,13.206835824745989,0.9431383554794222,-100787.51645493387
200000.0,45000.0,-75000.0,110.0,320.8648948880761,180.34248560654052,1.7476590883489649,7.550379040791506,0.6300151648986048,-82578.87965495388
200000.0,45000.0,-75000.0,110.0,337.4349012541701,487.76757107806935,0.894058286859253,16.02576624564672,0.9133792187869686,-61246.069470114
200000.0,45000.0,-75000.0,110.0,333.8459145967678,175.07478156471188,1.612249733582079,17.161715349856387,0.7610683231737335,-92027.41509559585
200000.0,45000.0,-75000.0,110.0,351.49675000389084,185.11967955871492,1.635222525756013,7.082579949305245,0.8837547318811506,-108385.17336116423
200000.0,45000.0,-75000.0,110.0,344.20652572382255,433.8383013708869,1.355199101298409,16.593922426681367,0.9278422752112692,-94305.82631347374
200000.0,45000.0,-75000.0,110.0,334.1141705271232,444.543034876229,1.2997081590496116,9.123787436446872,0.8912328290503918,-86875.69346472465
200000.0,45000.0,-75000.0,110.0,360.9195679400133,284.41574472295747,1.0014258791200312,6.391992679561177,0.9458299877366679,-71038.39702254608
200000.0,45000.0,-75000.0,110.0,350.67471697885844,301.8187626547441,0.9137634847832026,19.770637910258678,0.9228136605871727,-63242.50697277589
200000.0,45000.0,-75000.0,110.0,370.9585558526835,513.439799680861,1.1038244574854243,15.338824733349522,0.9792953045711101,-81072.75812146718
200000.0,45000.0,-75000.0,110.0,374.1256190633993,309.1284806755192,1.797239722858929,9.653055900026436,0.9698983412153432,-130735.48694753987
200000.0,45000.0,-75000.0,110.0,379.6637867924183,202.82034572506814,1.1201861363559769,6.333973868189969,0.9631093337285431,-80914.62925783168
200000.0,45000.0,-75000.0,110.0,362.92080709097746,530.8644313331105,0.8725112673222588,15.058190072225297,0.9725271559288361,-63640.56759935856
200000.0,45000.0,-75000.0,110.0,345.30146151271964,498.9647743659211,1.2512684786472097,6.36338262908904,0.9395584629427466,-88172.99163948609
200000.0,45000.0,-75000.0,110.0,346.76262486470904,376.90003231016794,1.9670359824009644,10.63638903495853,0.9261655530814837,-136635.0726428677
200000.0,45000.0,-75000.0,110.0,332.50754233997975,360.9202182504009,0.5022298852635086,7.545465095285752,0.86017347142148,-32400.361789404287
200000.0,45000.0,-75000.0,110.0,377.1313767570807,231.65214770479633,1.7366552894092147,13.43564562991224,0.9644080637406113,-125613.32737830238
200000.0,45000.0,-75000.0,110.0,312.04129373806103,74.50594946418519,1.220444254147152,2.9544869633084767,0.30392167384088287,-27818.959541241777
200000.0,45000.0,-75000.0,110.0,369.9335731094743,35.08595951995693,0.5293467539634078,19.299567265859924,0.7563394339888855,-30027.436820740324
200000.0,45000.0,-75000.0,110.0,314.45839218800035,363.0870733142684,1.1188859564925324,3.1732502676205536,0.7085597927607008,-59459.82010914054
200000.0,45000.0,-75000.0,110.0,341.60684723402284,490.46980713779465,1.4353656407507915,12.645897230255732,0.9280444910014201,-99906.23816036216
200000.0,45000.0,-75000.0,110.0,305.0424078872595,231.68588833199928,0.6239274473482717,14.578860261136963,0.4769746282025524,-22319.81716682321
200000.0,45000.0,-75000.0,110.0,343.9760033232297,113.06225943110664,1.0472987578708424,3.3475302861879896,0.7682998329692382,-60347.959555579415
200000.0,45000.0,-75000.0,110.0,366.3065398175356,50.213068056416844,1.6752050102053535,3.8133130682542586,0.7935266894500393,-99698.99144237801
200000.0,45000.0,-75000.0,110.0,373.8888824552497,275.8828933663288,1.046183683250768,18.707776554639363,0.9660940348532835,-75803.3861812053
200000.0,45000.0,-75000.0,110.0,324.55080314046893,96.3514163145271,1.2530593341058596,16.281830340637626,0.5242316711614854,-49267.00415871096
200000.0,45000.0,-75000.0,110.0,330.9313365129316,79.23824819649789,0.843621086866136,2.735883581631832,0.5555207462210437,-35148.67617777629
200000.0,45000.0,-75000.0,110.0,356.20514327011927,432.1006012653016,1.5528663620236804,9.188313720214483,0.9560465290788246,-111345.93716520008
200000.0,45000.0,-75000.0,110.0,329.098803132248,109.46435363517715,1.2376019133415568,4.508946089331691,0.6118438282340886,-56791.431936654815
200000.0,45000.0,-75000.0,110.0,333.7146711598283,86.10131908492873,1.308922608855461,19.61999257138563,0.6088500127832579,-59770.316035045704
200000.0,45000.0,-75000.0,110.0,325.6307749416103,582.7634434341138,1.396422050432823,9.731508848359482,0.8756746093932288,-91710.85001706406
200000.0,45000.0,-75000.0,110.0,343.9077858551677,51.88292832885875,1.454173678996582,1.3334333137193743,0.6026851384288111,-65730.66487691914
200000.0,45000.0,-75000.0,110.0,312.75837048600494,95.23481000545425,1.414149898277972,5.45425659423729,0.3673839012727613,-38965.192996038
200000.0,45000.0,-75000.0,110.0,300.85424772916167,296.80060118335933,1.4062408363729106,3.1660646033053483,0.4771420074224086,-50323.24316897531
200000.0,45000.0,-75000.0,110.0,375.4177684098547,545.5372571589763,0.8674642798329989,18.968306328215018,0.9835431511653185,-63989.14134827261
200000.0,45000.0,-75000.0,110.0,343.55606491274585,512.1158617824619,0.8846843952632863,17.850276024729812,0.9364407964628223,-62134.091978893666
200000.0,45000.0,-75000.0,110.0,344.4032928093734,425.7345263372166,1.544891445851553,17.28914681497497,0.927178541273424,-107429.26478928253
200000.0,45000.0,-75000.0,110.0,302.81440200841035,32.848837279345744,0.6379754387129124,5.171390451157787,0.10190961561062589,-4876.187379618998
200000.0,45000.0,-75000.0,110.0,361.73548601223786,500.73306222359514,0.6460820047456142,3.3675606148174677,0.9695101530778333,-46978.72974913153
200000.0,45000.0,-75000.0,110.0,314.6573054188278,538.6043372447325,1.9477515274077082,9.41901697213998,0.7847591209854727,-114638.68324099387
200000.0,45000.0,-75000.0,110.0,338.1511354272625,464.5697779220923,0.5072767851087714,11.806699511238612,0.9122048996879544,-34705.52766556311
200000.0,45000.0,-75000.0,110.0,316.98848493366944,490.1296202778944,1.3658999907144334,14.825667158915774,0.7901466425361089,-80944.59687773339
200000.0,45000.0,-75000.0,110.0,338.9543112254721,300.04561343497653,1.0554695706072066,14.746581512947051,0.8745288882997286,-69227.89726629843
200000.0,45000.0,-75000.0,110.0,306.82008262027165,547.2089877461282,1.1278275391340207,19.31744919221159,0.7047635456086142,-59613.88014863479
200000.0,45000.0,-75000.0,110.0,371.4494617508032,41.53748184506478,1.2429871546786793,5.671749293015502,0.7959577755662224,-74202.39680215722
200000.0,45000.0,-75000.0,110.0,316.346403360059,269.56027377984486,1.663310200191603,15.468979104811638,0.6666950842611357,-83169.05505518604
200000.0,45000.0,-75000.0,110.0,364.23895398064974,146.81434853482034,1.263434065437618,18.611180306403153,0.9117614210338431,-86396.2829164476
200000.0,45000.0,-75000.0,110.0,327.77639201671997,71.80264176456828,1.778074385683509,14.249416907451126,0.49176022968118493,-65578.97012204656
200000.0,45000.0,-75000.0,110.0,329.91097398701646,187.09600998506485,1.778600853097261,3.805369542937604,0.7372221552269348,-98341.79656566207
200000.0,45000.0,-75000.0,110.0,374.69957066860786,405.24696063563107,0.7589219624989749,5.484298334367986,0.9773682792483804,-55630.96894285703
200000.0,45000.0,-75000.0,110.0,331.7681444579722,386.4603005875327,1.852651394796978,12.195857647795714,0.8639891589165016,-120050.30402670935
200000.0,45000.0,-75000.0,110.0,361.6805542652169,196.4557022735122,1.1307903737625624,16.366201876806073,0.9256345809514003,-78502.400532119
200000.0,45000.0,-75000.0,110.0,318.82545265586833,448.40556144563493,1.4330140632744293,8.068920634176582,0.7917024325508375,-85089.0539830444
200000.0,45000.0,-75000.0,110.0,379.99811108700555,63.17153886219292,0.8857582301106031,7.58856837415053,0.8917057658928577,-59237.6790732508
200000.0,45000.0,-75000.0,110.0,326.1067576691646,577.3096887687364,1.0115168498944258,13.750281804565759,0.8772832227761516,-66554.00714758219
200000.0,45000.0,-75000.0,110.0,366.3848913385389,257.28251556286796,0.7272468491397789,19.251034605059278,0.9518174035446993,-51915.4655763216
200000.0,45000.0,-75000.0,110.0,360.82813956352896,54.15947603572323,1.8236288925732047,2.0606570983633348,0.76810314621175,-105055.13174310961
200000.0,45000.0,-75000.0,110.0,369.5668113097455,271.3428649499823,1.2025286737182928,8.4226062056939,0.9594481233391403,-86532.2909445391
200000.0,45000.0,-75000.0,110.0,320.14888256863907,150.14778343504287,1.0572705339477935,15.67193702783332,0.5772068067958461,-45769.78116145088
200000.0,45000.0,-75000.0,110.0,313.66077742488983,133.7263211401384,1.6765099751675037,15.120071952376616,0.4615218978630519,-58030.954914423324
200000.0,45000.0,-75000.0,110.0,376.83975692916795,468.9046700107084,1.9545921966407143,11.137403392580337,0.9818977633170003,-143940.72795587848
200000.0,45000.0,-75000.0,110.0,361.3654891279666,333.7538532804491,0.7874213057765027,2.3214556902776757,0.9542794057951216,-56356.49518401148
200000.0,45000.0,-75000.0,110.0,366.5901230225162,302.3818541113956,0.9139498332965001,14.059974267385671,0.9590331185966513,-65738.1119150424
200000.0,45000.0,-75000.0,110.0,377.59508777812835,463.0758811474676,1.6629654058049783,4.225581607329035,0.9821838738616624,-122500.33532785988
200000.0,45000.0,-75000.0,110.0,327.9235537784151,422.1077370577161,1.639935177083558,19.027506682221688,0.8514207252184961,-104720.60983378543
200000.0,45000.0,-75000.0,110.0,349.4691299309118,505.7782374891293,1.8799420371034137,11.361580928754455,0.9499900884196595,-133944.472653878
200000.0,45000.0,-75000.0,110.0,375.23761608279153,444.8259432647773,1.0067877736296298,11.11968904620565,0.9797553018659374,-73980.42443005746
200000.0,45000.0,-75000.0,110.0,301.7750411712945,276.54453192212014,1.3801903856808073,14.38265265043609,0.47320310723642883,-48983.27843115023
200000.0,45000.0,-75000.0,110.0,348.76606224048317,128.55858781522898,1.6058386524475898,6.5758006298343945,0.8239432194884939,-99233.99019575489
200000.0,45000.0,-75000.0,110.0,371.14604643052195,543.0013931540416,1.0647895820874553,15.461878721639858,0.9805415305384693,-78305.28048910879
200000.0,45000.0,-75000.0,110.0,341.2071908728716,426.5311558227385,1.2265067838247459,3.0820321947727223,0.9167353548556765,-84328.65987768547
200000.0,45000.0,-75000.0,110.0,369.81230181388463,64.3580630610749,0.8908783640234336,19.271065148241075,0.849996980243042,-56793.29393878351
200000.0,45000.0,-75000.0,110.0,363.4149182946969,162.69433276918474,1.606610067682698,11.420815032822523,0.9171579473003776,-110513.6393840988
200000.0,45000.0,-75000.0,110.0,376.00952015700824,557.0714082939417,0.7772081773671505,15.034696730403924,0.98423436992328,-57371.625056263365
200000.0,45000.0,-75000.0,110.0,323.9698970057813,589.1702896410069,0.5731374077326321,14.737299529406664,0.8673596523470201,-37283.71970385361
200000.0,45000.0,-75000.0,110.0,325.7146467187402,111.83069512955835,0.9630225292458456,19.119544643329334,0.575805333539307,-41588.51314937033
200000.0,45000.0,-75000.0,110.0,316.4970896905717,148.64310223858894,1.1070997821553388,9.78844892678458,0.5265193855396316,-43718.21227736167
200000.0,45000.0,-75000.0,110.0,330.5788807687094,332.47167799428934,0.8801258095289817,15.219381890859058,0.8374887011748754,-55282.15658196845
200000.0,45000.0,-75000.0,110.0,307.90173027318167,34.179003016937656,1.4880890122803891,4.513806205497282,0.13691392841312822,-15280.508437478991
200000.0,45000.0,-75000.0,110.0,359.39061439666784,478.57646466745007,0.6560266250957613,4.1972818139691315,0.9649910288045799,-47479.48559057663
200000.0,45000.0,-75000.0,110.0,323.33555477046343,437.6337643870037,1.6916956463123798,7.054620387689404,0.8245816740671985,-104620.59210363402
200000.0,45000.0,-75000.0,110.0,344.5809442889633,392.57181083210145,1.813812175344445,4.911532212127326,0.9220937960870922,-125437.87156142593
200000.0,45000.0,-75000.0,110.0,333.86824282317434,533.8551553824975,0.6317218387443904,12.129655414100561,0.9067464817894011,-42960.86660632555
200000.0,45000.0,-75000.0,110.0,372.22677252393873,160.19413343376522,1.2731054446229484,7.482558784852291,0.9394280064218613,-89699.31823552152
200000.0,45000.0,-75000.0,110.0,322.7734216463312,506.4819240830382,1.806641693861052,19.192083698041724,0.8408619439664707,-113935.21850631612
200000.0,45000.0,-75000.0,110.0,360.0022262402126,293.6521490969642,1.4782458389064161,4.750840521834174,0.9455086260037848,-104827.06440301632
200000.0,45000.0,-75000.0,110.0,331.85234434951644,333.4664400768657,1.0211310976171086,18.343997772773196,0.8462488501313457,-64809.826289387776
200000.0,45000.0,-75000.0,110.0,341.29798564080363,399.7813536930765,0.8930102736328764,19.196978402718422,0.9119955041717651,-61081.60160492858
200000.0,45000.0,-75000.0,110.0,357.5184879658758,152.74155778302836,0.6577043610450106,14.153111667144747,0.8904731223123458,-43925.10419536477
200000.0,45000.0,-75000.0,110.0,359.98384273102147,216.92554634026075,1.4203298356922924,17.52249946959254,0.9275782908329976,-98810.03410579267
200000.0,45000.0,-75000.0,110.0,351.43145313574905,559.1090580412415,1.0291086708964456,14.343126581417957,0.95815182864535,-73953.17661706613
200000.0,45000.0,-75000.0,110.0,374.448960049176,172.22008887314664,1.9617439775038665,9.279599172472707,0.9478523613807303,-139458.27461260994
200000.0,45000.0,-75000.0,110.0,314.45406434487785,62.906592440328794,1.3759040801336426,15.248697819205951,0.29633141358120324,-30579.27007636106
200000.0,45000.0,-75000.0,110.0,368.2004888818251,118.08438668087717,1.7960304609995614,14.670425332065252,0.906991748995703,-122173.86068036633
200000.0,45000.0,-75000.0,110.0,300.8338825528438,388.2424148535862,1.789007398225495,16.873212687383397,0.5438509878149258,-72971.50805498594
200000.0,45000.0,-75000.0,110.0,307.76257315331685,270.37218130679264,1.5320588078766777,12.234535627711262,0.5545513896813535,-63720.40057361771
200000.0,45000.0,-75000.0,110.0,360.6931994022939,92.94587646609304,1.5869567008081984,5.442699346012712,0.8496813352338458,-101130.56163757565
200000.0,45000.0,-75000.0,110.0,373.31967469043775,108.9894138733654,1.2813674722248356,4.800232005739795,0.916741253260033,-88101.18167805272
200000.0,45000.0,-75000.0,110.0,308.564922729432,361.3174146673685,1.523411578864652,11.885900678498361,0.6352404548394046,-72579.94981991978
200000.0,45000.0,-75000.0,110.0,375.2185117680699,164.1273452053277,1.5544582625534193,5.497967743114128,0.9469310890100041,-110397.36415352311
200000.0,45000.0,-75000.0,110.0,322.1432293830224,236.3310654202587,0.8844332253172975,7.08090550099298,0.7046616777600343,-46741.96503141039
200000.0,45000.0,-75000.0,110.0,364.9058230291964,384.7501579854203,0.7613570089794475,16.049294788359667,0.9653072611195262,-55120.758680407875
200000.0,45000.0,-75000.0,110.0,333.9493825427473,69.58163650020882,1.354914715551112,12.770657397460885,0.5599246332865043,-56898.75939295835
200000.0,45000.0,-75000.0,110.0,355.5802531658762,323.6776648631578,1.3117815550962177,14.811427846884284,0.9407025788542125,-92549.7218829301
200000.0,45000.0,-75000.0,110.0,327.4391043236364,74.53470969002655,1.2388427552948977,19.613315334633377,0.49684303151284515,-46163.27925813321
200000.0,45000.0,-75000.0,110.0,323.21313218037267,251.40341631640905,1.5010554892907741,7.35139615513155,0.7285026031450773,-82014.21235601525
200000.0,45000.0,-75000.0,110.0,345.60188824770626,411.61923806390206,1.6603222875035173,9.06764255889293,0.9285696578401121,-115629.367380859
200000.0,45000.0,-75000.0,110.0,342.1799816812663,389.0465640291927,1.5324589151547006,5.514225967726485,0.9130855743226038,-104944.95965023682
200000.0,45000.0,-75000.0,110.0,308.4217287486499,105.68580331073808,1.281731355560936,12.828954777587144,0.33566676509639115,-32267.59633828138
200000.0,45000.0,-75000.0,110.0,330.070973806292,442.5582700071046,1.8409744124778664,6.231204931775676,0.8699462149938593,-120116.15415267478
200000.0,45000.0,-75000.0,110.0,315.5784011047963,236.0434353769751,1.558247635160815,8.009499504661427,0.6268812529827833,-73262.7172490303
200000.0,45000.0,-75000.0,110.0,301.4240364267649,584.36838989754,1.0582757000851166,2.333525070526627,0.6502147730426764,-51607.98706105677
200000.0,45000.0,-75000.0,110.0,319.29802287643594,522.9356376141158,0.8825332395742025,13.015899123781251,0.8196686258366479,-54253.86058027138
200000.0,45000.0,-75000.0,110.0,344.02762591325,589.3075522441529,1.8461474624944145,1.4839593584383381,0.9454274745038508,-130904.889977084
200000.0,45000.0,-75000.0,110.0,368.63085609570817,114.03155125275623,1.1854645420650494,10.68659568547565,0.9054824803660595,-80506.30304513068
200000.0,45000.0,-75000.0,110.0,319.18273127731175,289.4477192477658,0.6559889739158054,4.4820258194991185,0.7143278716399939,-35144.34056674356
200000.0,45000.0,-75000.0,110.0,307.87158713875,397.85375099301945,0.630186009424166,14.7207610734443,0.6483033953957448,-30641.379723043625
200000.0,45000.0,-75000.0,110.0,316.98515725026004,518.3135877406262,1.3450309254625554,16.1482759585465,0.7992383559162072,-80625.02291423606
200000.0,45000.0,-75000.0,110.0,312.02272198986356,401.33492394104314,1.6066105320737956,19.382277594793333,0.7014459215610079,-84521.28039450936
200000.0,45000.0,-75000.0,110.0,333.229021629781,449.7230102310163,0.8873855052373815,5.169851773133087,0.8881468429971547,-59109.64762485116
200000.0,45000.0,-75000.0,110.0,348.18162690007557,254.73975552747467,1.8366648205170364,4.632048934120283,0.9003485447494716,-124022.88737587974
200000.0,45000.0,-75000.0,110.0,350.82057031099316,487.0007809179676,0.9230480218191366,4.9031030394940425,0.9510171012206218,-65837.58404983985
200000.0,45000.0,-75000.0,110.0,375.0310279353742,554.533393271079,1.7845677430951656,18.598458565621627,0.9835672243278197,-131643.17562758055
200000.0,45000.0,-75000.0,110.0,379.57693777448577,599.7346374468962,1.1699359928138828,9.819997450126776,0.9871707231070945,-86619.4920011323
200000.0,45000.0,-75000.0,110.0,306.9256930749337,415.64092933012205,1.1814772589615101,15.689302159770762,0.6459186257268903,-57235.362557699395
200000.0,45000.0,-75000.0,110.0,341.0375185190986,353.5849408439311,1.108734981361409,17.146059907173104,0.900549134281917,-74885.27457098206
200000.0,45000.0,-75000.0,110.0,301.5869966982231,596.3896461038927,0.5204610269457486,18.16600850844142,0.6570214501825457,-25646.55440155445
200000.0,45000.0,-75000.0,110.0,335.8549202194899,554.2840027943317,1.7888378130476574,9.463933670505428,0.9174345785816398,-123085.62488732098
200000.0,45000.0,-75000.0,110.0,315.998368804405,85.22337404209948,1.9204282794898098,7.013682325576095,0.38294060411444886,-55155.74741297245
200000.0,45000.0,-75000.0,110.0,307.9477057495833,424.1356226858896,1.47311109902046,6.117483934056763,0.6637173301138186,-73329.70242021696
200000.0,45000.0,-75000.0,110.0,351.23186347069,32.783723131758784,1.3309363918862465,2.8957026893518902,0.5709660685373756,-56993.96393614575
200000.0,45000.0,-75000.0,110.0,349.441848775138,93.68708053847598,1.5231080175060818,13.243523783188405,0.7784890964992572,-88929.22383143133
200000.0,45000.0,-75000.0,110.0,302.21525543608186,405.0501300628658,1.213745208662976,19.30610958224715,0.5745584442697803,-52302.56691219746
200000.0,45000.0,-75000.0,110.0,378.535775751621,273.4821291991825,1.1357280166096078,13.018610602155409,0.971213550157256,-82727.58292683572
200000.0,45000.0,-75000.0,110.0,333.81656476343136,576.6262716980535,1.290222641435283,14.120387866196426,0.9128627579428159,-88334.71491156581
200000.0,45000.0,-75000.0,110.0,322.7810507944925,240.26935502200647,1.7951949754923975,12.850580966639663,0.7149042854760456,-96254.44359334346
200000.0,45000.0,-75000.0,110.0,342.0037162242724,412.29823073028075,1.3192943073287988,16.728701867436694,0.916964544526309,-90730.95777119283
200000.0,45000.0,-75000.0,110.0,332.5781198963416,191.44530101977432,0.8076065595130445,14.272426709137026,0.7660484040182818,-46399.92869922474
200000.0,45000.0,-75000.0,110.0,322.8416479789008,286.4402956519198,1.6349769973752935,4.171456432889235,0.7499303127484711,-91958.91082336575
200000.0,45000.0,-75000.0,110.0,353.327599840471,157.75888308607438,1.8968330477696957,10.92081840567498,0.8752648632315307,-124517.34885968927
200000.0,45000.0,-75000.0,110.0,300.86292833996305,468.1363242662944,0.629358948754781,5.765020895041631,0.5901830953237497,-27857.775933434837
80000.0,52000.0,-48000.0,135.0,377.2593439883685,174.39752581568823,1.262797006276186,5.712714011524495,0.46812095718776897,-28374.80367896915
80000.0,52000.0,-48000.0,135.0,350.049518795076,233.38636078303094,1.899411610883385,10.95105138120377,0.24508043054208895,-22344.413537853252
80000.0,52000.0,-48000.0,135.0,379.40976464905873,80.59735417955417,1.5154659595667588,16.9164980281398,0.3088298771359222,-22465.01597264038
80000.0,52000.0,-48000.0,135.0,348.9367380144437,231.94174279625634,0.670745552899171,1.009432493042542,0.23357844389042506,-7520.241719645336
80000.0,52000.0,-48000.0,135.0,366.5442876703261,447.51451823884645,1.0788345426170913,5.95772259013877,0.5817691019927386,-30126.36494674042
80000.0,52000.0,-48000.0,135.0,375.61726173935847,237.74457841640591,1.743003155938799,19.347818662455175,0.5273957300124613,-44124.11624833761
80000.0,52000.0,-48000.0,135.0,371.96937379620164,157.06164234180557,0.7208896318074118,7.543263873655908,0.3850508390869698,-13323.79956559395
80000.0,52000.0,-48000.0,135.0,322.21742942083955,217.89250408977472,1.5206118826588502,4.0300641903233565,0.06082193006321929,-4439.354379858087
80000.0,52000.0,-48000.0,135.0,312.1135299975698,461.0086701936592,0.8566469001387156,3.248540615886374,0.06811466120919443,-2800.810242185051
80000.0,52000.0,-48000.0,135.0,324.42632292288306,570.1560200652481,1.5891356091434328,9.359340515005389,0.16205922336419043,-12361.635966631891
80000.0,52000.0,-48000.0,135.0,314.77629164292364,423.4203997732559,1.8487377238800526,5.564605387579849,0.07367562274964115,-6537.931349165617
80000.0,52000.0,-48000.0,135.0,325.50294522116195,571.5014635924751,0.5173258380662029,2.84282242472033,0.17124020363263745,-4252.175129034308
80000.0,52000.0,-48000.0,135.0,316.0844586196255,206.0152027474403,1.641191655390902,17.272625962236205,0.040320704044121504,-3176.352144801524
80000.0,52000.0,-48000.0,135.0,356.3131901698846,177.23064563155117,1.8679636976770506,9.991095730619087,0.2523395803098077,-22625.336424277604
80000.0,52000.0,-48000.0,135.0,337.3925460845118,229.19637036607452,0.5773463266451022,13.67451278333042,0.1402248264323112,-3885.997845366812
80000.0,52000.0,-48000.0,135.0,365.837561121569,146.53846055794267,0.9297327901476973,5.825258307184335,0.30590285730133343,-13651.580017580238
80000.0,52000.0,-48000.0,135.0,367.5222212858853,241.2576101263302,1.4265592559476041,5.1732448898965,0.43969502289360884,-30108.048225742627
80000.0,52000.0,-48000.0,135.0,363.39494823052775,164.07016575420556,1.9261009851102646,14.966109546306452,0.30549750192062247,-28244.11389110572
80000.0,52000.0,-48000.0,135.0,320.4119124061276,161.89107426736976,1.0775348100137008,12.589064610888206,0.0413476613653432,-2138.5701328231644
80000.0,52000.0,-48000.0,135.0,311.38132626381383,597.0441161426925,0.8620644827803204,3.029410480682057,0.08282527299301369,-3427.2348539453374
80000.0,52000.0,-48000.0,135.0,324.97462544395796,69.89522512879323,0.8990534716126654,14.051048447692839,0.023907363567087225,-1031.7119141806045
80000.0,52000.0,-48000.0,135.0,347.67791084049423,52.70781105123489,1.221547711984764,1.0778762876767136,0.06094881354991476,-3573.690419524049
80000.0,52000.0,-48000.0,135.0,311.73449163592886,511.38288244153784,0.7918171905817393,6.680698337953031,0.07332636083657494,-2786.9315055935826
80000.0,52000.0,-48000.0,135.0,332.44887939644957,197.6848778163852,1.7644660040507691,12.573710425750662,0.09647724366481246,-8171.079197332033
80000.0,52000.0,-48000.0,135.0,336.8590480121266,445.8615340504081,1.598481569642829,1.7418480425930238,0.23552834512560158,-18071.41050296398
80000.0,52000.0,-48000.0,135.0,356.9998975672465,324.9253186650284,0.922892774932665,6.063410758735457,0.390249185449771,-17287.591376397664
80000.0,52000.0,-48000.0,135.0,302.2367157298873,528.248227039623,1.0807551601434073,9.116253635002748,0.041697162533947583,-2163.0923314513057
80000.0,52000.0,-48000.0,135.0,326.13847254370035,446.6838398489443,1.4502158539802736,6.466463916449781,0.14358399028367694,-9994.933396182618
80000.0,52000.0,-48000.0,135.0,303.110933889857,66.13329760511643,1.6644857533984934,19.15990222982144,0.005749136888221785,-459.3291093495796
80000.0,52000.0,-48000.0,135.0,376.9771258036095,153.59170641630936,1.0530530746630278,19.332322690567327,0.4336092679823431,-21917.45149685718
80000.0,52000.0,-48000.0,135.0,338.219703274921,172.90790144603451,1.5076748419442936,12.907821867258741,0.11406172280049168,-8254.463514966006
80000.0,52000.0,-48000.0,135.0,319.0977140731453,477.82854975886784,0.7652616634136236,10.155830785620344,0.10512085004518018,-3861.357915121376
80000.0,52000.0,-48000.0,135.0,302.656937621355,204.4999612919925,1.4537061009753292,3.518231165412126,0.01704013700733859,-1189.0248541931326
80000.0,52000.0,-48000.0,135.0,311.8110760101436,327.85672171207995,0.5095268799032517,7.783296980932766,0.04850833332012946,-1186.3823868438003
80000.0,52000.0,-48000.0,135.0,304.01576566533583,567.8580635734115,1.5060207770977858,14.022225649530753,0.05014801490788326,-3625.1497143111214
80000.0,52000.0,-48000.0,135.0,318.3695187889043,35.08760665888779,1.9767446253966807,7.01317890173297,0.00818028932902142,-776.1764623359797
80000.0,52000.0,-48000.0,135.0,368.0326440303283,440.3174974988298,1.672057152527501,15.029821167696179,0.5945562388647464,-47718.336565135134
80000.0,52000.0,-48000.0,135.0,367.6079086449873,429.9404712467353,0.5486192796012441,12.456093464784637,0.5840322346060938,-15379.744503047998
80000.0,52000.0,-48000.0,135.0,373.5601957826522,402.57415781528914,1.215548114084192,3.122967803623351,0.6329009819313315,-36927.43655945583
80000.0,52000.0,-48000.0,135.0,345.1573267886608,58.728359814368325,0.8541098650467241,19.011023976017697,0.05963374856992201,-2444.8211012777456
80000.0,52000.0,-48000.0,135.0,319.59640416863994,423.32118839558785,0.6473894374428895,18.696561912893678,0.09690343416044445,-3011.244466915882
80000.0,52000.0,-48000.0,135.0,314.83272095160623,288.3369433540201,1.4555748291507986,3.113851743612228,0.051552441447518714,-3601.844935309373
80000.0,52000.0,-48000.0,135.0,314.1249394455962,57.48592061014561,0.766707313020182,7.336383585367087,0.010256048071385264,-377.4425788328456
80000.0,52000.0,-48000.0,135.0,326.90660207800704,559.3679245335603,0.6598950163456088,15.268474171324433,0.18007808154937138,-5703.966171240399
80000.0,52000.0,-48000.0,135.0,356.17880753343564,180.10408015354687,1.5117959810626342,11.86941895025988,0.2541285640161913,-18441.146004139027
80000.0,52000.0,-48000.0,135.0,337.47006978781724,100.59361632284181,1.8842916358115418,17.494157213098518,0.0670660947010987,-6065.859902007602
80000.0,52000.0,-48000.0,135.0,368.9415201332035,365.93509056787445,1.7269797626778498,10.80227523670748,0.5596294525195643,-46390.49947678906
80000.0,52000.0,-48000.0,135.0,379.52169509991927,140.0422058017083,1.598118816992232,18.704150544769185,0.4382528999302145,-33618.24988703469
80000.0,52000.0,-48000.0,135.0,348.4472128975553,215.4539693384819,1.7290257223446408,16.46588461019148,0.2163381360814465,-17954.60169642798
80000.0,52000.0,-48000.0,135.0,370.54795778330197,136.11667480575022,1.883341393859081,18.314019660194898,0.33720143610970876,-30483.140289318853
80000.0,52000.0,-48000.0,135.0,328.9534816932791,588.9767610863144,0.5949479344875644,10.84306516010756,0.20665789022314135,-5901.632876823158
80000.0,52000.0,-48000.0,135.0,330.95798126157996,36.085484399812486,1.0667807987322406,18.714178292221366,0.017592587884906925,-900.8368778701512
80000.0,52000.0,-48000.0,135.0,331.6162551721828,93.6978753633816,1.7290919414678467,14.348932952374208,0.04605235946309896,-3822.180654394798
80000.0,52000.0,-48000.0,135.0,332.16544451996265,503.3579041635426,1.5569520246844037,18.0935268961944,0.21108123059374373,-15774.88076859863
80000.0,52000.0,-48000.0,135.0,317.53928201312095,406.6766461868694,1.8018746715132126,5.705482170494397,0.08324834917501994,-7200.148407540302
80000.0,52000.0,-48000.0,135.0,359.8575426671136,158.88275983423637,1.3036870623503578,8.713156327417854,0.2645272104224914,-16553.313689636772
80000.0,52000.0,-48000.0,135.0,340.67918757360803,370.5044931000605,0.9404022607083069,1.0152219235001287,0.23970500174472634,-10820.118026103806
80000.0,52000.0,-48000.0,135.0,308.9550968701078,392.8774789521315,1.6594996403378104,14.556074957469285,0.048301011671004736,-3847.4645518072675
80000.0,52000.0,-48000.0,135.0,379.5743163116611,466.90997718242164,0.9869325588163891,2.741729934703822,0.7227656128474484,-34239.40395417734
80000.0,52000.0,-48000.0,135.0,356.12345069208305,182.61619052268847,1.5002309094110318,5.561261967568164,0.25624249449850156,-18452.29970645944
80000.0,52000.0,-48000.0,135.0,303.88264313410286,480.53433342666733,0.5808209078261437,13.257182729530344,0.04239875291134622,-1182.0519435198942
80000.0,52000.0,-48000.0,135.0,305.8579217654227,414.9307159926958,1.2663069943780312,13.613194680592182,0.04183936187138785,-2543.1108757464935
80000.0,52000.0,-48000.0,135.0,326.92494683635664,353.8960991732167,1.038928984637986,16.568254243302043,0.12211535521591066,-6089.720736152307
80000.0,52000.0,-48000.0,135.0,359.1178937412894,101.3340655003513,0.960408673963162,14.500958326353357,0.18121895018024803,-8354.1240787012
80000.0,52000.0,-48000.0,135.0,309.5357628888974,135.053442909894,1.0557335361421771,5.017273085349439,0.017799114543535676,-901.9738625878355
80000.0,52000.0,-48000.0,135.0,303.6102781633823,133.72868869369333,1.8551506800731756,8.415638344591823,0.011951653442243578,-1064.2616645461
80000.0,52000.0,-48000.0,135.0,321.82477454718696,354.02370965817414,1.7293307179320296,3.85592506004237,0.09318298112202263,-7734.921198854119
80000.0,52000.0,-48000.0,135.0,306.23611372212025,406.999740959783,1.117888212535102,15.06964084867777,0.04207874129501731,-2257.8877868166664
80000.0,52000.0,-48000.0,135.0,361.1235627642369,147.51822605090842,1.013805556128324,4.08434863771692,0.26195115159143645,-12747.241580045333
80000.0,52000.0,-48000.0,135.0,342.0594356884921,290.8497453131744,0.5036937252797848,13.611032987667512,0.21043989480598088,-5087.868218990907
80000.0,52000.0,-48000.0,135.0,306.7768617512815,505.1805779584691,1.204787968494668,7.460598203313103,0.05349849853230408,-3093.8086734839812
80000.0,52000.0,-48000.0,135.0,360.28720133706827,363.8755287562747,1.5627578904964345,5.184232845992812,0.4568086420283935,-34266.30286928799
80000.0,52000.0,-48000.0,135.0,351.80010386314257,53.43290345605198,1.943306883487173,4.418636037825524,0.07513347547529108,-7008.355203429496
80000.0,52000.0,-48000.0,135.0,313.3971368145678,556.8939917374845,1.1209141916831538,10.336107404878616,0.08746538061091876,-4705.976947571874
80000.0,52000.0,-48000.0,135.0,350.69869310905204,62.20407582578168,0.5944692205021884,2.626998275088645,0.08209436620357084,-2342.523546463582
80000.0,52000.0,-48000.0,135.0,353.8164589654707,273.2992676110145,1.695820950755452,12.328828069886049,0.3149830837672405,-25639.435804130208
80000.0,52000.0,-48000.0,135.0,377.0064807892644,576.8144263758882,0.8732307837480147,10.355542606000787,0.7421884442899924,-31108.88625101135
80000.0,52000.0,-48000.0,135.0,314.9461271114958,506.3888531571042,1.2182774583888154,13.874887371781812,0.0877118897837285,-5129.156071497631
80000.0,52000.0,-48000.0,135.0,313.06835373157804,221.4254806444099,0.5254816175117383,11.069319408593046,0.03597716108032958,-907.4561663026533
80000.0,52000.0,-48000.0,135.0,359.1166931936397,293.72086911101053,1.6474399412044967,2.8153710011078594,0.3907973789509326,-30903.130128086195
80000.0,52000.0,-48000.0,135.0,375.00407355501306,413.8244063608767,0.5285931029348263,2.0246699747535355,0.654009432827178,-16593.83402144467
80000.0,52000.0,-48000.0,135.0,335.768740310511,341.38458283893567,0.9928656035186705,3.4155502354580847,0.181733957816443,-8660.994993948445
80000.0,52000.0,-48000.0,135.0,331.81390498796696,254.82380660089538,0.9118510023241639,12.387108001348452,0.11721226026310315,-5130.245616268386
80000.0,52000.0,-48000.0,135.0,358.92032863656743,118.46585950519642,1.890363673751381,17.31351088894213,0.2039973925391119,-18510.204499005027
80000.0,52000.0,-48000.0,135.0,344.3936894755327,372.94407108728507,1.2294104278416151,18.426742981936652,0.2789407579307587,-16460.768474405686
80000.0,52000.0,-48000.0,135.0,344.194270364475,337.25968460464895,1.5820936276898436,19.11036034080784,0.2571529347982417,-19528.32093532992
80000.0,52000.0,-48000.0,135.0,377.9751114260233,279.5536448862355,1.2261049332242768,5.0163214409440515,0.5928024146735187,-34888.2223228063
80000.0,52000.0,-48000.0,135.0,344.8175663526902,102.84348382749637,0.7667402702078796,3.59352620682875,0.09835679595691421,-3619.8775828217126
80000.0,52000.0,-48000.0,135.0,319.0542002795226,585.104703346793,0.7258684551293525,2.5719912718711844,0.1254598499830204,-4371.232679420897
80000.0,52000.0,-48000.0,135.0,315.2045557087204,406.5416671319596,1.3919524166312163,10.718516879282852,0.07274726077495786,-4860.514821072185
80000.0,52000.0,-48000.0,135.0,379.9181032094539,491.5820311312179,1.0495515856562196,19.52465376596575,0.7358724458647696,-37072.1324351083
80000.0,52000.0,-48000.0,135.0,341.9259672501684,129.69683272356886,1.5380897086990324,9.158307194714974,0.10555036358977953,-7792.604543370285
80000.0,52000.0,-48000.0,135.0,364.89560267961735,553.3959908322084,1.947908025010283,14.02594242789007,0.6142726443472886,-57434.2374464818
80000.0,52000.0,-48000.0,135.0,344.2763128121612,33.379793361822664,1.9438830035018948,8.320195390772614,0.033265876814664315,-3103.918681757458
80000.0,52000.0,-48000.0,135.0,344.75965550074704,195.54769463231028,1.585160153323124,2.5934861920650816,0.1713530688162754,-13037.85872818536
80000.0,52000.0,-48000.0,135.0,366.88013261768407,454.30507704154377,0.897545754063904,18.084136428495437,0.5892147034751427,-25384.663456134556
80000.0,52000.0,-48000.0,135.0,308.1895121825163,158.81318889115923,0.6475759576796645,6.109044751268394,0.019136148326590934,-594.8212597868272
80000.0,52000.0,-48000.0,135.0,349.47651021572926,346.66609013536146,0.7650909448999204,12.63544319093298,0.31893858655025864,-11712.817178341556
80000.0,52000.0,-48000.0,135.0,355.69620103181614,361.0441772485558,1.8010588865965103,19.22016457121972,0.4000941391786545,-34588.46903245904
80000.0,52000.0,-48000.0,135.0,362.02621744621115,126.43182288065631,1.6755267206424902,16.139918879538236,0.2410526807214485,-19386.729966301915
80000.0,52000.0,-48000.0,135.0,337.19464428777627,76.51891415410375,1.8425234623996847,18.439082642584225,0.05110843216356274,-4520.087298615697
80000.0,52000.0,-48000.0,135.0,307.5035344333274,362.54494476754445,1.8844206205587026,13.285395717849067,0.04082780477111871,-3692.9643457363723
80000.0,52000.0,-48000.0,135.0,331.49956554167096,126.03566730621583,1.79253946354593,7.304614317178102,0.060598124623555065,-5213.977430620646
80000.0,52000.0,-48000.0,135.0,314.39826531704006,358.93440641168405,0.9506628608450258,6.667614093688823,0.06176466858640206,-2818.4340737997063
80000.0,52000.0,-48000.0,135.0,356.3666372546485,115.81121352315049,0.6778280993081633,19.960491227490095,0.1810824256440769,-5891.65230683695
80000.0,52000.0,-48000.0,135.0,376.8965241596266,564.7373126584495,1.9974622847198318,8.82579315042928,0.7371822604334912,-70679.70058465975
80000.0,52000.0,-48000.0,135.0,372.0205587243673,244.402702482911,1.1510652763251763,11.148929499535576,0.49408231693400084,-27298.607936112912
80000.0,52000.0,-48000.0,135.0,349.5436288533398,470.0039884181574,1.0860405855794524,6.052787412528775,0.3891614779283515,-20286.967649965056
80000.0,52000.0,-48000.0,135.0,325.01431921134093,346.459287043657,0.864939799261609,4.29707553755568,0.10849059593748477,-4504.21604505314
80000.0,52000.0,-48000.0,135.0,305.75476464214626,539.5499153914036,1.9758682321816563,12.144131284840233,0.053380417211910135,-5062.688188301575
80000.0,52000.0,-48000.0,135.0,363.5542503851498,113.61211630718748,1.2301141758280147,12.202496997402289,0.23483353371787116,-13865.858821734691
80000.0,52000.0,-48000.0,135.0,357.62009023162943,159.80258919571878,1.9017857983436408,11.049384654139573,0.2449854718514923,-22363.674776048825
80000.0,52000.0,-48000.0,135.0,365.69926844005283,550.4698954190973,1.4454586525745838,19.34277723024829,0.6219127542451724,-43149.560244968416
80000.0,52000.0,-48000.0,135.0,367.54053307970196,577.0442874242829,0.7095133814385145,15.95121397955525,0.6526032204104351,-22225.474447251454
80000.0,52000.0,-48000.0,135.0,329.6532511821485,281.54458715834824,1.356058724959484,8.052816314999635,0.11476920207660637,-7470.42133596577
80000.0,52000.0,-48000.0,135.0,323.628487923441,53.754413036346634,1.4197894219766738,2.517750669728386,0.0170904511566707,-1164.7124049144034
80000.0,52000.0,-48000.0,135.0,343.13266194089965,120.490706816248,0.6021110182158973,11.257993224400606,0.10467561233020664,-3025.2642970806364
80000.0,52000.0,-48000.0,135.0,363.2185796914245,490.83916128815184,1.0784665541785357,7.55585704688374,0.566162435661207,-29308.188052457703
80000.0,52000.0,-48000.0,135.0,379.50903626482636,521.4764277987218,0.8487977769479922,4.990582122313395,0.7438192695389032,-30304.90283691362
80000.0,52000.0,-48000.0,135.0,372.3445669212674,230.3334900708478,0.9117808242710388,19.626814571562903,0.48292385833894497,-21135.394253588813
80000.0,52000.0,-48000.0,135.0,306.2004626321689,597.3542353618207,0.8023017903726005,6.064613885838975,0.06043190318526356,-2327.2619578157096
80000.0,52000.0,-48000.0,135.0,348.7474229171735,78.02216320193611,1.0108455417935893,14.185898543004214,0.09216870916677068,-4472.079780196803
80000.0,52000.0,-48000.0,135.0,374.92784511308844,516.2082199617555,1.6611461865444026,16.392212651063943,0.701486759797075,-55933.05868551842
80000.0,52000.0,-48000.0,135.0,323.01243478427216,263.5320315298364,0.904452422408364,16.413712792021464,0.0759207912140097,-3296.003689184194
80000.0,52000.0,-48000.0,135.0,367.4100037648404,581.2401408918792,0.867316670285373,14.658990508198672,0.6528750658520391,-27179.97255490244
80000.0,52000.0,-48000.0,135.0,333.16608851600733,276.55269352357925,1.3553453523410346,14.321564534410989,0.1346136607070589,-8757.503971244412
80000.0,52000.0,-48000.0,135.0,328.7430388717502,284.74170433107093,1.0594569542689385,8.564832681196851,0.11064541733255434,-5626.754728846255
80000.0,52000.0,-48000.0,135.0,357.02703058775904,474.91086230054685,1.5236531651592524,3.894414941417675,0.48365540113120564,-35372.30797343661
80000.0,52000.0,-48000.0,135.0,311.49899052213834,167.15036754513886,1.326986594523041,19.250269284872378,0.02484173637828846,-1582.303255615879
80000.0,52000.0,-48000.0,135.0,319.28704464578834,112.0099009431225,1.6074175840018867,6.196375857382782,0.027103363715117273,-2091.188324221354
80000.0,52000.0,-48000.0,135.0,348.4504689319982,350.14956033446924,1.5546779004654103,17.56300675580585,0.3097359202787713,-23113.90033141065
80000.0,52000.0,-48000.0,135.0,322.2000089887481,159.16378630198938,1.6966047362195409,7.615199491799373,0.04512378436710346,-3674.7468611220966
80000.0,52000.0,-48000.0,135.0,302.79141207318276,260.82317551731535,1.9384712572526503,6.973286621744709,0.021826888849838577,-2030.9182401917012
80000.0,52000.0,-48000.0,135.0,302.8305896241508,501.0290256353963,1.8767873974562927,4.128120780688297,0.041207659762997756,-3712.224793049326
80000.0,52000.0,-48000.0,135.0,373.1777992046946,492.95155120099423,1.0160459255769667,4.267402375605183,0.6748178580190607,-32911.004887048446
80000.0,52000.0,-48000.0,135.0,326.74548147903886,299.92640143263657,1.7104440966321743,14.09328256026005,0.1044693027060002,-8577.067300452369
80000.0,52000.0,-48000.0,135.0,337.9477195816931,425.75435738433174,1.34174303997457,10.399699425840122,0.23799798411815892,-15327.942658488864
80000.0,52000.0,-48000.0,135.0,303.6246419957764,174.96912750025768,1.4842157685699655,19.446271514886455,0.015594940449914364,-1111.0203132322797
80000.0,52000.0,-48000.0,135.0,326.61237093214265,81.4993665780244,0.7998935588674421,14.161899429563842,0.030493715821928048,-1170.8028898509338
80000.0,52000.0,-48000.0,135.0,344.2224520374275,523.3038183764868,1.0149365597369668,1.5189106316987702,0.34977633442247674,-17040.03789773546
80000.0,52000.0,-48000.0,135.0,300.17664827947453,100.84248117596215,0.6795069186116518,2.357605307791259,0.007155038524262823,-233.37111264813558
80000.0,52000.0,-48000.0,135.0,329.30019812770206,352.06893123890785,1.3626250592965212,6.334305708174697,0.1370831554814961,-8966.061257593337
80000.0,52000.0,-48000.0,135.0,302.0356234543136,554.1602238303806,0.8082649325152642,8.959832112170014,0.04308164193123364,-1671.4262595933762
80000.0,52000.0,-48000.0,135.0,320.3079893903906,355.8309705366695,1.1494629300682586,17.398473941115423,0.08609196896160044,-4750.057291101447
80000.0,52000.0,-48000.0,135.0,369.391037150504,217.00010577202124,1.3324742758648491,3.3286677884884694,0.4348057850388742,-27809.641130953012
80000.0,52000.0,-48000.0,135.0,377.8552116377838,458.66109819996404,1.518674277351536,13.723130693764181,0.7037937253337403,-51304.00450683665
80000.0,52000.0,-48000.0,135.0,337.8453974718999,204.151424926574,1.1270981449706954,5.136953650139731,0.1296233842448026,-7012.717244502752
80000.0,52000.0,-48000.0,135.0,337.2405180119355,92.69888250575622,1.3884418132001548,8.666275273069425,0.06139862321666232,-4091.923955852916
80000.0,52000.0,-48000.0,135.0,318.8849836435767,300.4598130695635,1.8555403293423796,7.814321769597742,0.06795143130806745,-6052.157818975564
80000.0,52000.0,-48000.0,135.0,360.27059291242745,429.07001808689085,1.9717281865517426,1.89520782481395,0.4977027383969894,-47104.05685542395
80000.0,52000.0,-48000.0,135.0,305.7298357234019,190.23073919606477,0.8261914952423169,10.24691779265424,0.019462356843847263,-771.8224176843701
80000.0,52000.0,-48000.0,135.0,317.5479220248859,409.4927776736223,1.5447834567899088,12.709687618392783,0.08381767312578633,-6215.047431904264
80000.0,52000.0,-48000.0,135.0,323.2465330859039,578.7393454061834,1.1153498338874395,12.691490238306146,0.1546734316725025,-8280.719343490842
80000.0,52000.0,-48000.0,135.0,321.05565423482756,542.8706558833625,1.0709216953154082,17.44443988058199,0.13074067829515437,-6720.625384633589
80000.0,52000.0,-48000.0,135.0,343.20770490745736,263.0646977260828,1.4163251887058985,3.7063197160793386,0.20399547643367325,-13868.348719443451
80000.0,52000.0,-48000.0,135.0,335.2477513096756,63.70067626783012,1.5969508721596402,2.8510889585687607,0.038701524582141184,-2966.6128048971896
80000.0,52000.0,-48000.0,135.0,338.97313737491726,229.54286714674916,1.2141376952078606,2.5703369127787217,0.1511674510527248,-8809.828829356915
80000.0,52000.0,-48000.0,135.0,362.32891970982456,184.35889688461427,1.4958750514274224,9.325605678327262,0.31966703743971164,-22952.73341134946
80000.0,52000.0,-48000.0,135.0,347.9519577236115,351.23218712404787,1.5034887447550345,5.03626555514091,0.30491876592976574,-22005.212766719887
80000.0,52000.0,-48000.0,135.0,300.61074477737185,184.35043200115513,0.617406379692529,11.339561491445618,0.013394968674945969,-396.96667755327474
80000.0,52000.0,-48000.0,135.0,360.8919965126114,423.2782129111924,0.7460575847077138,2.338000371342334,0.501778208499303,-17969.061038013773
80000.0,52000.0,-48000.0,135.0,311.37387801590125,530.3014224466788,1.9060935127996705,14.541671623832006,0.07422084516943091,-6790.64983161413
80000.0,52000.0,-48000.0,135.0,302.08722283506904,102.25189746193888,1.8633263821445905,7.6114398222217705,0.008267686361760103,-739.459109623902
80000.0,52000.0,-48000.0,135.0,350.18448980056104,84.74343541047035,1.6892569336282686,15.171634680023969,0.10610063947759692,-8603.099563196341
80000.0,52000.0,-48000.0,135.0,362.85385904590277,430.36301983545076,1.2061583159483442,6.209240442166529,0.5293201089324865,-30645.3048570049
80000.0,52000.0,-48000.0,135.0,313.56008065471946,461.3311836845302,1.9514037751721274,16.962575089698355,0.07427032437240097,-6956.706785450961
80000.0,52000.0,-48000.0,135.0,378.5788459668726,514.0367860749986,1.3088130632434356,8.185900180786685,0.733225986052275,-46063.4759450288
80000.0,52000.0,-48000.0,135.0,346.93347682788624,296.3450356468764,1.0649219705739803,13.221215210635535,0.2598639842585758,-13283.273577496722
80000.0,52000.0,-48000.0,135.0,356.7281342484481,405.6946592952171,0.8969080881675271,1.8225695394506127,0.44087632208838545,-18980.425879805985
80000.0,52000.0,-48000.0,135.0,366.0049880093127,102.60890232049051,0.5131145442742067,18.130621823819315,0.23723714860364079,-5843.03190675213
80000.0,52000.0,-48000.0,135.0,311.87730168636335,153.85152471804025,0.7447072324762805,17.043777062713335,0.023462158834887906,-838.6770899447176
80000.0,52000.0,-48000.0,135.0,330.8121900573107,346.8317924044984,0.8829879422606784,13.28081900472095,0.14580271056321695,-6179.617698059722
80000.0,52000.0,-48000.0,135.0,333.5592521760346,78.69683780137753,1.8661902437845628,11.119549209582186,0.0432958251761163,-3878.315833932974
80000.0,52000.0,-48000.0,135.0,307.73744096100756,201.3794443259244,0.6438546972395867,16.568197638789897,0.02344886617824706,-724.6878064227286
80000.0,52000.0,-48000.0,135.0,302.7874834153839,291.92947338638777,1.4694424775938273,9.895948195395636,0.024360207907315194,-1718.2043645772471
80000.0,52000.0,-48000.0,135.0,365.91114056068636,197.0278193775706,1.4148184696209916,16.45921402773409,0.37288743052920803,-25323.26514250742
80000.0,52000.0,-48000.0,135.0,312.99108163951576,506.5561006380772,1.9479044540475474,1.9638164029070648,0.07830420421330156,-7321.397191571465
80000.0,52000.0,-48000.0,135.0,377.62892870657026,64.55965547431984,0.965609169671709,9.810120199085262,0.24876471452524976,-11530.055492944613
80000.0,52000.0,-48000.0,135.0,379.65924600339207,237.29314108479278,1.1636871072252708,12.023627283498593,0.570788152844553,-31882.503092262414
80000.0,52000.0,-48000.0,135.0,311.0663315492612,249.67721576293474,1.5094839306788592,3.564521223560138,0.03568364960266041,-2585.466991833166
80000.0,52000.0,-48000.0,135.0,311.7598546319794,372.5985942646111,1.450606896350007,12.21425859485383,0.05459526778538096,-3801.4210539623514
80000.0,52000.0,-48000.0,135.0,339.19238044408604,209.8854586817324,0.6173689768863706,12.551767632423584,0.14147712813968646,-4192.492312916169
80000.0,52000.0,-48000.0,135.0,350.52691161350657,37.074627525271154,1.1835105174346985,4.172230020967697,0.05018967701159246,-2851.2005092737686
80000.0,52000.0,-48000.0,135.0,347.16491296861227,471.3644524566822,1.6751522339017175,8.917072843312113,0.36110988089560403,-29035.873135980204
80000.0,52000.0,-48000.0,135.0,301.48001784546,291.61641154015274,1.6591995123348828,12.421680583690097,0.02229602006217144,-1775.6901894798536
80000.0,52000.0,-48000.0,135.0,354.30367077174185,249.8773441773209,0.9091071080740598,15.57969774851336,0.30106882604680574,-13137.78286937586
80000.0,52000.0,-48000.0,135.0,339.5563492922846,265.70004940717433,1.0967654830768878,3.3755935511794424,0.17544705498570987,-9236.36515275933
80000.0,52000.0,-48000.0,135.0,313.4373675030818,159.51290449368148,0.5124705723118594,13.115543140759103,0.026787385844725994,-658.931853820096
80000.0,52000.0,-48000.0,135.0,334.0669980581414,145.04332200082726,0.9608349140983173,2.8258420810545855,0.07903659826010054,-3645.173908793612
80000.0,52000.0,-48000.0,135.0,326.81476206323873,532.6613970183888,1.3325633205080536,2.5387713584968212,0.17219977442777112,-11014.420953706009
80000.0,52000.0,-48000.0,135.0,310.86158741297544,502.805339688391,1.5143506687463653,18.99053731043975,0.06850171194721244,-4979.309438281537
80000.0,52000.0,-48000.0,135.0,321.1259386145146,534.1997634077593,1.9642646743512022,12.959499646866618,0.1294012531647252,-12200.558899595828
80000.0,52000.0,-48000.0,135.0,365.03728811412793,397.69370359757875,0.7801079478245196,4.748321806570244,0.5353333353667863,-20045.65390344187
80000.0,52000.0,-48000.0,135.0,345.3350338375859,435.128892792165,1.6862016315480908,12.71026106891385,0.32169276344367803,-26037.065403645305
80000.0,52000.0,-48000.0,135.0,312.65657217931374,574.1948326003401,1.9942886874962469,7.899526881270748,0.08614342696681584,-8246.153371299839
80000.0,52000.0,-48000.0,135.0,323.3116476194602,83.49080446239356,1.107172864914715,9.734418384908286,0.025815494387797417,-1371.9463142653158
80000.0,52000.0,-48000.0,135.0,327.94416997153337,565.5414112233254,1.6531764561926081,11.58582030914163,0.19087875825100284,-15146.700918136243
80000.0,52000.0,-48000.0,135.0,311.89483661368797,381.17606499378593,1.7450799546891382,11.0766693534416,0.05624105351253082,-4710.9664855352
80000.0,52000.0,-48000.0,135.0,311.4831029149908,126.8423757458708,1.5438926057840185,17.890286407115916,0.018945763554074298,-1404.0107645792475
80000.0,52000.0,-48000.0,135.0,368.78180408030744,32.52739641869248,1.5619647267724377,12.584615266163372,0.10082811922465704,-7559.51835339457
80000.0,52000.0,-48000.0,135.0,320.73485118895144,569.4986476448883,1.0202824023104917,10.064986730863271,0.13400226507309695,-6562.56734034368
80000.0,52000.0,-48000.0,135.0,332.3545016870668,304.4774022595118,0.7512697683152864,8.3853999006847,0.14058810999588026,-5069.74064757547
80000.0,52000.0,-48000.0,135.0,344.2064100068211,444.90634685448913,1.4905606309780073,17.079004129920758,0.31363756916616575,-22439.799023746964
80000.0,52000.0,-48000.0,135.0,364.8220489678338,113.5529192368424,1.4866107532211335,8.720460563518948,0.24564928443746803,-17528.87365275921
80000.0,52000.0,-48000.0,135.0,323.04020366111,556.4488130630782,1.7011091774176186,12.45080991006205,0.14804183983658906,-12088.09595461492
80000.0,52000.0,-48000.0,135.0,337.2358780293193,358.7321809286724,1.641981593492408,6.713739302583775,0.20196807639217526,-15918.137467632976
80000.0,52000.0,-48000.0,135.0,356.7766190081007,449.614959315251,1.4173292847900787,10.365064905969298,0.4669400866771904,-31766.77723631998
80000.0,52000.0,-48000.0,135.0,363.426165165867,261.9525725506401,1.7405026050646282,3.8754408560951648,0.4129201813607152,-34497.05526442001
80000.0,52000.0,-48000.0,135.0,373.9296417398773,506.8519337113237,1.8628963266592597,17.421364196607357,0.6881670916895762,-61535.22946734228
80000.0,52000.0,-48000.0,135.0,375.83573968097835,289.1501457405993,0.7134517500818709,6.554004540551773,0.5781348826189789,-19798.624501818602
80000.0,52000.0,-48000.0,135.0,322.37774611717407,137.87976624746352,0.6828803625013267,6.637479002619992,0.03973329457652725,-1302.3881569819646
80000.0,52000.0,-48000.0,135.0,318.39038866715913,504.2137699138098,1.9315515485543142,19.688249942822523,0.10608464628031156,-9835.582214427479
80000.0,52000.0,-48000.0,135.0,375.1804198964786,177.26137832770377,1.082094202195316,11.033139464519023,0.44935756998584503,-23339.866617324424
80000.0,52000.0,-48000.0,135.0,314.16103631225616,262.6697262962048,1.4289612123136393,1.8494061453573793,0.045306771922508794,-3107.5977471554747
80000.0,52000.0,-48000.0,135.0,336.00409876069426,163.84687176020913,1.5635788926069205,19.12660365686625,0.09746859979683539,-7315.192576045584
80000.0,52000.0,-48000.0,135.0,338.97978120268255,335.536130441837,1.4551734924190867,10.884923798508526,0.2066115840999194,-14431.473619628137
80000.0,52000.0,-48000.0,135.0,376.719096333917,347.427622907633,1.7269661001315906,17.626420834395052,0.6312898367902958,-52330.37507973338
80000.0,52000.0,-48000.0,135.0,329.1736798864598,76.93530085495738,1.2061391613762118,17.24434658855082,0.03331410017471579,-1928.709160643271
80000.0,52000.0,-48000.0,135.0,319.10212117503545,560.7840974866226,0.8624028637270635,8.360980028714103,0.1211884890925779,-5016.638402121369
80000.0,52000.0,-48000.0,135.0,300.9827877209264,37.628509729744984,1.147762514163598,15.762312192879616,0.00283535453540176,-156.20705520469846
80000.0,52000.0,-48000.0,135.0,329.174401545578,173.3554138865092,0.530630077724037,3.587289778316796,0.07205972056415498,-1835.3786459390376
80000.0,52000.0,-48000.0,135.0,361.94985312868096,106.16302467172586,1.849629983285289,5.271459982134553,0.20993965786930965,-18638.912922035062
80000.0,52000.0,-48000.0,135.0,336.22961507819866,46.04279116120993,1.4525169112564023,1.067703588829664,0.029812857533922477,-2078.576627563212
80000.0,52000.0,-48000.0,135.0,353.72274261701165,347.6130022031816,1.2179411912802864,14.941387346634922,0.3679350610990244,-21509.916798179078
80000.0,52000.0,-48000.0,135.0,377.86694179599465,314.77077266187024,1.6549350056014673,6.3069578949724665,0.6199830186035817,-49249.51681754559
80000.0,52000.0,-48000.0,135.0,334.77997089930085,378.0566863660051,1.725961890962043,16.29100909879063,0.18883082511062924,-15643.910783033496
80000.0,52000.0,-48000.0,135.0,363.63669577076075,582.3743754798846,1.7871919595980343,8.884009515830353,0.6123039954130733,-52526.62931673582
80000.0,52000.0,-48000.0,135.0,347.64667794986565,468.69586263656936,1.2502240456049816,19.513111226513363,0.3655718119596146,-21938.240145950058
80000.0,52000.0,-48000.0,135.0,309.10075653576297,459.0002578573166,1.348875413722195,13.757971766607925,0.05648146019142259,-3656.9497432002636
80000.0,52000.0,-48000.0,135.0,311.8942068196338,140.04573155483732,1.6758751241020504,15.144756175746826,0.021424629245325483,-1723.4401533768125
80000.0,52000.0,-48000.0,135.0,361.86805324453627,495.91894226248405,1.7924489439836786,6.321449179791735,0.5528620354818667,-47566.89464007068
80000.0,52000.0,-48000.0,135.0,332.0650850179153,356.0689849140933,0.769042159845341,3.0116042921868167,0.15838577136984314,-5846.656113745657
80000.0,52000.0,-48000.0,135.0,344.5400882865024,442.6915264809571,1.0961620141982351,19.90561502756341,0.31635789995272623,-16645.4166153458
80000.0,52000.0,-48000.0,135.0,334.0450660760846,524.912964515305,0.8590795844483821,12.111198800658554,0.23675765890751252,-9762.896219003405
80000.0,52000.0,-48000.0,135.0,379.58024199280885,262.7195304933147,1.5570979092510626,14.50405509220273,0.5946999836769434,-44448.29285832046
80000.0,52000.0,-48000.0,135.0,340.4570510168795,418.2276814618559,0.9314696828085915,7.711492051083108,0.2601641261776357,-11632.079812265121
80000.0,52000.0,-48000.0,135.0,318.95479157866555,90.09322731366274,1.1308261105649275,13.140802522143634,0.0214831732049963,-1166.0991935039344
80000.0,52000.0,-48000.0,135.0,349.0155612800545,585.7841721237472,0.5722831725577613,17.309121209900898,0.43592892384844806,-11974.789802384668
80000.0,52000.0,-48000.0,135.0,320.93503400131243,219.84452752221088,0.6942808467886166,1.3815283414175417,0.057017045323199914,-1900.120440402056
80000.0,52000.0,-48000.0,135.0,321.93951320912663,143.21693419850192,0.8488019617178241,3.2331037319142606,0.040177063881163454,-1636.913790642906
80000.0,52000.0,-48000.0,135.0,344.6982474236939,280.8800151796878,1.7038501248541804,9.81158883351007,0.22843368483309373,-18682.404596340828
80000.0,52000.0,-48000.0,135.0,333.7902640842619,461.55548106760546,0.5617698133438691,10.85258868699439,0.21190818309399015,-5714.093782211966
80000.0,52000.0,-48000.0,135.0,326.0706872377943,471.06930699111535,1.1427178880038344,15.745165905019373,0.14973657599126103,-8213.119865935654
80000.0,52000.0,-48000.0,135.0,336.09963192471116,223.28106870903392,0.5679840033432211,10.00282126070741,0.12888166715416638,-3513.730812853053
80000.0,52000.0,-48000.0,135.0,357.87300597710674,344.67966084119337,1.1992525903232334,17.464006885764,0.41471633890850096,-23872.78289689861
80000.0,52000.0,-48000.0,135.0,312.16681584217116,433.8806872429877,1.7800497964823998,14.680298841637116,0.06457075315598192,-5517.079488673003
80000.0,52000.0,-48000.0,135.0,365.6659020586893,461.0748823097578,1.9984547303971696,4.891933366044576,0.57905674167033,-55546.496858853265
80000.0,52000.0,-48000.0,135.0,378.08714179913886,160.5979446173384,0.7186342016856873,16.948963392053678,0.45665297559312595,-15751.989435012465
80000.0,52000.0,-48000.0,135.0,354.1412724760816,524.4675999881272,1.5003973605936543,10.111154963947762,0.47280311860729013,-34050.842459463674
80000.0,52000.0,-48000.0,135.0,370.66984675202434,514.4813063019656,1.399846200789117,12.11770090057324,0.6591270742382849,-44288.47347406605
80000.0,52000.0,-48000.0,135.0,337.110266729575,415.72606257519783,1.892482826473171,16.50162479575864,0.22556958503074198,-20490.555160577227
80000.0,52000.0,-48000.0,135.0,347.1168769736355,180.52831181619763,0.9026250973220185,9.002503300577459,0.17758623602630255,-7694.102091662029
80000.0,52000.0,-48000.0,135.0,367.54149927870094,144.21940474198817,1.6003000095592959,7.7984814152236925,0.319507345434144,-24542.76518172124
80000.0,52000.0,-48000.0,135.0,329.4505557578888,91.55997835971746,1.6207980521591445,16.54115610615915,0.040006100037786145,-3112.4068327549276
80000.0,52000.0,-48000.0,135.0,317.2069061980997,510.4429771878377,1.4886924593203614,7.03092079408958,0.10043627215480407,-7176.898607957011
80000.0,52000.0,-48000.0,135.0,310.97663265009845,488.7988950072009,0.5735513073371634,2.349835963183331,0.06718579285655299,-1849.6559677132714
80000.0,52000.0,-48000.0,135.0,375.3422863853604,44.625722032763356,0.6638582060108662,18.772666933809273,0.17144901872818993,-5463.256223770539
80000.0,52000.0,-48000.0,135.0,335.1060328894674,70.80391259004564,0.6596763524288576,13.912199700542116,0.0425099659090541,-1346.0553241324749
80000.0,52000.0,-48000.0,135.0,334.3913664823672,85.25165004960874,1.799103340542089,10.265966788339778,0.04885670349377227,-4219.1164062489615
80000.0,52000.0,-48000.0,135.0,340.47975007789984,67.82381017731298,1.9000153842969778,15.451495273795373,0.05401302427123203,-4926.027699251852
80000.0,52000.0,-48000.0,135.0,368.90029857350197,51.71936067380027,0.5465976489214974,15.781272669350669,0.1520180945614115,-3988.451187878083
80000.0,52000.0,-48000.0,135.0,354.3103041167502,510.1133923728859,0.5136735757909167,10.452793308761773,0.467988840218452,-11538.888047292297
80000.0,52000.0,-48000.0,135.0,343.32203746953877,424.34497735199113,1.9364754666958803,11.793443601827954,0.29373936587321875,-27303.315629582074
80000.0,52000.0,-48000.0,135.0,341.9705715255584,487.20352343312055,1.7320586355879002,19.00988929705022,0.30764501913780695,-25577.24218047568
80000.0,52000.0,-48000.0,135.0,302.15069849688314,149.85291054625148,1.900239342915867,18.1047799288239,0.012122037406836279,-1105.6690750448702
80000.0,52000.0,-48000.0,135.0,358.2784297787981,393.8569770356277,0.515594947098213,19.054004233502738,0.4523072325528175,-11193.951534730035
80000.0,52000.0,-48000.0,135.0,357.853225953165,567.4024589450845,1.6530070520900533,18.30839496675316,0.5381719578587542,-42700.897995726315
80000.0,52000.0,-48000.0,135.0,314.45951160264275,501.016623516711,1.3053657134428331,7.926059216851372,0.08445543244898501,-5291.770839978832
80000.0,52000.0,-48000.0,135.0,307.4808899462856,127.6343413938923,1.9600869816265256,3.9439807165708167,0.014742272998469912,-1387.0145944264857
80000.0,52000.0,-48000.0,135.0,341.3413151780949,328.62876503320314,1.5989069303657844,17.83054905185716,0.22467593874549505,-17243.323946237302
80000.0,52000.0,-48000.0,135.0,322.8615303103592,431.6303161718225,1.213432969214979,10.56203520803371,0.11766160480360635,-6853.174583013096
80000.0,52000.0,-48000.0,135.0,376.84151998873364,148.95511377899294,1.2720038566899203,18.053464318769837,0.42463772491759727,-25926.759541978427
80000.0,52000.0,-48000.0,135.0,370.35251308018945,420.141140381965,1.0737381479447532,5.846739533702049,0.6088260179648742,-31378.546605608786
80000.0,52000.0,-48000.0,135.0,302.00047761330075,568.1099122555876,1.8089249467524542,16.721449278845153,0.04401675726087248,-3821.9044936482937
80000.0,52000.0,-48000.0,135.0,305.88739223200497,473.92703495473705,1.3427160107370444,8.515672272913,0.04759485228044014,-3067.505768909352
80000.0,52000.0,-48000.0,135.0,379.61162695919717,280.0370228598905,1.4459184988109584,10.93467076760636,0.6103126348972551,-42358.191785087976
80000.0,52000.0,-48000.0,135.0,379.1332566868001,275.65346995379537,1.8901801663167845,16.667900141517308,0.6015818749245899,-54580.71016310998
80000.0,52000.0,-48000.0,135.0,323.0055946506449,158.0833115514266,1.80268839239351,19.114339979858876,0.046950633800266366,-4062.5934032284113
80000.0,52000.0,-48000.0,135.0,329.6588427153638,565.9605735569618,0.9874480467738243,3.2057732027888846,0.20679236121693642,-9801.442232227728
80000.0,52000.0,-48000.0,135.0,330.3732328515245,502.33494520662805,0.9597053885744923,10.654573416559014,0.19425413376771408,-8948.483468627783
80000.0,52000.0,-48000.0,135.0,300.535158473521,337.486329559059,1.4135759373397698,11.708024145158175,0.024128506725897027,-1637.1588725601039
80000.0,52000.0,-48000.0,135.0,367.0025006261948,572.4429895766979,0.5975793451867784,16.73562060540317,0.6450952043153324,-18503.787349338592
80000.0,52000.0,-48000.0,135.0,374.25675124372333,546.6437244495029,1.0487395029422242,13.304946422209353,0.7071871844443228,-35599.446542460006
80000.0,52000.0,-48000.0,135.0,370.0541400959822,356.9877177180034,0.5841725134271329,3.783514111679338,0.5660797175416352,-15873.03414702809
80000.0,52000.0,-48000.0,135.0,360.0840090064023,459.86130097724373,1.9202198559351482,6.423272850243158,0.5127772170254029,-47262.959702560576
80000.0,52000.0,-48000.0,135.0,322.0862946876034,563.9954777905145,1.8679355774401125,11.14225724551426,0.1425936173256564,-12785.07316408677
80000.0,52000.0,-48000.0,135.0,329.2584777373028,135.17678606279185,1.1890455295574998,8.871299828256163,0.057357645545301705,-3273.640897036062
80000.0,52000.0,-48000.0,135.0,333.51249968544636,507.24637892363234,1.7921738273893024,4.5303330314506,0.22536464455296867,-19386.84564416273
80000.0,52000.0,-48000.0,135.0,347.4461679916957,517.0758092367366,0.621323883776747,11.140026509152582,0.3861775478831885,-11517.18402615184
80000.0,52000.0,-48000.0,135.0,348.3632108007813,549.4107728561319,1.6667700986202096,4.424529822625484,0.4120822294632939,-32968.62423562417
80000.0,52000.0,-48000.0,135.0,330.9296680405147,449.0503730752348,0.8120245934262622,16.953104281190875,0.18199326082046494,-7093.584173954771
80000.0,52000.0,-48000.0,135.0,339.01578362376154,71.75915631606577,1.5123810995283447,6.240426669811671,0.05285364110212959,-3836.872696517532
80000.0,52000.0,-48000.0,135.0,356.66095389854576,593.0634653399733,1.3008511754585552,7.57369140688092,0.5346423584614715,-33383.52674181789
80000.0,52000.0,-48000.0,135.0,302.75025166706934,432.1060512440291,0.8094223022808993,19.1693701144781,0.03555321847317434,-1381.3232616025234
80000.0,52000.0,-48000.0,135.0,348.7263532353816,514.4976162021143,1.8050361865784847,3.471144496969702,0.4007542367777584,-34722.043166807816
80000.0,52000.0,-48000.0,135.0,355.8024744459612,312.90859853834706,1.6641012472841537,2.581886212493949,0.3675108995961355,-29355.61662760562
80000.0,52000.0,-48000.0,135.0,363.85886530691647,163.057226428536,0.7051576520634806,10.321304366838733,0.3088496473037049,-10453.809222399103
80000.0,52000.0,-48000.0,135.0,357.0997489011305,169.70935086616612,1.4631230769753514,2.4540882319611406,0.2514536972048008,-17659.569944213592
80000.0,52000.0,-48000.0,135.0,324.64407783506874,317.035506966005,1.0243404023888707,10.803050979070001,0.09823860605546939,-4830.2291163351
80000.0,52000.0,-48000.0,135.0,300.4152979257686,466.6913361768944,1.1102642963475746,19.14173802229998,0.03279618130038427,-1747.7965994092137
80000.0,52000.0,-48000.0,135.0,318.950407061789,554.4103021029538,1.8239214814742517,4.6419432237896014,0.11899545101126136,-10417.841246263515
80000.0,52000.0,-48000.0,135.0,374.2626337496962,380.85806706393026,1.4111208290565744,2.481148306596344,0.6273006861612741,-42489.45908753544
80000.0,52000.0,-48000.0,135.0,357.97203727981076,565.618799519939,0.9233503731943662,17.163384893905196,0.5388311307762678,-23881.43643316844
80000.0,52000.0,-48000.0,135.0,370.21840160422335,406.5273987805664,0.6019423536251389,16.34048698305511,0.5994858010004134,-17321.082912913946
80000.0,52000.0,-48000.0,135.0,357.27934087135856,174.189224414635,0.5580194681347093,5.699000345947434,0.25807168957489657,-6912.433293946059
80000.0,52000.0,-48000.0,135.0,309.1526892416772,100.84906168788719,1.6073332314805044,1.7122088290747288,0.013025563339781296,-1004.9481991096637
80000.0,52000.0,-48000.0,135.0,327.6422355527256,141.6783948492626,0.8890526411365679,1.8623356688399544,0.054882764900174526,-2342.0960201941193
80000.0,52000.0,-48000.0,135.0,350.06720876693,372.8460080940982,0.972299618893811,1.7182477806975136,0.3417170806787857,-15948.066591047473
80000.0,52000.0,-48000.0,135.0,364.30308574278786,140.66653873592264,0.8994312591597544,3.2189687336109203,0.28246812029759016,-12194.911541364025
80000.0,52000.0,-48000.0,135.0,325.60396275852867,242.92005590865202,0.7639009624826931,19.600793825128697,0.08117887773230167,-2976.6058959825655
80000.0,52000.0,-48000.0,135.0,311.56977950651964,535.2407280048416,1.6198626182190357,12.410733330108329,0.07573979549989109,-5889.027045207739
80000.0,52000.0,-48000.0,135.0,344.21214301293867,323.2433084846596,1.7335592627630594,1.271663108565091,0.24930477947298013,-20744.861265911353
80000.0,52000.0,-48000.0,135.0,336.7722782856736,534.9354748477945,1.921479320716696,19.484909558781563,0.2689414539288219,-24804.741225970243
80000.0,52000.0,-48000.0,135.0,348.9635245647872,576.8575703967556,1.5591632833532838,7.959184110867897,0.4315010958394756,-32293.471937261605
80000.0,52000.0,-48000.0,135.0,308.56291764979306,537.7913727909444,1.7973918299984368,5.952080057145727,0.0634141993759657,-5471.04786548413
80000.0,52000.0,-48000.0,135.0,367.63965233845585,432.34869426439565,1.7386947010108709,13.637750680761895,0.5857450803546969,-48884.72963308311
80000.0,52000.0,-48000.0,135.0,327.41300696947235,484.4894434223872,1.5885737741682207,9.468821726553957,0.16383877885437684,-12492.959389430875
80000.0,52000.0,-48000.0,135.0,316.6976791222942,390.76572414110495,1.9022349471790005,18.69739795326447,0.07647306071348654,-6982.546973132908
80000.0,52000.0,-48000.0,135.0,363.8144826221755,185.8505797012193,0.8045109706736655,3.4720792398732856,0.33698526908128307,-13013.20060470285
80000.0,52000.0,-48000.0,135.0,319.2988116266974,309.4143499150027,1.456229092013466,13.865514763390506,0.07150457304229721,-4998.097894857361
80000.0,52000.0,-48000.0,135.0,343.0119580987574,114.59035694589886,1.6036832476350873,7.04425223415415,0.09948650742135169,-7658.152575232584
80000.0,52000.0,-48000.0,135.0,343.22881004201804,38.82715672863222,0.728538927733684,10.504124639467985,0.03648571293671147,-1275.9005846645173
80000.0,52000.0,-48000.0,135.0,314.3262017459565,530.3731917005272,0.5022909214959113,9.395222367287538,0.08828244620994545,-2128.4866204179225
80000.0,52000.0,-48000.0,135.0,352.44165624902405,254.3765656476116,1.7550236078951544,17.808131597277022,0.28544069225596314,-24045.847371031243
80000.0,52000.0,-48000.0,135.0,319.87177066587947,549.6669031206562,1.4279010568553294,1.2572159360005508,0.12410849274991499,-8506.303102191629
80000.0,52000.0,-48000.0,135.0,318.82237172959384,219.02329683785757,1.1700750221078178,12.51840287583571,0.05027906203616184,-2823.853181929075
80000.0,52000.0,-48000.0,135.0,358.7178982856021,192.07523759341473,1.883051785237134,15.859039927974154,0.2915089691209555,-26348.471266360888
80000.0,52000.0,-48000.0,135.0,350.058211008572,511.19022787951644,0.9043851308948638,12.832122618766931,0.41567962244430473,-18044.854548221767
80000.0,52000.0,-48000.0,135.0,330.2193075670813,167.3415582097669,1.2683832351684952,4.719048147903968,0.07373683792424314,-4489.275313797431
80000.0,52000.0,-48000.0,135.0,334.16294754780716,515.6145292322378,1.1738943854574253,19.85337920035393,0.2347275397773358,-13226.17637072875
80000.0,52000.0,-48000.0,135.0,316.1808492935463,61.35280599586092,0.9453419040240005,6.527683197801489,0.01243151897328234,-564.0977191734343
80000.0,52000.0,-48000.0,135.0,331.84213556712234,401.2021840357166,0.7329823871849721,17.48861352322475,0.17313044954684742,-6091.275369756268
80000.0,52000.0,-48000.0,135.0,352.00255032929186,232.6261559978503,1.3233657244346482,3.5497703632529745,0.2632484809416471,-16721.952801007847
80000.0,52000.0,-48000.0,135.0,361.7671292119965,39.687165646673286,1.6004413238493247,7.119155448056853,0.08964598500892763,-6886.710668422314
80000.0,52000.0,-48000.0,135.0,375.803939951352,215.29958769271192,0.5186731064305852,3.2642716735103576,0.504699309090985,-12565.150006060381
80000.0,52000.0,-48000.0,135.0,354.3564353467003,428.2184159889037,1.4606154778899192,12.97338247653751,0.42533220666713467,-29819.846606548355
80000.0,52000.0,-48000.0,135.0,321.8513760285301,451.77193826161016,1.7350064580482025,11.997129926077854,0.11609346864969391,-9668.300056532902
80000.0,52000.0,-48000.0,135.0,300.347074858134,302.61355527966634,0.5525854765499343,17.354888452901324,0.021414544787268765,-568.0015889458954
80000.0,52000.0,-48000.0,135.0,357.1262002067547,439.70117398549456,1.7341657629728906,4.543402253805915,0.4656619231910135,-38761.678287262446
80000.0,52000.0,-48000.0,135.0,375.6797191601055,43.7153866180679,1.3927318879415072,5.010362221539557,0.17064885489074852,-11408.068888658327
80000.0,52000.0,-48000.0,135.0,335.3482052895214,399.35583773959104,1.653812420867599,10.819648588315722,0.2024325364138616,-16069.701269230889
80000.0,52000.0,-48000.0,135.0,324.4267834518301,31.922290192521228,1.1543488935494102,17.22604979639143,0.010712605592801745,-593.572051827932
80000.0,52000.0,-48000.0,135.0,366.488709528875,234.406135256429,1.2613139165391507,14.799956946519533,0.4208703711220473,-25480.7834954513
80000.0,52000.0,-48000.0,135.0,374.76671037070764,207.92749313507673,1.7335032559417627,7.632527894547461,0.4844785888948162,-40312.570141595264
80000.0,52000.0,-48000.0,135.0,364.45221155567845,431.40005144723585,1.8765974063564332,9.039727640824538,0.5486993707589433,-49425.01516971072
80000.0,52000.0,-48000.0,135.0,329.95305837444124,494.74054558160117,1.856402076497573,12.655826832009327,0.18817032357825197,-16767.349412442585
80000.0,52000.0,-48000.0,135.0,366.4193146792595,358.937567319135,1.4640215257487452,12.989551088354137,0.5258917447372966,-36956.0080564304
80000.0,52000.0,-48000.0,135.0,349.71860381545065,537.7919456379736,1.907195490088668,1.9443164661812409,0.4238093013776535,-38797.78503576431
80000.0,52000.0,-48000.0,135.0,356.7906114968863,507.521152153875,1.8819058844291388,16.886612394868123,0.49735038920320446,-44926.39795510237
80000.0,52000.0,-48000.0,135.0,300.8933257047243,365.3305047534643,0.5763500301251361,7.225160089254095,0.02670368764620344,-738.7522166083958
80000.0,52000.0,-48000.0,135.0,374.26722751260024,532.8131762551952,0.8478631918253665,11.141198763175463,0.7019504798342384,-28567.582768109034
80000.0,52000.0,-48000.0,135.0,364.1107912086368,268.27560741777745,1.209785476079193,2.812978759870666,0.4266099757504088,-24773.114525440385
80000.0,52000.0,-48000.0,135.0,312.08088787530676,258.3455837618473,1.3699948585887953,12.151226286894328,0.0392700207536749,-2582.3868734020753
80000.0,52000.0,-48000.0,135.0,331.9915358218698,77.56748935139689,0.8396270654581269,4.761062895814282,0.039224585909658424,-1580.8331501345615
80000.0,52000.0,-48000.0,135.0,305.5591742019915,123.65386369109113,1.8131102529717626,5.274826642045857,0.012594800669748862,-1096.1165869659496
80000.0,52000.0,-48000.0,135.0,332.66426159801193,468.54932363391504,1.8319920114048236,5.366020092932276,0.20394039444355755,-17933.62432432061
80000.0,52000.0,-48000.0,135.0,305.67113064098857,260.4696662057392,1.448580817025032,12.926118711810576,0.026357299288274454,-1832.6725506039315
80000.0,52000.0,-48000.0,135.0,378.14489775557735,293.28427147223965,1.8471530246345442,7.473541669460637,0.6060982315050231,-53738.69671440728
80000.0,52000.0,-48000.0,135.0,315.4956199406237,343.16740752397124,1.287345272104436,9.090797855473639,0.06318630624874057,-3904.4444453308392
80000.0,52000.0,-48000.0,135.0,306.83047996886097,217.5340621905363,1.8435671952724482,14.594223075937917,0.02384337325677091,-2109.929316519324
80000.0,52000.0,-48000.0,135.0,347.5035573333038,155.90189152555385,0.7119123578876029,10.190166991841933,0.1598427989043272,-5462.115065248009
80000.0,52000.0,-48000.0,135.0,345.2851940807707,528.6270875289404,0.7621591482854696,12.24321002266572,0.36494227352789055,-13350.916433538237
80000.0,52000.0,-48000.0,135.0,346.2211000971513,498.67859274126016,1.902487683810969,2.037873371948092,0.36277679528858686,-33128.56248042959
80000.0,52000.0,-48000.0,135.0,304.3511780070814,240.982271364355,0.6889895865107614,4.9516150456176256,0.02240518736880878,-740.9731574847214
80000.0,52000.0,-48000.0,135.0,317.71305671624225,165.8494219245532,1.0535244429261512,10.203674028397558,0.03608335473067484,-1824.7054171939635
80000.0,52000.0,-48000.0,135.0,374.6915037407871,560.4320957144632,1.943791505292468,5.633357040434812,0.7162759306012725,-66829.9713287141
80000.0,52000.0,-48000.0,135.0,346.41867692422534,76.82593377753942,0.8785183531404561,8.070709941406053,0.08140201848893552,-3432.632026810012
80000.0,52000.0,-48000.0,135.0,306.97172977577867,143.71092477580666,0.7370617117207339,9.519931697146102,0.016027550426566152,-567.0381001005709
80000.0,52000.0,-48000.0,135.0,353.4890568572321,424.5933106604166,0.9365437100672679,2.1866696089933404,0.4127198487526661,-18553.448561722733
80000.0,52000.0,-48000.0,135.0,324.8209632028396,300.0945515055874,0.580968563638969,1.3918540207766745,0.09437274805004547,-2631.724794302267
80000.0,52000.0,-48000.0,135.0,323.9874041321167,301.4645974572513,1.7438857508362076,8.10945267261064,0.09059754403740682,-7583.604773164298
80000.0,52000.0,-48000.0,135.0,329.0717129944205,405.54026284320935,0.8743937267402879,8.49059947278228,0.15296600436145388,-6420.120701672774
80000.0,52000.0,-48000.0,135.0,320.4079105772616,74.04507070174012,1.2148527590227296,13.05499000226968,0.01934083722653779,-1127.8209343905098
80000.0,52000.0,-48000.0,135.0,316.0125540025903,326.96828632618167,1.392552047884429,15.11357493673449,0.062250093892709565,-4160.951795101953
80000.0,52000.0,-48000.0,135.0,306.0752378798248,31.7621788697654,1.0705137882129991,10.302575809909388,0.0033799988878826684,-173.68009985390398
80000.0,52000.0,-48000.0,135.0,375.2141316368956,62.10339869408818,0.882990360000971,10.521136015656808,0.22259741002721212,-9434.465626330166
80000.0,52000.0,-48000.0,135.0,324.38923260628775,151.4128117352845,1.8963154110653861,16.97812774386673,0.04874915340778564,-4437.301002411581
80000.0,52000.0,-48000.0,135.0,320.97282540169334,589.3555585558665,1.0354682606729948,11.637375085455956,0.13975885088151505,-6946.361003325063
80000.0,52000.0,-48000.0,135.0,343.38028351548684,177.26489023800968,0.5415700329473898,3.744124887563482,0.14841298164325187,-3858.0491212011016
80000.0,52000.0,-48000.0,135.0,363.7308753113573,173.71269622508595,1.4737675625778657,3.218382176098607,0.32120276184895236,-22722.15414832364
80000.0,52000.0,-48000.0,135.0,331.84220111555453,518.6707947333759,0.9860701031860148,8.403560734306865,0.21302381975513457,-10082.70815649718
80000.0,52000.0,-48000.0,135.0,331.77418675004634,54.57534938053181,1.8959712822213828,5.771551453530201,0.02758944275684039,-2510.8219756540857
80000.0,52000.0,-48000.0,135.0,308.8260498038353,556.7357320711578,1.2034953708592653,6.4935656752587505,0.06656684813735618,-3845.4188921279933
80000.0,52000.0,-48000.0,135.0,375.16713667601397,123.2072561190063,1.3217527985893873,16.433438343274194,0.36178747959290564,-22953.29345503315
80000.0,52000.0,-48000.0,135.0,321.45064598061316,149.07895530208805,0.8227985891970238,19.63736449218073,0.04058665139502418,-1602.942696386751
80000.0,52000.0,-48000.0,135.0,318.95554955799037,477.06711695623204,1.8941238370249691,11.261118896702685,0.10415295019214317,-9469.37211145981
80000.0,52000.0,-48000.0,135.0,322.12895082998,511.1027441697056,1.0456551949371733,2.250498459369764,0.13126528737309673,-6588.395023516778
80000.0,52000.0,-48000.0,135.0,374.4016910550819,67.48904992297997,1.5646510567786343,8.488867773027794,0.2308353232913896,-17336.4831614261
80000.0,52000.0,-48000.0,135.0,371.479493529152,517.9246934143476,1.4877641204648853,8.991405513729834,0.6688201074507257,-47762.23482771163
80000.0,52000.0,-48000.0,135.0,314.88158451808926,270.93091910249694,1.5654008961507906,18.942177497638898,0.04873431724243586,-3661.859706461089
80000.0,52000.0,-48000.0,135.0,335.8115109642411,36.11348157121293,1.2829000064761504,8.643913835645922,0.023008492084103566,-1416.8445428977402
80000.0,52000.0,-48000.0,135.0,325.05733780183226,441.2690895750721,0.7495290803986167,13.477142389247684,0.13449150179877445,-4838.653999903887
80000.0,52000.0,-48000.0,135.0,375.1658176430393,327.6555145204777,0.5889258781145584,2.2283714152749856,0.6011890310471675,-16994.677345070097
80000.0,52000.0,-48000.0,135.0,375.0981689407305,329.9234268128964,1.6468117809413887,19.648869434499005,0.6021216030090326,-47595.88557094026
80000.0,52000.0,-48000.0,135.0,353.8629670028876,286.84742522919873,1.1332851336437084,10.361696751338545,0.32602515643292973,-17735.01422300658
80000.0,52000.0,-48000.0,135.0,354.93030626759764,559.0129645132168,1.959232384616719,19.210434932324798,0.498538935348189,-46884.174102072604
80000.0,52000.0,-48000.0,135.0,325.2400997791233,444.5410181205445,0.8064197046202147,9.819201335012854,0.1366241373652898,-5288.467031909215
80000.0,52000.0,-48000.0,135.0,363.0745084940211,250.59098438433634,1.5422958411265018,3.24928498193712,0.3982130003782105,-29479.788209559367
80000.0,52000.0,-48000.0,135.0,347.78984016804185,517.6186399085948,0.917568111437491,12.519747363208882,0.3906523373462132,-17205.60611555551
80000.0,52000.0,-48000.0,135.0,341.7479166819791,577.7043590187275,1.4623114369442,5.203089316505773,0.34238407447447894,-24032.263100716096
80000.0,52000.0,-48000.0,135.0,322.91943790363166,371.5428606158782,0.7054307747011206,4.7721499360073505,0.10328978765740354,-3497.4621564420686
80000.0,52000.0,-48000.0,135.0,350.11402066536743,96.46413389987832,1.6564674255910787,14.495205535484773,0.11865207146245543,-9434.077985110189
80000.0,52000.0,-48000.0,135.0,372.1948720749807,107.6366991657072,1.394167073608847,12.58517119951863,0.3024087772178446,-20237.201278436743
80000.0,52000.0,-48000.0,135.0,358.81515998576754,225.00319167125465,0.5446985940165824,19.793587190213234,0.3262680598092741,-8530.452165630231
80000.0,52000.0,-48000.0,135.0,374.13137344813896,150.14918648664766,1.5224320317743116,12.08684316212977,0.3974727623968514,-29046.01273107776
80000.0,52000.0,-48000.0,135.0,335.3676431551412,200.49810418439236,1.6213712785192833,5.444888071040449,0.11313341215778326,-8804.700725448676
80000.0,52000.0,-48000.0,135.0,365.901898268698,356.95252251875314,1.7957613490937716,14.653891539789237,0.5184857246110495,-44691.6779670432
80000.0,52000.0,-48000.0,135.0,312.1583600224573,350.18367067316655,1.1265025118647989,18.883505528019395,0.05274504397517259,-2852.0363772696574
80000.0,52000.0,-48000.0,135.0,345.53885682172836,469.9152757759728,1.416634400908632,9.4933391382981,0.3410968983453723,-23194.060811485877
80000.0,52000.0,-48000.0,135.0,323.112889439289,339.8877277922304,1.9518741337163283,4.398157260145668,0.09633327083238391,-9025.460138592949
80000.0,52000.0,-48000.0,135.0,365.2878375074374,166.77081726895744,1.344214650918979,19.538922949469676,0.328331703423927,-21184.71773297413
80000.0,52000.0,-48000.0,135.0,320.66852359136493,48.16774116936398,1.7178786466089861,9.239953723187874,0.012867163702174765,-1061.0028367866364
80000.0,52000.0,-48000.0,135.0,339.5030404257958,439.017964882351,0.7404060342869307,4.535054414912338,0.25956628701246653,-9224.853369671213
80000.0,52000.0,-48000.0,135.0,376.3335581543882,501.6411046847522,1.8964925487414717,8.140977188530647,0.7084925796233495,-64495.2431085267
80000.0,52000.0,-48000.0,135.0,356.27833668444055,204.15576660380114,1.4405204460002168,19.03787611684222,0.2795974905742111,-19332.763287480193
80000.0,52000.0,-48000.0,135.0,303.96297022719637,58.78071483430858,1.1817854203056084,3.4702857888408594,0.005416047301342101,-307.2290753477583
80000.0,52000.0,-48000.0,135.0,317.6066934780054,116.36301417051683,0.98473561436255,14.509052811007829,0.025428399582617753,-1201.932032891784
80000.0,52000.0,-48000.0,135.0,375.1701080402489,541.2569700123411,0.6285661544989869,4.1537083041136516,0.713520437525065,-21527.750283435107
80000.0,52000.0,-48000.0,135.0,308.82978085842103,239.3739198506706,1.4617844071144948,6.440645423955925,0.029757009528364776,-2087.919961484212
80000.0,52000.0,-48000.0,135.0,339.8998486238142,51.17711701336201,0.9091691433845731,9.602890102612692,0.040080293470026895,-1749.1087718758392
80000.0,52000.0,-48000.0,135.0,324.0073277140849,568.9244604464172,0.6621800397145008,15.659368660645043,0.1584137151505192,-5035.123209105236
80000.0,52000.0,-48000.0,135.0,370.1726167325202,316.06020597091174,1.039235496587572,11.165233458710784,0.537309250606581,-26802.760602010865
80000.0,52000.0,-48000.0,135.0,336.6396110055737,459.4422072258986,0.6417021253176179,15.0847388830653,0.23876689742089022,-7354.426825462989
80000.0,52000.0,-48000.0,135.0,315.91102980949955,574.1418207655705,1.4888991471166186,1.7077488902242757,0.10380252174838649,-7418.471332786891
80000.0,52000.0,-48000.0,135.0,347.81470679546584,582.0240977047963,1.7515354969832073,16.01505428367311,0.41921124033738233,-35244.64167289362
80000.0,52000.0,-48000.0,135.0,326.09321597505414,145.34191617403647,0.8122616833623413,14.27062308842234,0.051599756420721635,-2011.8002405463424
80000.0,52000.0,-48000.0,135.0,319.4728309174296,459.5057082511274,1.8145268992726442,17.273239297990923,0.10361720852013413,-9024.778180191648
80000.0,52000.0,-48000.0,135.0,339.03531327527105,66.69428307996512,1.8397337515073424,16.311227846217584,0.04935692864872567,-4358.573160278414
80000.0,52000.0,-48000.0,135.0,344.84058271198256,194.83124757654846,1.8373256207817665,10.695445131372523,0.17143642797523578,-15119.257989802016
80000.0,52000.0,-48000.0,135.0,336.1162079554765,486.9970094271656,0.9335366350808842,19.500211960951397,0.24413548454355716,-10939.652099742412
80000.0,52000.0,-48000.0,135.0,309.29655955188775,566.4037976770389,0.5333267337828305,7.626177341527351,0.06961376828817872,-1782.0904160375585
80000.0,52000.0,-48000.0,135.0,309.94709453090275,212.03306259141402,1.743644191867104,9.376508185159349,0.028394347290832487,-2376.46265930484
80000.0,52000.0,-48000.0,135.0,330.6289955873124,151.7158860985566,1.6108441341021142,4.23879428354706,0.06880362239514583,-5319.931753929481
80000.0,52000.0,-48000.0,135.0,349.98297230654686,463.92519603887104,1.9173917299253707,19.063312999525174,0.3914088357856824,-36023.235108248875
80000.0,52000.0,-48000.0,135.0,348.5795429193882,379.9810000912706,0.8583525110441185,2.313498363380701,0.32894801675068464,-13552.961096684778
80000.0,52000.0,-48000.0,135.0,348.42535658960844,134.55611023976473,0.8782735378514083,7.372792327036083,0.1469122477366738,-6193.39869952277
80000.0,52000.0,-48000.0,135.0,378.90685067004625,313.4041025148637,1.9554213116544996,16.954239506031612,0.629611902793048,-59095.51357405763
80000.0,52000.0,-48000.0,135.0,306.50090268029396,522.4615250497477,1.5656468404417914,14.227315224373667,0.054277479673702785,-4079.009498797263
80000.0,52000.0,-48000.0,135.0,340.9896495007381,215.64315780738937,0.7080249112354287,11.788493836451202,0.1572514182992584,-5344.22023118293
80000.0,52000.0,-48000.0,135.0,320.75988589165155,117.41249465786211,1.7915165600830956,18.822574382129794,0.03096129477136942,-2662.448270617079
80000.0,52000.0,-48000.0,135.0,300.2184245336292,47.10179314827492,0.616839763352702,13.697696298848626,0.0033644959317032687,-99.61703396702269
80000.0,52000.0,-48000.0,135.0,345.05936858719076,298.7590567502627,0.9084310002170041,5.081759853899158,0.24296771064373826,-10594.531219225284
80000.0,52000.0,-48000.0,135.0,371.73375184326136,249.43570138081122,1.3062955931942448,16.819679580761346,0.4959352735892493,-31096.22699516249
80000.0,52000.0,-48000.0,135.0,343.5893390234821,590.788089569998,1.4002711700095878,15.306357143563112,0.3700020293496278,-24868.952378079604
80000.0,52000.0,-48000.0,135.0,323.3551238353438,335.38022910180854,1.124063736317703,8.569765971629735,0.096433468076689,-5203.073492753135
80000.0,52000.0,-48000.0,135.0,357.5973621067595,515.5226485985838,1.154342141223032,7.253643358503819,0.5111462381504919,-28321.80686518736
80000.0,52000.0,-48000.0,135.0,353.63096809662636,116.97379538768344,0.7141736791095116,15.442264310214012,0.16317190720775498,-5593.5879022981535
80000.0,52000.0,-48000.0,135.0,350.02589904585017,255.85244366142416,1.0945815127418603,4.59226529492296,0.2622464989461272,-13778.408137330014
80000.0,52000.0,-48000.0,135.0,355.36984248622036,516.8118091608405,1.3876072324656763,4.817909178174897,0.4843694039370031,-32261.49542822756
80000.0,52000.0,-48000.0,135.0,303.972155495072,543.3731009581696,0.6563388613446108,19.595836327758686,0.04795477777216296,-1510.7800434727342
80000.0,52000.0,-48000.0,135.0,360.66657153377963,499.0503073739802,0.5979568782042974,11.761595715776027,0.5401528505140998,-15503.429387835055
80000.0,52000.0,-48000.0,135.0,366.416523145027,82.05214752754597,1.9605994282223427,15.507528665340132,0.20225433903430906,-19033.907590375402
80000.0,52000.0,-48000.0,135.0,327.16433600065477,277.4564410174089,1.1813876695024152,5.382048905531641,0.09958090310938952,-5646.89525046468
80000.0,52000.0,-48000.0,135.0,308.44243383626673,311.9335567129483,1.000439411953691,3.641974922239792,0.03750149823193425,-1800.862888249857
80000.0,52000.0,-48000.0,135.0,374.1591669684727,434.7353768855667,1.1817171510035918,18.097156551911617,0.6566370752458663,-37246.046102538065
80000.0,52000.0,-48000.0,135.0,333.70615055366085,443.4487263925115,0.5973767885146879,14.788494609051675,0.2045322505512615,-5864.775311135717
80000.0,52000.0,-48000.0,135.0,340.50115720919973,553.41857621414,0.65441694683575,10.692968784475568,0.31807176714425656,-9991.274627001409
80000.0,52000.0,-48000.0,135.0,333.33213187508187,239.09511124526645,1.876048460735993,5.833626697539571,0.11952292656059073,-10763.078515039555
80000.0,52000.0,-48000.0,135.0,328.40166916990665,316.9532819089697,0.5795580728327155,1.3880681237437984,0.11954244134159979,-3325.525772431465
80000.0,52000.0,-48000.0,135.0,327.6520024827341,523.1178502128362,1.4410168175571976,17.712899884385646,0.17663800680577607,-12217.84024449149
80000.0,52000.0,-48000.0,135.0,357.90654148368895,86.92996966105922,1.2284830582708617,15.836671488352502,0.15182262242294617,-8952.552936424474
80000.0,52000.0,-48000.0,135.0,332.53813104400564,305.32503449665205,1.4921413367801015,11.310794859809,0.14218712209167209,-10183.837556677589
80000.0,52000.0,-48000.0,135.0,315.5059643469138,342.27479548273584,1.8918013430545961,5.828817492332708,0.06307071012667999,-5727.228198002896
80000.0,52000.0,-48000.0,135.0,359.97368898513486,186.3130945928382,1.2437898316880314,5.6626235299276475,0.2978201959160447,-17780.43510488226
80000.0,52000.0,-48000.0,135.0,302.5114470537693,473.6241114800326,0.5929100929674815,9.81136227256958,0.03823240581263664,-1088.0822056675618
80000.0,52000.0,-48000.0,135.0,356.05875229282196,387.00060172718315,1.915631399896196,15.8406263688408,0.4212260238104251,-38731.86228790431
80000.0,52000.0,-48000.0,135.0,320.6278380272268,103.11712125981937,1.4172324481040808,8.203696337756151,0.027082142628739113,-1842.3211822863273
80000.0,52000.0,-48000.0,135.0,379.6081469763571,510.84255051613894,1.719439160439728,18.093492020477882,0.740700983787828,-61132.33332964914
80000.0,52000.0,-48000.0,135.0,349.77643395899605,323.06691468369183,1.3946326028902316,2.1266300139242054,0.30707910160585977,-20556.60128475716
80000.0,52000.0,-48000.0,135.0,352.61513892743335,38.39151327539358,0.8956554879258698,3.019331875430753,0.05733065732843751,-2464.7288574054023
80000.0,52000.0,-48000.0,135.0,357.16873502618995,154.36745842961585,0.675535525973398,16.96264940984215,0.23464919370372142,-7608.6655914181065
80000.0,52000.0,-48000.0,135.0,338.1188024436461,131.510171781966,1.1169993250290382,12.213861350996789,0.08874134094195918,-4757.952860848328
80000.0,52000.0,-48000.0,135.0,348.0429837436487,497.22998311313506,0.6891574619723715,8.811236989793485,0.3842193996824197,-12709.80798363286
80000.0,52000.0,-48000.0,135.0,377.1559858867345,447.6519876429454,1.940185601434239,6.036325873609702,0.6922045474897391,-64464.25422177095
80000.0,52000.0,-48000.0,135.0,368.2819368064081,399.64994560350306,1.7530800214122522,18.063737879998904,0.5738140848723832,-48285.216393347015
80000.0,52000.0,-48000.0,135.0,315.93383206194926,217.75003754843124,1.3629500050490542,2.7224134271373175,0.042137334934215606,-2756.6918813444568
80000.0,52000.0,-48000.0,135.0,365.87794395481467,582.4274495282798,1.7581339123322093,3.133663949741312,0.6370213935301786,-53758.50791263338
80000.0,52000.0,-48000.0,135.0,338.67431225287464,270.12316967684177,1.48284768401796,3.4756261234441785,0.17094199415651276,-12167.085126547037
80000.0,52000.0,-48000.0,135.0,361.28328074491606,264.36547876489874,1.7862991350193553,13.610532408900546,0.39059438482484554,-33490.483764289864
80000.0,52000.0,-48000.0,135.0,349.39061706255484,341.90903803531035,1.3015165261902908,4.059518101133438,0.3149946653315366,-19678.596604357186
80000.0,52000.0,-48000.0,135.0,340.61996999548427,436.3209377688142,0.723098164676925,10.716453225405592,0.2701273101371313,-9375.77098508516
80000.0,52000.0,-48000.0,135.0,351.3843707830183,239.4650937870132,1.3008491206874302,16.409987141029593,0.26280567248842834,-16409.78534247556
80000.0,52000.0,-48000.0,135.0,326.9663881202097,332.51492749455065,1.737312416582303,8.609776211510638,0.1158384872955082,-9659.886830236694
80000.0,52000.0,-48000.0,135.0,312.88406662390696,364.28897823135947,1.1318547061430808,1.5708281230245102,0.05720884260959288,-3108.1006915519924
80000.0,52000.0,-48000.0,135.0,328.0090089432963,279.5881718819319,0.732550931742558,19.268845676120456,0.10479880575283669,-3684.9822143878973
80000.0,52000.0,-48000.0,135.0,378.54619916721276,576.8984957906788,0.8036735190426505,3.7980737739937087,0.7549147526324392,-29121.839799615573
80000.0,52000.0,-48000.0,135.0,367.42968756825064,343.43629181119803,0.7655990045693324,12.440992006424878,0.5265875543892545,-19351.435558032597
80000.0,52000.0,-48000.0,135.0,326.04014037053685,414.38351875316647,1.3521801276766743,6.185661366330221,0.13392645136239245,-8692.44893291922
80000.0,52000.0,-48000.0,135.0,332.7216727002968,257.9391710085157,1.3215737448563987,2.7474159320490132,0.12395273409165591,-7863.008590977557
80000.0,52000.0,-48000.0,135.0,328.4165765535257,251.27725885346618,1.1233272908448266,11.015423804414642,0.09725504607911632,-5243.963876786041
80000.0,52000.0,-48000.0,135.0,372.19126172053643,457.11082042915297,0.564878705589359,3.1224517686738995,0.6479744637211944,-17569.294863445793
80000.0,52000.0,-48000.0,135.0,309.41619997966194,85.1719376242863,1.525546050957069,6.503279856498427,0.011212462074882041,-821.0461075124257
80000.0,52000.0,-48000.0,135.0,370.5431899034769,90.96836608047025,1.2188537067694338,19.78966110875676,0.2536937094755854,-14842.344872563444
80000.0,52000.0,-48000.0,135.0,323.98082616884545,180.52953053219488,0.6416049422516792,3.499997256863122,0.056278909458233654,-1733.2236697409992
80000.0,52000.0,-48000.0,135.0,355.7218362425625,237.73489696401919,1.3638753586742876,19.067815611431794,0.3054135565911234,-19994.209153905995
80000.0,52000.0,-48000.0,135.0,332.8772267540086,51.954918648779575,1.4592593975193644,4.2971586243393824,0.02794748071393344,-1957.5659457023312
80000.0,52000.0,-48000.0,135.0,300.5803378542713,333.0759734622635,1.598051355487718,1.4002194508442996,0.02389354695505605,-1832.7895247489644
80000.0,52000.0,-48000.0,135.0,372.035308813848,275.7813880334082,1.6809812533140607,12.297662788096819,0.5244270170254778,-42314.49524885961
80000.0,52000.0,-48000.0,135.0,378.4723351739975,272.5134262751592,1.6412887837662717,9.142797407462652,0.5918928125442732,-46630.41765219782
80000.0,52000.0,-48000.0,135.0,361.94302761740187,590.6641434531718,1.5850984041862342,1.6913500764108473,0.5964407629143185,-45380.0304713811
80000.0,52000.0,-48000.0,135.0,307.9604451269498,459.73553341395944,0.8089474533628135,4.684531525861852,0.05269866659831304,-2046.2617027354222
80000.0,52000.0,-48000.0,135.0,329.637958071969,563.0796070100533,1.7336104966575967,19.788930457719264,0.2057599964245173,-17121.969100501094
80000.0,52000.0,-48000.0,135.0,314.54959615463355,354.6101762337641,1.1314210843706343,18.378873225702705,0.061617079142784664,-3346.3133999750694
80000.0,52000.0,-48000.0,135.0,321.6945642289554,163.80936083970246,0.7281993586614419,11.187831709864062,0.04504928806005317,-1574.633408327293
80000.0,52000.0,-48000.0,135.0,302.8970708387678,32.22343504946192,1.6793369192377705,4.5593107498652925,0.0027690245984065623,-223.20601144232072
80000.0,52000.0,-48000.0,135.0,324.682207106892,377.8084780136232,1.5023320946106389,1.7813971195850145,0.11513654472448381,-8302.719667303934
80000.0,52000.0,-48000.0,135.0,309.1204231599048,181.10424987847335,1.2634839951654766,17.440356968894868,0.02310355475852512,-1401.1666401036323
80000.0,52000.0,-48000.0,135.0,350.3274915437684,162.49489185509037,0.5551348301241814,16.494630153969062,0.18650279912867285,-4969.6415861750465
80000.0,52000.0,-48000.0,135.0,323.9426973260916,570.7058547808819,1.9647031795271852,7.2840254801137885,0.15831707923498156,-14930.211309428427
80000.0,52000.0,-48000.0,135.0,305.5500772289514,109.00280045384254,1.6366227182809283,9.560899474741765,0.011112406425083238,-872.9672068829848
80000.0,52000.0,-48000.0,135.0,325.0488129460855,191.11063451505703,1.4939258088259448,19.28920724035575,0.06302511504780213,-4519.432606758529
80000.0,52000.0,-48000.0,135.0,352.8505517416606,95.1227577007074,1.2408946755622656,15.855664147283223,0.13230685546332466,-7880.58587927164
80000.0,52000.0,-48000.0,135.0,361.4643146966016,599.7350183069336,1.627416629782457,5.419516440010265,0.5945992021889107,-46447.71022548551
80000.0,52000.0,-48000.0,135.0,317.0461740271354,471.41559842918684,0.521957608020567,15.59341510604557,0.09263132803679672,-2320.7820676730353
80000.0,52000.0,-48000.0,135.0,373.0906323680056,206.85222258343262,1.20135370889032,6.548112374122956,0.46449370199260825,-26785.019118960718
80000.0,52000.0,-48000.0,135.0,319.7931940616043,138.35586785894543,1.74000034281088,7.083516148536349,0.034277946363878126,-2862.894644352043
80000.0,52000.0,-48000.0,135.0,364.75140922632824,289.3838950274021,1.5578670577908016,15.133309172191863,0.45269501369491794,-33851.45515495049
80000.0,52000.0,-48000.0,135.0,345.6017442642271,463.58720454330154,1.5986298413432987,8.2152328431098,0.338793797956367,-25997.082022803865
80000.0,52000.0,-48000.0,135.0,344.71631761997253,164.05327403095262,1.7482162062177988,10.106365169038943,0.14754818551794666,-12381.414197784225
80000.0,52000.0,-48000.0,135.0,367.3531937112368,333.38406661124685,0.9815139682865497,19.692824724877703,0.5182917387852608,-24418.107900732342
80000.0,52000.0,-48000.0,135.0,336.35547480683096,200.27981653162402,1.0522924694418634,16.105605688224717,0.11863248175232807,-5992.131224600357
80000.0,52000.0,-48000.0,135.0,311.17991665393805,350.6467237711933,0.638823208984338,1.3879640574547283,0.04974703772291543,-1525.418989229652
80000.0,52000.0,-48000.0,135.0,377.4932648209439,150.85672668708065,0.9165806168004517,16.932614103893158,0.43476822914694385,-19128.006318563803
80000.0,52000.0,-48000.0,135.0,329.6462809169208,406.13456316337096,1.2287810076110612,15.086734714697245,0.15750205866814326,-9289.705840850762
80000.0,52000.0,-48000.0,135.0,326.4032059665171,483.269488050187,1.665284194898343,12.059790300522005,0.15557098322619117,-12435.355178465827
80000.0,52000.0,-48000.0,135.0,320.51714542025286,531.59003110506,1.7896593719886607,13.199514916884683,0.12475469274004362,-10716.88344296567
80000.0,52000.0,-48000.0,135.0,372.8054651967909,166.53269553358038,1.644258166637982,11.671347124771296,0.4080817954368972,-32207.607590563617
80000.0,52000.0,-48000.0,135.0,309.04391523013857,467.7136752603956,0.7632420488396116,6.364045877859264,0.057290697653115265,-2098.880133898292
80000.0,52000.0,-48000.0,135.0,301.93078507382177,563.3402131977585,1.302143123642764,8.895984950487614,0.043464160505257,-2716.6347708876388
80000.0,52000.0,-48000.0,135.0,322.3735147182851,507.00634189907817,1.2379885065282834,8.11276030440303,0.13202922295277705,-7845.631705987115
80000.0,52000.0,-48000.0,135.0,377.84943551447105,538.0437084040527,0.8590420189547284,8.284372682536667,0.7359073805092927,-30344.41737198664
80000.0,52000.0,-48000.0,135.0,321.909735274646,351.1549377334343,1.2346741762332303,17.068633387322276,0.09292919674250918,-5507.3894129315195
80000.0,52000.0,-48000.0,135.0,307.40756046992675,316.7620281259433,1.875828843720822,8.26874583146855,0.035637972467936915,-3208.8353609800606
80000.0,52000.0,-48000.0,135.0,320.860362231854,587.9278160323149,1.7958752301485998,13.330108039785447,0.1386498060271539,-11951.89211083554
80000.0,52000.0,-48000.0,135.0,301.9552831244528,195.564112915652,1.7891214132296054,3.4285536923937334,0.015554992683959545,-1335.82898368809
80000.0,52000.0,-48000.0,135.0,374.680432981648,492.24786080511274,1.2207789324185205,12.458179483837784,0.6890848490147033,-40378.57278364545
80000.0,52000.0,-48000.0,135.0,305.10666580347214,599.2657394624517,0.5513982518144896,1.6954812659877332,0.0565757570415707,-1497.3971293345626
80000.0,52000.0,-48000.0,135.0,308.2412315577679,154.09618059578708,0.5299289625336111,3.5832837590402855,0.018640522102976568,-474.1513218775305
80000.0,52000.0,-48000.0,135.0,319.6520106557976,263.33461345726533,0.7158510465001862,4.863775781492993,0.06277209694341945,-2156.902621821982
80000.0,52000.0,-48000.0,135.0,300.2573172550422,204.51456327410108,1.5805868252364494,16.6888427000729,0.014484577848190251,-1098.9183799661391
80000.0,52000.0,-48000.0,135.0,345.8296199637866,225.69209004060414,1.563534677360563,6.773267382808453,0.20156009900342503,-15127.017809476
80000.0,52000.0,-48000.0,135.0,335.62780527851703,442.93738243349605,0.9661536474296382,3.0095249168143994,0.2223460214932855,-10311.380143545912
80000.0,52000.0,-48000.0,135.0,366.1060630057172,190.67286107982545,1.2713303074915514,10.080450452696999,0.3673657347098159,-22418.073238583518
80000.0,52000.0,-48000.0,135.0,330.2190244229265,322.39309177516293,1.1683909450574657,19.092836440878898,0.132971443809301,-7457.406283104235
80000.0,52000.0,-48000.0,135.0,356.66785296353646,418.84688572662645,1.8608833825360562,10.688703457896827,0.4480222149566239,-40018.420551349365
80000.0,52000.0,-48000.0,135.0,368.4225135165293,351.1089027131913,0.6015423701555312,15.475117453037665,0.5434941098275058,-15692.867279578006
80000.0,52000.0,-48000.0,135.0,315.3770533116895,460.98586913020625,1.5010970374190695,13.662151315979322,0.08251161466215724,-5945.181135457348
80000.0,52000.0,-48000.0,135.0,340.9673862148422,173.98311379552916,1.653031164180167,19.378913646329522,0.13071096675086513,-10371.326473886289
80000.0,52000.0,-48000.0,135.0,349.9643953469689,220.749855843608,0.9837459941086941,2.5787267567557044,0.23414794402539085,-11056.420894260718
80000.0,52000.0,-48000.0,135.0,335.1106953849085,305.9688062223198,1.9777527392345728,17.02965190519829,0.16100785436938347,-15284.81880083181
80000.0,52000.0,-48000.0,135.0,375.14440921264196,472.87650175422834,0.7493990253330518,2.593154248684292,0.684891184920742,-24636.325749062544
80000.0,52000.0,-48000.0,135.0,342.5290515835718,465.21873459808734,0.9583662704437359,16.336405171184197,0.3041726755547775,-13992.423966831582
80000.0,52000.0,-48000.0,135.0,339.9987865790694,269.73854290855104,1.3918600862501256,9.399265032854043,0.18116867293822086,-12103.749347597419
80000.0,52000.0,-48000.0,135.0,360.8972100937095,271.35671893225106,1.344413054611173,18.391439662595594,0.39240068043748455,-25322.332676086146
80000.0,52000.0,-48000.0,135.0,304.5074348119033,41.20256138960381,0.5989213787194891,19.304547924045778,0.003944501457185113,-113.39742005272042
80000.0,52000.0,-48000.0,135.0,360.7289162636698,301.0574737286671,0.7165701305372048,19.42865425023291,0.41545715741308925,-14289.801096965444
80000.0,52000.0,-48000.0,135.0,315.7091966238388,205.46941317054495,0.5570599150650233,7.137780160808037,0.03932004530161687,-1051.373812611435
80000.0,52000.0,-48000.0,135.0,320.68818268667417,399.21719368695506,0.9239410581931726,19.455625179235184,0.09760582733729502,-4328.737507000342
80000.0,52000.0,-48000.0,135.0,306.33511217770234,453.7875877482631,1.0278316414186257,13.585978065066511,0.04698483707709035,-2318.040106307159
80000.0,52000.0,-48000.0,135.0,337.3491536823788,476.55950417909384,0.8856996502470711,1.2206363393209405,0.2527885357989867,-10746.946451694323
80000.0,52000.0,-48000.0,135.0,364.4943178438475,211.175172111572,0.5318685030103905,1.5181461797242184,0.3735660790820272,-9537.025500327309
80000.0,52000.0,-48000.0,135.0,339.0080819334833,377.55986893268397,1.2340421989405812,15.032797098252265,0.22689413171525485,-13439.852794973134
80000.0,52000.0,-48000.0,135.0,345.9951563330992,101.62544611215985,1.380946146559391,3.37264637097141,0.10286425038243138,-6818.399528848271
80000.0,52000.0,-48000.0,135.0,339.6787465782208,136.577300349069,0.9297512253406681,5.333914293113381,0.09918222989953514,-4426.3103894934075
80000.0,52000.0,-48000.0,135.0,326.80521670070834,259.96166284205816,1.6768148053830667,15.401840561828397,0.09211939892033319,-7414.424254684973
80000.0,52000.0,-48000.0,135.0,378.2443871989782,366.38989695323005,1.6413893711241458,2.820537038676453,0.6587765195103421,-51902.82129938083
80000.0,52000.0,-48000.0,135.0,305.85319394406093,314.58114749724814,0.8620480991800261,19.932685020950185,0.0320351056346549,-1325.558492130509
80000.0,52000.0,-48000.0,135.0,302.0511317642597,140.54330303602853,1.6918506978740466,5.953540883644784,0.011301029142686205,-917.7433940039325
80000.0,52000.0,-48000.0,135.0,323.0838911418331,283.54189696229736,1.0689407141703522,11.36863242230767,0.08153737422277134,-4183.613713596695
80000.0,52000.0,-48000.0,135.0,323.5991098996158,327.71620755640356,1.9601050620932234,10.611563607908122,0.09569250339610683,-9003.233294931933
80000.0,52000.0,-48000.0,135.0,341.7027598983088,499.1163389344042,0.96349249413946,4.758336401699168,0.30974118639825127,-14324.798794587194
80000.0,52000.0,-48000.0,135.0,364.82311635044886,36.12392277246744,1.1236481512939318,16.99585323162823,0.09387475416753617,-5063.145310729168
80000.0,52000.0,-48000.0,135.0,330.6239012466363,411.7932585971109,1.6682982515829934,8.715212056842331,0.1670064523107515,-13373.595474869056
80000.0,52000.0,-48000.0,135.0,316.269453449457,357.23566899479874,1.1041573714414363,12.903782805788952,0.06864360104936885,-3638.0802288453956
80000.0,52000.0,-48000.0,135.0,331.91187640958333,561.004531198772,1.2593034671397012,6.843154338184674,0.22716695243495438,-13731.462279403087
80000.0,52000.0,-48000.0,135.0,326.75548173581393,167.34498592803178,0.6437699552415044,13.566740744132987,0.06114476515269901,-1889.4318108290563
80000.0,52000.0,-48000.0,135.0,334.0695737993742,384.9634345007918,0.7010979271468891,11.868663951347878,0.18554087315547343,-6243.951435375663
80000.0,52000.0,-48000.0,135.0,325.29200632018023,433.96522752676856,0.5488747173527462,12.155946979833672,0.13416478428252077,-3534.7035864845157
80000.0,52000.0,-48000.0,135.0,349.3709701469031,179.50839187195922,1.9100351533749231,13.720047593948497,0.19431686649714522,-17815.298203354043
80000.0,52000.0,-48000.0,135.0,362.1230858817342,593.6574572862089,0.8964443848768393,17.105025640981932,0.599721269370657,-25805.604692089717
80000.0,52000.0,-48000.0,135.0,310.78056662486335,596.0074506877081,1.8490898253083152,1.2024469882818902,0.07979535240637445,-7082.341163592882
80000.0,52000.0,-48000.0,135.0,310.9318683177448,458.35491026720166,0.7574328141809521,4.300892509483253,0.06309459901306988,-2293.9161451242358
80000.0,52000.0,-48000.0,135.0,341.76282651084085,142.2526853901494,1.9016513183856716,8.718282806643733,0.11371464236315017,-10379.788779342703
80000.0,52000.0,-48000.0,135.0,360.17149195084113,468.123384791479,1.6423627558432685,17.890640031714682,0.5182783309029872,-40857.64933611262
80000.0,52000.0,-48000.0,135.0,361.2905851719248,365.03388635607587,0.8303319295892538,16.394254952604292,0.46958590016782675,-18715.7839965244
80000.0,52000.0,-48000.0,135.0,328.8923928144149,196.9272765285311,0.5573001298851986,7.484894311257405,0.07985831911437062,-2136.242477512915
80000.0,52000.0,-48000.0,135.0,357.7280925073542,252.69892554105851,1.5092882471200668,11.293238276249628,0.3402908542777679,-24652.655374266356
80000.0,52000.0,-48000.0,135.0,344.1566342775363,172.11823228124308,0.8615778832612764,19.737826129397018,0.14988822878583374,-6198.738378387867
80000.0,52000.0,-48000.0,135.0,321.74298267182206,253.64240711014315,1.5454422025744738,19.79415584853978,0.068258427221413,-5063.493797247836
80000.0,52000.0,-48000.0,135.0,350.54193299019636,399.9745645982158,1.6869888679005836,8.035160467010819,0.36326517414041654,-29415.56663380078
80000.0,52000.0,-48000.0,135.0,373.225773734935,181.24535186493856,1.9931533638214376,13.02115539582613,0.43331281566776586,-41455.62701448701
80000.0,52000.0,-48000.0,135.0,313.5024094382292,265.3492653763358,1.600008239438838,4.651276396669273,0.04395622678637189,-3375.8556015761847
80000.0,52000.0,-48000.0,135.0,301.0948167606091,436.64858330779816,1.4024474245873226,11.714994708208321,0.03218157444556801,-2166.3823776168983
80000.0,52000.0,-48000.0,135.0,358.02750719314065,212.6305015099826,1.758003677769605,1.6346564661738312,0.30575951811586677,-25801.265153316286
80000.0,52000.0,-48000.0,135.0,354.68640710382715,402.9636311963114,0.5002313735836728,11.082908227074011,0.4145254820771406,-9953.215261674342
80000.0,52000.0,-48000.0,135.0,315.6166768672701,381.03432894074854,0.5088261465589823,9.617061325346182,0.07016732092763601,-1713.7424410548706
80000.0,52000.0,-48000.0,135.0,322.83736803431293,31.471605689646758,1.727112870680641,9.699169815561122,0.009615693831080928,-797.1546516568468
80000.0,52000.0,-48000.0,135.0,378.7673753744959,71.81418005606662,0.8927984966741712,6.839339743615026,0.2790985327457967,-11960.580022051885
80000.0,52000.0,-48000.0,135.0,345.81231810172187,403.89721351945116,0.8236300615701052,7.362363045913836,0.3109914666570753,-12294.812199866123
80000.0,52000.0,-48000.0,135.0,307.25473564388005,286.0424480910616,0.7315750399079728,5.7706612184078345,0.03197865518819201,-1122.949725384234
80000.0,52000.0,-48000.0,135.0,302.20293344093676,117.26889637342244,1.4474212867514304,10.285515277633252,0.009545058130642603,-663.1545754354522
80000.0,52000.0,-48000.0,135.0,309.5113300372925,436.2953769329063,1.0709621182979634,15.015614879720319,0.0552217521847063,-2838.739425401196
80000.0,52000.0,-48000.0,135.0,336.1695560204764,472.2678168913029,1.9068476399091663,11.364767233360164,0.2390495200414146,-21879.88862939474
80000.0,52000.0,-48000.0,135.0,316.1623266875456,445.0091650392694,1.0998286563963586,1.8054977829188505,0.08357654073593519,-4412.153976185238
80000.0,52000.0,-48000.0,135.0,330.26727251081843,490.18861282449734,0.6334915533841463,19.88441277200458,0.18951696264428908,-5762.7549627924445
80000.0,52000.0,-48000.0,135.0,346.9684227258007,491.2103952503227,1.8114492682864762,7.601788714225069,0.3683011629656719,-32023.62586383478
80000.0,52000.0,-48000.0,135.0,337.24401216929004,480.97926305038465,0.697602449789738,4.611398744126976,0.2534410058761053,-8486.451195664627
80000.0,52000.0,-48000.0,135.0,350.2894509785414,569.8491362376418,1.5108986629116454,14.494053644984255,0.44519360035784555,-32286.83594483953
80000.0,52000.0,-48000.0,135.0,353.199767100734,269.39940000026786,1.2512245072959127,12.53928803235098,0.30530497345271346,-18336.24311920143
80000.0,52000.0,-48000.0,135.0,340.05948932754774,554.1136287340503,1.6736288863724644,9.184246861723683,0.3131896600769422,-25159.83657686129
80000.0,52000.0,-48000.0,135.0,325.15239852999287,293.646900505919,1.016698332917993,16.71831005797508,0.09419408281330306,-4596.814414417181
80000.0,52000.0,-48000.0,135.0,347.87635997974496,419.9553146026077,1.2489304450324925,11.083686032718177,0.34317237429645253,-20572.724455340427
80000.0,52000.0,-48000.0,135.0,309.0348870457147,577.0213002448054,1.0244770722731027,17.86008670804353,0.06970769916451673,-3427.869098637999
80000.0,52000.0,-48000.0,135.0,350.78153023282727,35.97260787804601,1.7847823637815936,16.195044528643344,0.04937495669865804,-4229.930492555747
80000.0,52000.0,-48000.0,135.0,332.40695511355426,183.4834361782244,0.5540206621935206,11.823197081889706,0.08997691843577572,-2392.755452828201
80000.0,52000.0,-48000.0,135.0,313.3225211611523,294.01798789569034,1.5259892148766827,9.933978254646004,0.04794950617323314,-3512.180605392801
80000.0,52000.0,-48000.0,135.0,378.1922956676351,272.4377628921428,1.4973109819411483,19.41686098152755,0.5888664395145211,-42322.376965520416
80000.0,52000.0,-48000.0,135.0,360.78359420068705,281.7835206312474,0.6258433328494701,5.104835397551021,0.4001152466702088,-12019.654055998624
80000.0,52000.0,-48000.0,135.0,366.66502736725744,567.590683114469,1.3199072742302669,9.716662913518272,0.6395358956156051,-40518.14787621148
80000.0,52000.0,-48000.0,135.0,337.98018001921787,519.7228963447112,0.8220044729382843,2.252057123102328,0.27638267544061856,-10905.01418183225
80000.0,52000.0,-48000.0,135.0,360.98065815943534,202.739596989991,1.030209207688212,15.026286675703037,0.3263505457838196,-16138.048185627089
80000.0,52000.0,-48000.0,135.0,371.4222880059949,208.6857116441572,1.2433465344127412,8.13238751503842,0.4480036034296378,-26737.138930975692
80000.0,52000.0,-48000.0,135.0,318.15095124339695,519.7919240756346,0.9868991576193388,13.760746835380502,0.10757737013568645,-5096.0647663590125
80000.0,52000.0,-48000.0,135.0,365.1048548182196,333.9419579055597,1.6010388216762967,9.24831670970288,0.4925068629766435,-37849.0851632455
80000.0,52000.0,-48000.0,135.0,356.9822125326873,153.8471841791265,1.5430381461489633,15.322907516721337,0.23240719644899802,-17213.43213889631
80000.0,52000.0,-48000.0,135.0,353.39775559682215,455.5220482133612,1.5231922001608853,9.788977867109699,0.4287404805689391,-31346.599483000206
80000.0,52000.0,-48000.0,135.0,318.66811393549773,543.3221240894451,1.3291142101075526,2.138983388206005,0.11511241304136753,-7343.8821087864735
80000.0,52000.0,-48000.0,135.0,347.47162889425596,285.84411655329865,1.1079117664268083,12.951315657786704,0.25829824243443833,-13736.23977794297
80000.0,52000.0,-48000.0,135.0,302.1220616254749,549.2109820060446,1.42995492471504,6.923187966043083,0.042956218758715796,-2948.4219149357873
80000.0,52000.0,-48000.0,135.0,309.9468834653422,370.26774185639346,1.776844174602878,6.61154375450486,0.04855477768475604,-4141.165146158236
80000.0,52000.0,-48000.0,135.0,332.7648943186522,289.27892940962283,1.5788107109096254,18.94520692591144,0.13723938458564425,-10400.400496438104
80000.0,52000.0,-48000.0,135.0,352.03246048313133,76.4030419741016,1.4419098513390847,4.4999778642432755,0.10517026982507989,-7279.010310181074
80000.0,52000.0,-48000.0,135.0,324.8141773140105,428.4471656691971,1.724604481827256,4.737778314012203,0.12946381623783768,-10717.146130475287
80000.0,52000.0,-48000.0,135.0,333.43467278118874,280.93850117429247,1.1655347573377077,8.814914032849053,0.13824887989858162,-7734.425984870555
80000.0,52000.0,-48000.0,135.0,358.1689828139049,483.05829873834375,1.0996039427957685,4.800362121308986,0.501865554477053,-26488.9604379049
80000.0,52000.0,-48000.0,135.0,319.71286595867366,511.94015573857024,1.728457838996655,19.987653810112207,0.1155861242476201,-9589.715641681934
80000.0,52000.0,-48000.0,135.0,331.4718342459302,154.08094469504726,1.6485844397080387,17.283074136226205,0.0729898078879024,-5775.833353981197
80000.0,52000.0,-48000.0,135.0,305.8237662852602,386.67216827347175,1.2309288889394496,18.35395984308012,0.03901562156164534,-2305.2218736075906
80000.0,52000.0,-48000.0,135.0,304.2843312768105,336.2150375421864,1.5813833849642405,13.565011800067374,0.030849786553186723,-2341.6963144753313
80000.0,52000.0,-48000.0,135.0,334.04748964567625,193.25255879710474,1.0323713214804857,3.1295643847745414,0.10251040590714626,-5079.7825541693555
80000.0,52000.0,-48000.0,135.0,330.8207697458941,478.9615635867523,0.5812811089602369,7.24290566066959,0.19082830855822955,-5324.3947593472285
80000.0,52000.0,-48000.0,135.0,376.12683348647016,216.25887310261493,0.7032382455087473,3.4647541110501976,0.5093816495353535,-17194.39956065249
80000.0,52000.0,-48000.0,135.0,367.55962194208814,237.15165445345863,0.6544861466065992,14.420075249087088,0.43589631147737185,-13693.82866650504
80000.0,52000.0,-48000.0,135.0,319.48550733473127,321.59317551105306,0.7993342437274151,16.83198929897754,0.074899762372645,-2873.7573557520623
80000.0,52000.0,-48000.0,135.0,371.29531385766575,149.5930706852823,0.7715599791983971,15.203499933696243,0.3664656328903666,-13572.010372311297
80000.0,52000.0,-48000.0,135.0,372.67710013753333,573.1253525822056,1.0942947521906254,4.230730423184278,0.7022914164770744,-36888.662954850406
80000.0,52000.0,-48000.0,135.0,306.3089743584817,460.70343813105063,1.2299184072476848,15.674350245175681,0.04758774109232552,-2809.3938589818335
80000.0,52000.0,-48000.0,135.0,322.00740464729415,589.1675808738207,1.6511181692421877,13.583759563413592,0.14741686824235195,-11683.328141170989
80000.0,52000.0,-48000.0,135.0,367.8872023069307,414.0440866126954,1.9964232626136758,11.868718947471395,0.5780054511186443,-55389.28936947712
80000.0,52000.0,-48000.0,135.0,306.03412755403184,176.090541284567,1.1214962048689856,19.697869680551587,0.018405709975430104,-990.8128264974764
80000.0,52000.0,-48000.0,135.0,334.71826998206626,179.88646510775217,1.3231247064651184,6.115340096381254,0.09941090940668204,-6313.585455751039
80000.0,52000.0,-48000.0,135.0,359.41893799076513,296.57351515161514,1.7163608330726654,11.644158786741254,0.39660036478915367,-32674.04796030887
80000.0,52000.0,-48000.0,135.0,303.4948561606265,90.02911336503892,1.2313952367778287,1.200318433995061,0.00801513289339613,-473.750230419326
80000.0,52000.0,-48000.0,135.0,362.52201160047184,279.2255350946301,0.8861534765324599,8.225462664666924,0.4180039897955197,-17779.953060563457
80000.0,52000.0,-48000.0,135.0,305.54536045204605,131.5727153324989,1.6504061987076903,15.714975545319978,0.013378356773892524,-1059.8267015114516
80000.0,52000.0,-48000.0,135.0,343.9981713532942,516.8984990104137,1.8619986303267146,13.844433802461312,0.34430120137793685,-30772.241538506918
80000.0,52000.0,-48000.0,135.0,307.3124501963437,592.3723905087753,0.6057767554320366,19.357655090825055,0.06426198678712759,-1868.5640569690827
80000.0,52000.0,-48000.0,135.0,374.83906599822967,343.9429412758363,1.7366352052224556,5.778165056174185,0.6093074998475095,-50790.95304198053
80000.0,52000.0,-48000.0,135.0,308.0336500172661,208.57041374223903,1.2972347442163623,12.582418591310157,0.0247329445348958,-1540.0528789172654
80000.0,52000.0,-48000.0,135.0,352.24979101954,535.6008210222394,1.567518050675879,18.538884071945336,0.4544455786016878,-34192.8790803835
80000.0,52000.0,-48000.0,135.0,343.66718743891636,577.6286204688594,0.547059906878725,15.94289370131651,0.3657226946587904,-9603.466717606765
80000.0,52000.0,-48000.0,135.0,377.1223717562257,274.33239426447733,0.8789144445807271,17.99384900535236,0.5791517700276649,-24433.19310152689
80000.0,52000.0,-48000.0,135.0,341.8068583970516,242.1776429752579,1.0698720919270814,4.268761607505775,0.17962021006820164,-9224.191195106338
80000.0,52000.0,-48000.0,135.0,335.00322597048074,515.8142347834026,1.252523565722047,6.853881343273232,0.24333673552993246,-14629.67979154146
80000.0,52000.0,-48000.0,135.0,333.2568132154007,370.5052903657861,0.7524702983992881,4.9121651036799365,0.17318936383236108,-6255.352909560942
80000.0,52000.0,-48000.0,135.0,351.35490887270197,358.889816034433,1.200807547261921,17.696856880909504,0.34789124423586093,-20052.020721828583
80000.0,52000.0,-48000.0,135.0,358.26347999577507,222.57121397798036,0.6140984982360902,15.031436879691286,0.31803389197848525,-9374.598501704002
80000.0,52000.0,-48000.0,135.0,342.01636699912666,163.2931381091879,1.6851167762409243,12.018088807768947,0.12990056368079925,-10507.085716880032
80000.0,52000.0,-48000.0,135.0,310.52991565118947,87.8338926534957,1.8148924868714003,18.46047619126442,0.012417159787863534,-1081.7188803492095
80000.0,52000.0,-48000.0,135.0,328.18583892260983,241.1231668395981,1.9007737608526623,2.1439640176215953,0.09256239460262944,-8445.12820331367
80000.0,52000.0,-48000.0,135.0,324.4777921180222,479.0412863637134,1.5045023951703187,8.743003330974283,0.14014925957383134,-10121.035042088446
80000.0,52000.0,-48000.0,135.0,337.18938207271304,416.4668100247144,1.2711025829926752,13.668646368941866,0.22664282376824985,-13828.14137801165
80000.0,52000.0,-48000.0,135.0,343.47124687745384,61.02332453627182,0.7917911857816085,3.098404281487448,0.05685756473440834,-2160.927292882164
80000.0,52000.0,-48000.0,135.0,355.09808809125997,418.3518512779087,1.068112349419815,7.145053634820028,0.4286483673133992,-21976.541504931967
80000.0,52000.0,-48000.0,135.0,314.99966136288435,300.8649652187754,0.5552725067726416,17.996135166335083,0.05420941038351662,-1444.8477693274626
80000.0,52000.0,-48000.0,135.0,312.3870223191005,87.41377818069309,1.8645880046584042,15.929779914870243,0.013908663514042787,-1244.828503157481
80000.0,52000.0,-48000.0,135.0,325.2159200223253,88.17978913334326,0.8400285669074098,15.503601425881511,0.030392048164110636,-1225.449055904584
80000.0,52000.0,-48000.0,135.0,324.54854790239835,449.0534199054973,0.9521306871910467,18.62365939594618,0.13302265223128026,-6079.437565485337
80000.0,52000.0,-48000.0,135.0,374.40493542630975,354.70436325351164,0.536867845066593,7.098974971937282,0.612032435261867,-15771.865662235088
80000.0,52000.0,-48000.0,135.0,336.82637639005117,452.0002925424848,1.733536917930285,6.096745427363877,0.2376729165504625,-19776.70921115475
80000.0,52000.0,-48000.0,135.0,302.7021848864099,125.7321222044858,0.8388047176428334,9.504097459427422,0.010578237473835253,-425.90762387516247
80000.0,52000.0,-48000.0,135.0,347.863150263364,132.01487016321812,0.5491131772550837,4.4923023529635415,0.14098834915648864,-3716.090897340892
80000.0,52000.0,-48000.0,135.0,306.5653232808254,438.9408312619239,0.70755359925724,12.394781054434478,0.046188357741842385,-1568.6754606730362
80000.0,52000.0,-48000.0,135.0,347.7311878304922,262.8261739111323,1.576455581865599,12.814596023485775,0.24502023034270565,-18540.64847010015
80000.0,52000.0,-48000.0,135.0,345.06486428940946,126.24875412283181,1.5390913801395507,17.241101536502885,0.11945809429202625,-8825.132314212253
80000.0,52000.0,-48000.0,135.0,328.35495918601316,75.16158701152744,0.9579821239674648,10.403932044869281,0.03111084811619727,-1430.5745451256255
80000.0,52000.0,-48000.0,135.0,305.9931025752603,579.9985047176706,1.7403421081801151,19.112094519068613,0.05801815775726808,-4846.629263232501
80000.0,52000.0,-48000.0,135.0,303.96515723350075,96.7258003971372,1.6409545587564596,5.70936914056804,0.00888255461022495,-699.6416870904882
80000.0,52000.0,-48000.0,135.0,355.03015780698587,374.3696482214682,1.7795406102238274,6.151882741102437,0.4008758235807758,-34241.99077050783
80000.0,52000.0,-48000.0,135.0,367.6304461542029,366.08292496732565,1.8872355789506554,19.665362660230386,0.5447808297183525,-49350.228699587205
80000.0,52000.0,-48000.0,135.0,313.1394550909413,463.4347321523343,1.5779033864024032,16.434472420442408,0.0727553513104441,-5510.443930159021
80000.0,52000.0,-48000.0,135.0,301.1381834339056,168.80653233262814,1.914736743956432,4.641521188497634,0.012729343031874892,-1169.9203598187182
80000.0,52000.0,-48000.0,135.0,355.46094488774054,119.55157763302475,0.5087077468797787,3.962878991402611,0.17917265342794117,-4375.032807734372
80000.0,52000.0,-48000.0,135.0,333.5353003226749,261.5898328588428,1.9472853155131817,13.122981075658426,0.13060616937666922,-12207.718835645539
80000.0,52000.0,-48000.0,135.0,351.44254327858977,295.84467539560194,0.8806296987853603,12.84397167650953,0.30638735961490365,-12951.062794047097
80000.0,52000.0,-48000.0,135.0,363.7688864688349,222.1612731003138,1.9311604718708215,17.29847030137624,0.37743438762323006,-34986.545764932074
80000.0,52000.0,-48000.0,135.0,319.8588601394891,360.33745803555985,1.0769054316979751,5.063258541318593,0.08493204799071193,-4390.261622708676
80000.0,52000.0,-48000.0,135.0,354.78376317321533,38.152484082722374,1.7001358426339648,19.171360504736196,0.06310893012373996,-5150.100196495327
80000.0,52000.0,-48000.0,135.0,312.1368415303615,36.583764091093705,1.3257502268839665,12.791470935505643,0.005775529820835151,-367.5316785766712
80000.0,52000.0,-48000.0,135.0,336.2081289378048,427.49522465237175,1.8378402209315357,15.443918585374744,0.2217726223437193,-19563.96697174786
80000.0,52000.0,-48000.0,135.0,309.16347404521946,400.34916023307153,0.800615612264556,17.855445765178114,0.04981633024253586,-1914.4191234192558
80000.0,52000.0,-48000.0,135.0,365.59092150943405,474.3707016173131,1.2575313759485691,13.942525727523837,0.5851188823199935,-35318.65695251282
80000.0,52000.0,-48000.0,135.0,356.02683696552367,555.0706919321425,1.2872562185238146,11.000294473326267,0.5103365512415227,-31532.827158031072
80000.0,52000.0,-48000.0,135.0,364.0057183190508,128.14856850568364,0.5573272938855143,15.425896355516155,0.26125054739749154,-6988.898909143356
80000.0,52000.0,-48000.0,135.0,358.13458462501814,156.6239204456087,1.3311111768831365,9.222301169770413,0.24591765803018337,-15712.499673451299
80000.0,52000.0,-48000.0,135.0,341.26315791761755,432.4100359455821,1.805654084056763,6.673179549171783,0.2752049343530935,-23852.395856027357
80000.0,52000.0,-48000.0,135.0,326.8884760325433,589.162204730889,1.2563285840964764,5.811548566417835,0.18770600953550168,-11319.380408934554
80000.0,52000.0,-48000.0,135.0,365.59793157415027,167.63043575048448,1.1278967679736938,15.479213424012173,0.33268274544198034,-18011.126080541988
80000.0,52000.0,-48000.0,135.0,335.3105554060759,181.2060466801373,1.6696352784950457,2.3080689526385623,0.1030790088799604,-8261.008785517726
80000.0,52000.0,-48000.0,135.0,334.3695728164397,40.609545278141184,1.1483828869434203,11.135122344438571,0.023855482771750418,-1314.970952392885
80000.0,52000.0,-48000.0,135.0,347.57749444979925,222.26704217796998,1.1905304641620809,5.052503339929997,0.21401074348160168,-12229.742869095518
80000.0,52000.0,-48000.0,135.0,347.16300001527253,406.64226713278765,1.3479386107382412,12.353965551694234,0.32775704586921595,-21206.226099293803
80000.0,52000.0,-48000.0,135.0,324.01967935783296,42.89802976441497,0.7163511252057189,13.435565307364513,0.014004619941750205,-481.546812160858
80000.0,52000.0,-48000.0,135.0,323.22442128435637,466.9798849460088,0.6490514865065178,10.367900476923426,0.12849890897660302,-4003.315578515035
80000.0,52000.0,-48000.0,135.0,308.14650010863073,125.33560426429966,1.4679627258674264,12.524605975187805,0.015121199135442789,-1065.473121659941
80000.0,52000.0,-48000.0,135.0,313.03754429178883,291.1281563392303,1.9759032290820033,4.932881318221385,0.04668513404141778,-4427.774740923051
80000.0,52000.0,-48000.0,135.0,371.4907571211955,79.14315703887421,0.9157644255813404,6.691154114754707,0.23591497302457445,-10370.04190837857
80000.0,52000.0,-48000.0,135.0,310.6850005189738,422.2362981642867,1.3443661856646578,7.193450798932624,0.05754020439891476,-3713.0450452864225
80000.0,52000.0,-48000.0,135.0,320.9360948370002,488.8667333061392,1.5835733524630937,6.318776190452194,0.11852589083406746,-9009.333230485387
80000.0,52000.0,-48000.0,135.0,301.5964287283269,273.5586688941545,1.9757073368712796,5.503069967311752,0.021109133908629462,-2001.8625954373217
80000.0,52000.0,-48000.0,135.0,346.6694359904157,401.0240273777736,1.715750947617511,18.93661240430267,0.31910025933099523,-26279.83547194313
80000.0,52000.0,-48000.0,135.0,325.11841037382686,151.02020050053062,0.5244019174591463,1.0243269884478798,0.050669010259505876,-1275.4044545204179
80000.0,52000.0,-48000.0,135.0,349.1754824689283,122.0972399762553,1.1588473343617818,7.919996316984521,0.13971883452734007,-7771.81434970286
80000.0,52000.0,-48000.0,135.0,332.1712405008607,448.52739515437725,1.860890328996617,4.974076647594519,0.19256582891555948,-17200.506658760725
80000.0,52000.0,-48000.0,135.0,363.8061656442087,278.57696486843827,0.7655583022328547,1.4577394350093247,0.43231808067126526,-15886.305401436488
80000.0,52000.0,-48000.0,135.0,331.84707303965183,164.0676989702307,1.2841300337861314,19.17772087986726,0.07889126956949362,-4862.719135569822
80000.0,52000.0,-48000.0,135.0,353.42300983984853,564.5361705033467,0.7588477409079197,8.374087253435723,0.4822157984525142,-17564.56172571836
80000.0,52000.0,-48000.0,135.0,323.1221046605668,478.7373944503285,1.118549742688325,12.597689804372628,0.130612051010012,-7012.6116503636795
80000.0,52000.0,-48000.0,135.0,303.95684497322776,333.865663903214,0.5341150203535809,11.886456767676615,0.02998983646836903,-768.8650615537674
80000.0,52000.0,-48000.0,135.0,365.98734512689373,361.2917735585594,0.7789133400111581,15.26602884370891,0.5224974220153977,-19535.050182203184
80000.0,52000.0,-48000.0,135.0,360.2567417358126,571.0911620212194,0.7765669293124844,18.965841396636904,0.5685829948335837,-21194.052017146187
80000.0,52000.0,-48000.0,135.0,314.0140427374135,173.48053853913902,0.6350943094581718,15.541937780238507,0.030117018204615126,-918.1030502207631
80000.0,52000.0,-48000.0,135.0,307.6605067720251,409.114180714279,0.8481117659538684,19.235152993873108,0.0462877833920833,-1884.3462583079956
80000.0,52000.0,-48000.0,135.0,319.96570514425775,411.0215161846883,0.8606272215089701,5.846668858539455,0.0963014340148279,-3978.222508008516
80000.0,52000.0,-48000.0,135.0,334.24529158691564,82.20217326634831,1.5025922635443092,5.110148229192392,0.04682536332377105,-3377.2525760615913
80000.0,52000.0,-48000.0,135.0,314.9959209127488,487.23190076110666,1.0580461987761725,8.041380217296672,0.08491829536443952,-4312.67902161108
80000.0,52000.0,-48000.0,135.0,365.0337810222555,225.98001314242515,0.767733339430525,5.785779985084176,0.39560042191901484,-14578.350384000476
80000.0,52000.0,-48000.0,135.0,334.9137075410436,501.2757314619848,1.7287582003397788,9.076022818621293,0.2372071400855592,-19683.541852898743
80000.0,52000.0,-48000.0,135.0,364.3479634187075,532.7014799800633,1.2382755634161093,10.311234643588481,0.5990316823270835,-35604.78210900812
80000.0,52000.0,-48000.0,135.0,315.5845801738727,598.9441540780048,1.2815465732532028,5.975500254591583,0.10584924225784986,-6511.235217455788
80000.0,52000.0,-48000.0,135.0,340.9400104056061,535.9603903132222,1.8832598476351878,3.5144813818217995,0.3162502788081395,-28587.909690374516
80000.0,52000.0,-48000.0,135.0,354.9624514224289,272.2163521603569,0.5153607798700988,16.017472603406524,0.3265514773181779,-8078.007552884594
80000.0,52000.0,-48000.0,135.0,354.9295751182658,599.3158394094585,1.8530051157560214,6.62121979826269,0.5159284822600464,-45888.86961562107
80000.0,52000.0,-48000.0,135.0,347.4983274255224,475.1749425231943,1.9920983477649388,2.2990538887740626,0.36697575388154713,-35090.4860629067
80000.0,52000.0,-48000.0,135.0,356.60405505840026,567.901632108721,0.8134449373375667,6.048343154884797,0.5231435903240321,-20426.328242384738
80000.0,52000.0,-48000.0,135.0,335.8519083540574,331.95273880164615,1.8711102195977085,16.944162541609263,0.17827947398894178,-16011.866194810216
80000.0,52000.0,-48000.0,135.0,316.80754283277844,83.50407971244749,0.8187097480042529,14.67627091451892,0.017504711523080835,-687.9013420775353
80000.0,52000.0,-48000.0,135.0,360.92902003814106,369.44249836188476,0.8417682180827111,5.603091537681136,0.46825676358525264,-18919.8557514401
80000.0,52000.0,-48000.0,135.0,378.6898936471724,345.16045332912046,1.5587410543330977,11.202563876229906,0.6496750723770783,-48608.409949966976
80000.0,52000.0,-48000.0,135.0,332.243183940433,141.565915890051,0.8137617095911418,6.402584145754495,0.07026991606057727,-2744.7824172615065
80000.0,52000.0,-48000.0,135.0,343.2679418113126,556.8800349160481,1.4322081932234454,2.463798494285645,0.35243355345651733,-24228.394695709307
80000.0,52000.0,-48000.0,135.0,325.43328444156515,315.2991041673097,0.7032641627325802,2.982647664774337,0.10195199422070529,-3441.5608250179757
80000.0,52000.0,-48000.0,135.0,354.79528407393485,257.97588679167,1.0378924193468089,9.639763357160342,0.3130589351409076,-15596.231788393552
80000.0,52000.0,-48000.0,135.0,300.48507490997883,136.0906607313059,1.6931591720160268,13.344972922462626,0.009838065882084085,-799.5557511911334
80000.0,52000.0,-48000.0,135.0,358.0064895809868,110.6384758059918,1.969355307899301,11.952665156755845,0.18628489660449946,-17609.335195658085
80000.0,52000.0,-48000.0,135.0,310.1367613883581,439.982039921728,1.4351009717048242,12.731611721635923,0.05784365738575163,-3984.5514682201488
80000.0,52000.0,-48000.0,135.0,333.4589730806341,172.3311211505577,1.8193122572278884,14.667240688712253,0.08970337952584806,-7833.525978534747
80000.0,52000.0,-48000.0,135.0,357.1790047654033,225.02396031822778,0.674871393589245,12.646580903869246,0.3089851349542279,-10009.210973996194
80000.0,52000.0,-48000.0,135.0,354.19154388963176,73.45218395982701,0.5203194745158679,11.865864605305083,0.11183456574551641,-2793.1057191080345
80000.0,52000.0,-48000.0,135.0,311.16234712932436,417.9695839044138,1.8014567402833626,11.09085793519419,0.05867455531337468,-5073.584311315574
80000.0,52000.0,-48000.0,135.0,350.4571554081256,553.7940268352672,1.520060208789662,14.519409243692708,0.44025073666992504,-32121.96608170986
80000.0,52000.0,-48000.0,135.0,330.93205094271167,527.2374809431676,1.0079498272507532,14.33191736449873,0.2071404835991498,-10021.786303699224
80000.0,52000.0,-48000.0,135.0,355.8260158793755,127.67057312639625,1.820807992908915,16.01766308090191,0.19182349287503647,-16765.139954619488
80000.0,52000.0,-48000.0,135.0,376.3710539716119,65.59547265306769,1.87000286420729,16.248252991614144,0.24146793004702555,-21674.194598502876
80000.0,52000.0,-48000.0,135.0,363.67206527521336,456.7947261189791,0.9392416930410934,14.05583542327613,0.553741789458309,-24964.67404024449
80000.0,52000.0,-48000.0,135.0,345.66545851853556,355.15889997310893,1.4675595354104163,15.752064321610405,0.28256626055798123,-19904.77488322222
80000.0,52000.0,-48000.0,135.0,300.36452446624253,264.12967306376333,1.627709181431262,15.009075751066058,0.018764523877746707,-1466.0730144477343
80000.0,52000.0,-48000.0,135.0,329.5604797305337,222.76496176667555,1.6274096913889304,10.367110249268737,0.09258777474296366,-7232.555612200046
80000.0,52000.0,-48000.0,135.0,319.79259602465584,165.80556107240272,1.314890572621304,19.032911653671263,0.04079975471727188,-2575.066216464114
80000.0,52000.0,-48000.0,135.0,331.3397953885553,498.56284406259874,0.6842270833340331,2.6904861094475723,0.20182732818542715,-6628.594756867945
80000.0,52000.0,-48000.0,135.0,324.3217466485358,132.50055921341203,1.2034991425157415,19.028929290014162,0.042756969765184144,-2469.982869550589
80000.0,52000.0,-48000.0,135.0,363.74730954942953,209.15368679487315,1.046161430325773,8.217424275014157,0.3631295906847287,-18234.824255248717
80000.0,52000.0,-48000.0,135.0,321.9405191321707,467.19944396184786,1.2098076907181203,12.197110670693142,0.12015151952622351,-6977.291153966093
80000.0,52000.0,-48000.0,135.0,328.0112866744069,374.2155653617749,0.8661056340698327,12.788106039881622,0.13547894712683578,-5632.275811411269
80000.0,52000.0,-48000.0,135.0,369.2631860916363,196.4943815954215,1.6785840334733537,15.250146711926066,0.40917030337791227,-32967.683434637365
80000.0,52000.0,-48000.0,135.0,363.4616918241522,78.60983234617488,1.8502617414421334,3.243780576901924,0.17452500019243739,-15500.012677499899
80000.0,52000.0,-48000.0,135.0,304.030908861763,522.1005464125521,1.430415370364245,6.248246531423722,0.04633946289942862,-3181.6646393167866
80000.0,52000.0,-48000.0,135.0,313.01777289064216,524.4271439520164,0.7960839598060706,5.606225390095538,0.08097011287730736,-3094.032388094945
80000.0,52000.0,-48000.0,135.0,309.5217629726394,301.7970559473728,0.7588919163834305,7.197857669266776,0.03888532263001685,-1416.4683364743103
80000.0,52000.0,-48000.0,135.0,347.73308477572175,428.72345198296495,0.5745164907198491,18.76310717720187,0.3461665009429262,-9546.161439671967
80000.0,52000.0,-48000.0,135.0,331.14501954805047,338.59327434186775,1.0204796375261993,5.118000478552017,0.14517642455381846,-7111.180085089454
80000.0,52000.0,-48000.0,135.0,331.3936546996722,530.6207384799895,1.1866157186062085,9.806068187834812,0.21256605676257576,-12107.242761437374
80000.0,52000.0,-48000.0,135.0,336.3629157787045,127.90399917721537,1.6188148399543798,8.025878317701839,0.0791852731471624,-6152.942173270442
80000.0,52000.0,-48000.0,135.0,372.9430627559158,238.06479360759354,0.5913396510093605,17.521874795714446,0.49791007028117706,-14132.830425317636
80000.0,52000.0,-48000.0,135.0,342.21398434567294,223.67174755759464,1.6780533437049026,5.220660773528958,0.171271098238169,-13795.297875771375
80000.0,52000.0,-48000.0,135.0,312.341788266769,153.56222643276726,0.8030651956159753,6.786055044811085,0.02411092913823225,-929.4071051941153
80000.0,52000.0,-48000.0,135.0,325.369815683306,260.0405412371656,1.4029239344567823,6.716314957929269,0.08532083885159288,-5745.535052775828
80000.0,52000.0,-48000.0,135.0,310.1725010147746,136.74232939441316,1.891690688175746,1.1863545035026446,0.01876646028294865,-1704.016232029149
80000.0,52000.0,-48000.0,135.0,371.77260843212053,55.45516286262648,1.4494629461067918,11.797382301886842,0.17973748010772267,-12505.095237252028
80000.0,52000.0,-48000.0,135.0,359.84119888776263,164.9375460834634,1.3436903351396128,11.55952761536118,0.27171108574075364,-17524.586873286782
80000.0,52000.0,-48000.0,135.0,327.9457032796536,41.99515018188468,1.183993298592414,15.817576679555257,0.017217686041645832,-978.509994747687
80000.0,52000.0,-48000.0,135.0,372.0812171187835,459.67352343870243,1.0093653847256845,4.564315098634167,0.6481160183461308,-31400.921961831413
80000.0,52000.0,-48000.0,135.0,333.552881425209,165.91986019933043,0.9596449498864859,15.336424219733825,0.08707418082681209,-4010.8942990057394
80000.0,52000.0,-48000.0,135.0,339.12655162930986,569.0650537653564,1.370392203345096,9.059005281916113,0.3080563558314675,-20263.585354672592
80000.0,52000.0,-48000.0,135.0,375.11419834138985,263.57821365661994,0.6128122861066903,10.25615568797167,0.5474852324653557,-16104.272492003876
80000.0,52000.0,-48000.0,135.0,373.57770983967526,598.454892552022,0.6850540436510688,14.830652136201966,0.7194911888135812,-23658.736716866806
80000.0,52000.0,-48000.0,135.0,361.10474194293243,487.02209330050323,1.8718374371455302,5.97136670009281,0.5393194176727223,-48456.877275807754
80000.0,52000.0,-48000.0,135.0,301.70278331111643,477.40970689851343,1.3908854877451746,15.393862214113755,0.03652516326916554,-2438.511337373062
80000.0,52000.0,-48000.0,135.0,339.1562450017821,223.0447632721172,0.6056142197951504,10.811844170692233,0.1487765248954441,-4324.856594322631
80000.0,52000.0,-48000.0,135.0,324.0384748348982,468.9465808046221,0.8737382421784203,17.813097341420914,0.13453043025477596,-5642.130319215096
80000.0,52000.0,-48000.0,135.0,340.59476940332934,146.0395608308408,1.4421633786971189,10.039196150895503,0.11008865133804897,-7620.759425754711
80000.0,52000.0,-48000.0,135.0,302.23017486841076,500.40942370807466,1.5530844112508457,8.467505970173374,0.039569678275971194,-2949.842423453861
80000.0,52000.0,-48000.0,135.0,349.04792436908485,135.07650414462404,0.9329142544417208,15.049755848229916,0.15146591956169256,-6782.6263402188515
80000.0,52000.0,-48000.0,135.0,335.8283879824423,477.8448615615996,1.6166968999809472,7.3873365315318695,0.23774930586955076,-18449.691157052388
80000.0,52000.0,-48000.0,135.0,323.0931796470067,500.16528806876056,1.0229766051877807,17.671829755797027,0.1354619585193068,-6651.571893992086
80000.0,52000.0,-48000.0,135.0,337.1881635827157,313.52416367762237,1.816766045218782,4.41428886130605,0.18073687579916012,-15761.117715400238
80000.0,52000.0,-48000.0,135.0,361.1574251456668,590.0242307087557,1.6789285760242219,7.237261303821464,0.58709856165384,-47313.434500960815
80000.0,52000.0,-48000.0,135.0,341.934294853998,392.9116175965482,1.084125322157501,6.950279521176771,0.2634351872360897,-13708.64434703747
80000.0,52000.0,-48000.0,135.0,348.76282251646296,202.3024028456693,1.7414289899859778,16.92709873076386,0.20851906935945919,-17429.815312678034
80000.0,52000.0,-48000.0,135.0,373.3948106483924,279.6969958618641,1.9630281544640675,12.172698074714354,0.5431657912386799,-51179.98755567747
80000.0,52000.0,-48000.0,135.0,309.9501117283365,47.60829975597294,0.8859745451804666,13.344984874694305,0.006520265279562846,-277.2858751448006
80000.0,52000.0,-48000.0,135.0,316.32432492983514,560.9662797490139,1.058253455714618,9.36339396199737,0.10404948655486622,-5285.314978176905
80000.0,52000.0,-48000.0,135.0,317.2556991818473,113.1364526582291,1.1073208798147502,7.989458767208273,0.024220475550197185,-1287.3522381972477
80000.0,52000.0,-48000.0,135.0,345.1829035033138,44.876384636829684,1.3880860695845858,10.081386981784547,0.04627753269847572,-3083.3855267279664
80000.0,52000.0,-48000.0,135.0,344.2251868561157,468.08573301896456,1.799683572206211,7.717069294952702,0.32489002087370766,-28065.563200326942
80000.0,52000.0,-48000.0,135.0,365.9446212303347,125.00093515473668,0.8290264838306403,10.809547989204722,0.2742213717361121,-10912.165420876989
80000.0,52000.0,-48000.0,135.0,301.18442202878754,212.44198360287731,0.9012564040810807,10.328119871940762,0.01601743801351269,-692.9192921592027
80000.0,52000.0,-48000.0,135.0,339.68714856519034,155.01663768407286,1.0079976951990268,8.047819364829955,0.11113032757085765,-5376.9174747905945
80000.0,52000.0,-48000.0,135.0,309.59867636864175,409.39522619748146,1.1557957774485481,6.7375487151408135,0.05227576805792845,-2900.1653752432026
80000.0,52000.0,-48000.0,135.0,333.16949900369997,281.6908130568441,0.8800815258377098,17.117423984056973,0.13679529135474985,-5778.768419659312
80000.0,52000.0,-48000.0,135.0,341.1552100019797,362.83312512175786,1.5731819277681143,6.289325172396223,0.24056153796952637,-18165.45907438857
80000.0,52000.0,-48000.0,135.0,313.964625548081,522.0310518549968,1.2618604042221089,12.943694892390067,0.08521135062748367,-5161.191808661202
80000.0,52000.0,-48000.0,135.0,316.2024800270638,516.200033132161,1.0777065454729673,19.55706243468075,0.0958852527282577,-4960.1358950195045
80000.0,52000.0,-48000.0,135.0,377.6811082048694,127.48964253259109,1.5137263131021843,3.726080000385677,0.39592401392111426,-28767.38869734846
80000.0,52000.0,-48000.0,135.0,328.1643532033381,146.04633338981836,1.9398878183477213,9.457807049113134,0.058119697563856286,-5411.79327888857
80000.0,52000.0,-48000.0,135.0,343.58755105068184,385.25461510970774,0.9629232901696441,7.280751140277458,0.2769070725449527,-12798.73292957905
80000.0,52000.0,-48000.0,135.0,336.7140096912969,276.0663618980844,0.7925993647182126,4.141760811938171,0.15912960112668775,-6054.048996522014
80000.0,52000.0,-48000.0,135.0,304.2133130209229,532.6569365870425,0.7897958368383096,6.2886199100454405,0.04779034226387509,-1811.7414413321499
80000.0,52000.0,-48000.0,135.0,338.89067086665943,528.5797433003827,1.912287598064732,9.742780809466,0.289902036274782,-26610.051293854933
80000.0,52000.0,-48000.0,135.0,361.8847702585938,293.20375491659473,1.3746149741714153,14.46145472889634,0.4225034149443074,-27877.416999408182
80000.0,52000.0,-48000.0,135.0,305.2468125268233,415.80628061727305,1.1037476880952215,10.096002282780937,0.04031005421280597,-2135.6221989301266
80000.0,52000.0,-48000.0,135.0,368.23254492787595,441.46918444190567,1.6729481745035213,6.831113297909684,0.5974066422441123,-47972.656875771165
80000.0,52000.0,-48000.0,135.0,370.68499011616,182.34748363321668,0.5251845527116239,15.314857157560413,0.4068146612077123,-10255.333242379354
80000.0,52000.0,-48000.0,135.0,335.27670446634727,533.4226353724371,0.559776230892367,1.8080389764028117,0.2524333906344868,-6782.69817411617
80000.0,52000.0,-48000.0,135.0,310.5508311157257,373.9037505897862,1.8423859933620594,6.010797542681841,0.05086994618513519,-4498.659664059591
80000.0,52000.0,-48000.0,135.0,328.0444473573355,140.53207832006458,1.5467783786814415,5.959157932740693,0.05568083852911144,-4134.044022896743
80000.0,52000.0,-48000.0,135.0,359.8296710381826,71.93484589813659,0.7760163373866498,6.661277035941081,0.13987585438078248,-5210.205513859353
80000.0,52000.0,-48000.0,135.0,358.9649130822522,206.94283843249954,1.6219627899891786,12.37427946948557,0.30970194410545643,-24111.601407665225
80000.0,52000.0,-48000.0,135.0,328.99764820312475,271.804589424285,1.6063654596201633,17.680600098969613,0.10755709670923735,-8293.248244355733
80000.0,52000.0,-48000.0,135.0,363.49625592064166,465.58812694056536,1.9426244357284799,8.871960295369718,0.5563964743382285,-51881.7305761256
80000.0,52000.0,-48000.0,135.0,302.9605712843298,467.1238099003258,1.5581181629864176,10.662414450391482,0.03885610542641264,-2906.0353731748146
80000.0,52000.0,-48000.0,135.0,367.9762578516877,536.1052517969081,0.8751603132015154,8.857769184956943,0.640391433248858,-26901.368030094625
80000.0,52000.0,-48000.0,135.0,373.08624225494424,271.9219140191334,0.6121741896750654,4.7293497278556735,0.5327152912996348,-15653.498485385779
80000.0,52000.0,-48000.0,135.0,369.1208326407517,84.54098835211147,0.6241089511132425,10.162202358002517,0.22840739064727605,-6842.452656162436
80000.0,52000.0,-48000.0,135.0,354.09358603431514,430.4166872558937,1.4149528599167494,9.573488315547165,0.42338244692491545,-28755.177797518103
80000.0,52000.0,-48000.0,135.0,326.29880410430155,267.44603472191227,1.4042763762164685,7.644672881286711,0.09200915519560227,-6201.901585767312
80000.0,52000.0,-48000.0,135.0,334.4989328623076,300.0070448753959,1.7024044937953804,19.10184975626079,0.1538706583584369,-12573.604812127522
80000.0,52000.0,-48000.0,135.0,359.7786962401512,34.53917790267982,1.0783543863080722,2.6544554614223137,0.07226201708062743,-3740.3550279534443
80000.0,52000.0,-48000.0,135.0,365.6447393296102,115.43091538638897,0.5484490693626303,3.2134089434107054,0.2559786304626019,-6738.779599388863
80000.0,52000.0,-48000.0,135.0,319.24630271048403,278.2779865670769,1.074605068586926,2.08703916466367,0.06458025530540014,-3331.116944727394
80000.0,52000.0,-48000.0,135.0,315.9066244909817,339.55540089654943,0.7576155133397597,3.7307136182119174,0.06409270155184582,-2330.765999401617
80000.0,52000.0,-48000.0,135.0,344.50066968646746,517.4885376289685,1.735745572403994,5.585199055358358,0.3505725789990485,-29208.230486584696
80000.0,52000.0,-48000.0,135.0,304.8043312458319,582.988278766735,1.453572817601365,9.200843108091625,0.054074204146675894,-3772.838077489684
80000.0,52000.0,-48000.0,135.0,304.6308557948333,64.00108662702996,1.227861067701087,3.031089888636989,0.006164534147428801,-363.32119104680345
80000.0,52000.0,-48000.0,135.0,338.27098216465606,459.1087442450683,1.9182465923955463,12.684273141883827,0.2552935117429384,-23506.36363015603
80000.0,52000.0,-48000.0,135.0,379.8143693187553,183.1912337713312,1.1997380591657756,12.730128038260702,0.5082567876691747,-29269.20057581027
80000.0,52000.0,-48000.0,135.0,319.63342733770895,235.56391895374063,1.9278077182752267,18.548645537154044,0.05646584422903045,-5225.053935535276
80000.0,52000.0,-48000.0,135.0,370.2960680086076,540.388639295675,1.6253292713611043,10.364832319876372,0.6663013529825179,-51982.03644239971
80000.0,52000.0,-48000.0,135.0,346.6675258173043,183.5105220454514,1.6468553454900106,4.270024780359052,0.1765703881830878,-13957.722606459087
80000.0,52000.0,-48000.0,135.0,307.6502923544747,310.69987846378604,0.9808785361300034,14.641926682832295,0.035525737288497124,-1672.6287929510463
80000.0,52000.0,-48000.0,135.0,339.6069635984607,365.28188056950233,1.990113668057123,16.485847209035807,0.226802044024704,-21665.368692329124
80000.0,52000.0,-48000.0,135.0,358.6271682586265,416.63400854124023,0.6187621444756055,14.934811818662194,0.47049513432616996,-13973.979757487954
80000.0,52000.0,-48000.0,135.0,371.6746151391894,577.1878256568936,0.9926071351856883,11.815026953231815,0.6942427622568791,-33077.29532962559
80000.0,52000.0,-48000.0,135.0,373.2750962253838,475.2360691002248,0.5621983145428064,14.777214286822169,0.667705765923676,-18018.386698214606
80000.0,52000.0,-48000.0,135.0,344.66186590674755,184.8285235197083,1.462844679308547,11.278458138717676,0.1627931101788811,-11430.769682556782
80000.0,52000.0,-48000.0,135.0,367.9102251455331,334.6040658768943,1.9347109116098367,17.73754620519646,0.5256350710151391,-48813.69155605444
80000.0,52000.0,-48000.0,135.0,346.3034880635154,219.47194706592902,0.9242365583000238,15.226362267411549,0.20104565251380652,-8919.059613146068
80000.0,52000.0,-48000.0,135.0,315.047629313748,188.95924081963742,1.5434382557478328,19.91683840330085,0.03484854224603741,-2581.7555164597748
80000.0,52000.0,-48000.0,135.0,324.8563586679627,296.57567277359726,1.2662442156445848,17.239190337942386,0.09354721645836021,-5685.773843042425
80000.0,52000.0,-48000.0,135.0,350.3484984857522,539.1667391461617,1.5749894186320315,6.145914751910245,0.43230634984782607,-32682.140477652632
80000.0,52000.0,-48000.0,135.0,357.25386169131446,371.8801593971664,1.3870803485672787,16.093046043525128,0.42584247803625636,-28352.53117772564
80000.0,52000.0,-48000.0,135.0,321.51945823126056,441.0703830841138,0.9067165740801622,19.85979732396464,0.1116506654754868,-4859.304426897774
80000.0,52000.0,-48000.0,135.0,340.48654564675047,267.6867803955248,0.857194131343715,10.50444580351292,0.1839618492249659,-7569.168842245349
80000.0,52000.0,-48000.0,135.0,340.34272434417124,515.1465753591476,1.7368480530612542,12.245114865346956,0.3009325077431917,-25088.35392847696
80000.0,52000.0,-48000.0,135.0,370.161962819619,364.3420409884973,0.6943069525351212,11.77784217852677,0.5722871918830249,-19072.46285621689
80000.0,52000.0,-48000.0,135.0,308.0806659100458,68.93981723226642,0.7169913897083362,2.325492359140055,0.008338327683665096,-286.9684393802174
80000.0,52000.0,-48000.0,135.0,362.94230335859373,62.09198180334357,1.3165020863828076,6.8374495817252985,0.14010759032093761,-8853.692878827938
80000.0,52000.0,-48000.0,135.0,328.99911975868105,398.2194145166528,1.4956411495102535,7.465942507365181,0.15008482607667398,-10774.70600627343
80000.0,52000.0,-48000.0,135.0,325.68561634600314,382.58085985162353,1.59049120974557,1.0380149875288063,0.12266704780594848,-9364.841340518431
80000.0,52000.0,-48000.0,135.0,307.6498887750479,143.6700404454101,1.06751922262641,12.08845593426374,0.016746782566032493,-858.1205907064572
80000.0,52000.0,-48000.0,135.0,318.4224016229546,192.56255604892667,1.1251094729760815,1.9213504641870687,0.043439367037443936,-2345.9540809878295
80000.0,52000.0,-48000.0,135.0,314.5916427486316,452.6408044626054,1.100744087146265,19.090843084646696,0.07752344007566418,-4096.0064773692075
80000.0,52000.0,-48000.0,135.0,328.8774003915056,333.6050277587926,0.7197783239216292,2.998885738747527,0.12808282780681887,-4425.179669852867
80000.0,52000.0,-48000.0,135.0,334.01554045130933,133.57341373631994,1.0038721909704318,11.307242791575838,0.07304869057280063,-3519.9143545362476
80000.0,52000.0,-48000.0,135.0,326.68896026375813,277.8167560262416,0.9885475371787852,8.037376847246204,0.09722808098555627,-4613.499840138774
80000.0,52000.0,-48000.0,135.0,324.7787426396917,224.55835542102517,1.2635121401317857,17.537182539282504,0.07216889472067506,-4376.9411817343525
80000.0,52000.0,-48000.0,135.0,369.02650232254797,473.1334093511797,0.8132962034623437,8.569777850933473,0.6225730057756852,-24304.140574824218
80000.0,52000.0,-48000.0,135.0,316.74486703522456,547.7712591199244,0.9241870172027653,2.752408643249675,0.104278001035414,-4625.873987365735
80000.0,52000.0,-48000.0,135.0,362.9276634000369,190.56201817585784,0.7482656147406118,7.3445693658651505,0.3332036175049453,-11967.590864934413
80000.0,52000.0,-48000.0,135.0,303.3804691984698,380.64038780818174,1.055681849712041,5.8890516693546235,0.032785793309308045,-1661.3456124022548
80000.0,52000.0,-48000.0,135.0,339.567650073126,139.38906895986247,1.7101923200349018,9.29655891149782,0.1004721000841791,-8247.677469203574
80000.0,52000.0,-48000.0,135.0,335.28464031366696,470.95767045335543,1.2947609208441055,7.2332291656529195,0.22973992923336248,-14277.997551784705
80000.0,52000.0,-48000.0,135.0,332.5629017622563,308.8216816408155,1.4179875794501582,18.63466570816771,0.1437540298200154,-9784.388581473095
80000.0,52000.0,-48000.0,135.0,311.7472627979728,232.74978385764558,1.2798208628718593,15.45874248252766,0.034790059311741145,-2137.202098930354
80000.0,52000.0,-48000.0,135.0,362.15705581878876,457.4384321583119,0.7635294541226276,12.821172629386695,0.5362522139106213,-19653.329287642904
80000.0,52000.0,-48000.0,135.0,358.42954582367696,214.93904731992677,0.5597135077542266,8.688659603830132,0.3122489488085423,-8388.957812649558
80000.0,52000.0,-48000.0,135.0,360.71425074062773,49.088258704912334,1.3815440126265746,4.209278172489137,0.10378705243147986,-6882.546281993825
80000.0,52000.0,-48000.0,135.0,378.33064882541544,32.71871021687764,1.161375371581639,10.231809031019518,0.147526535777242,-8224.016894709428
80000.0,52000.0,-48000.0,135.0,324.3499784607021,424.34412965051024,1.8936103112651759,19.413958765364512,0.12533085385224857,-11391.734264365761
80000.0,52000.0,-48000.0,135.0,341.3515768207469,442.5812397624942,0.9132784905744294,15.606840629915347,0.2808244266621621,-12310.603607925552
80000.0,52000.0,-48000.0,135.0,336.73569385571034,134.04672954800947,0.5442518182682871,5.130180563725423,0.08424842598233397,-2200.91323330207
80000.0,52000.0,-48000.0,135.0,337.53358423088764,150.60428369201938,1.27514835167346,7.2361146847234705,0.09747492733326804,-5966.159660088338
80000.0,52000.0,-48000.0,135.0,303.8262459791352,114.30942330730142,1.6283667649682765,13.133968301343614,0.010383261797954587,-811.5724043401921
80000.0,52000.0,-48000.0,135.0,345.53915796926947,315.5739829361967,0.7691367996170975,15.389602430128217,0.2579686591923045,-9523.833068768776
80000.0,52000.0,-48000.0,135.0,357.76375276643284,143.8625930247265,1.138505486959667,19.07951390557266,0.2273042837410688,-12421.784363934905
80000.0,52000.0,-48000.0,135.0,306.07093846479,565.7998824900114,0.5705029861144537,18.54937337066196,0.05695690736597212,-1559.716115142308
80000.0,52000.0,-48000.0,135.0,360.2383057288575,119.3107238867955,1.2965913507161622,10.75971803923489,0.21574551964890729,-13427.221187161776
80000.0,52000.0,-48000.0,135.0,316.37893048062267,277.9994459503332,1.2107548466082658,1.5948146463524295,0.054596213021674875,-3172.926217077608
80000.0,52000.0,-48000.0,135.0,312.10284589544955,103.67906001928176,1.3075741007148922,1.2770059742089255,0.016161657531661686,-1014.3631110251806
80000.0,52000.0,-48000.0,135.0,320.2759980278566,169.5103064498581,1.6543355004574067,5.350680560813696,0.04286838328702722,-3404.0970393093166
80000.0,52000.0,-48000.0,135.0,368.36708073902037,256.6538944230141,1.132401667557207,3.099436724294088,0.4646825702652905,-25257.95123775283
80000.0,52000.0,-48000.0,135.0,378.7687476823065,36.0796281437992,1.9442098063487503,7.666539637442556,0.162842149782068,-15196.766615674016
80000.0,52000.0,-48000.0,135.0,314.1779133665051,343.51923748513275,1.018879389334339,5.831144744684325,0.05849609856252669,-2860.822520727768
80000.0,52000.0,-48000.0,135.0,371.55178658604194,62.051122075451026,0.8753467318029913,11.36086536536911,0.19532998697047696,-8207.110354450939
80000.0,52000.0,-48000.0,135.0,352.8235005041422,404.6252812783094,1.8723259762770892,13.445642851148557,0.39310474273641116,-35328.97061870904
80000.0,52000.0,-48000.0,135.0,359.98774695631624,251.78765845203063,0.9043457075272532,14.488256291755318,0.3645051025800475,-15822.653994722257
80000.0,52000.0,-48000.0,135.0,317.78729762838617,53.04661663736164,0.5720341878188869,15.588791714437987,0.011885454001239741,-326.34652926997995
80000.0,52000.0,-48000.0,135.0,316.2574104893329,167.83526417152783,1.8291411913476938,16.110607165361543,0.03344357678582916,-2936.305146478062
80000.0,52000.0,-48000.0,135.0,326.7428486205271,422.1584891829166,1.6732230916218658,8.140777027600546,0.14102122827011454,-11326.078826420828
80000.0,52000.0,-48000.0,135.0,328.039668205894,252.69767213458135,0.734221893546493,18.41477432972573,0.09583812202138046,-3377.589476374935
80000.0,52000.0,-48000.0,135.0,318.9458611696761,563.5214319238197,1.6614460531089827,6.124494640764157,0.12068528317971243,-9624.58019554911
80000.0,52000.0,-48000.0,135.0,331.3142209353057,428.41111523499114,0.861249959090743,12.102692083002882,0.17828417080060013,-7370.267270810107
80000.0,52000.0,-48000.0,135.0,303.98251410443436,84.23748379981168,0.765572543847016,2.2857732840736347,0.007753638997162848,-284.9267102942106
80000.0,52000.0,-48000.0,135.0,342.2908672338955,545.8511570534611,0.6738687233809179,6.415476358339655,0.3361779495790955,-10873.910674160625
80000.0,52000.0,-48000.0,135.0,306.6742805504098,591.0401405603152,0.7155406496882277,8.589235127495883,0.06163144282280976,-2116.7905266554953
80000.0,52000.0,-48000.0,135.0,308.01248432550096,339.45828487332926,1.7930877883896503,18.590613367050427,0.039585727030327804,-3407.07281916513
80000.0,52000.0,-48000.0,135.0,320.7193464073805,37.973008655467225,1.6565177717948336,19.170091984458757,0.010202686505326672,-811.2447127739979
80000.0,52000.0,-48000.0,135.0,339.34861850681705,335.44955219941164,1.3739437543278425,16.196049901824253,0.2098755034861676,-13841.142585659101
80000.0,52000.0,-48000.0,135.0,376.41761181911005,59.23844133884265,1.690635215943583,2.584185591255549,0.22364863298747972,-18149.196236461197
80000.0,52000.0,-48000.0,135.0,304.8972316991488,489.80234751945505,1.565146966925369,14.282655089905386,0.04610114913611673,-3463.4435396240256
80000.0,52000.0,-48000.0,135.0,366.8750479397042,533.7844021549868,1.3025205811391964,2.220804761475282,0.6275467746023375,-39234.84429825912
80000.0,52000.0,-48000.0,135.0,378.8907628147615,443.3273554986681,1.8095221331061393,4.160852820953241,0.7061309374087515,-61332.45888538185
80000.0,52000.0,-48000.0,135.0,351.4367484779759,54.52779824882953,1.1195858649216714,14.765184258822662,0.07526577507452027,-4044.7918985187243
80000.0,52000.0,-48000.0,135.0,352.753164416411,368.9761475193277,1.6218106705742568,7.695840201696396,0.370506590757435,-28842.79403560787
80000.0,52000.0,-48000.0,135.0,360.0232968599627,547.2344535059437,0.9109423275368412,4.437657402317298,0.5553085659763564,-24280.995724399083
80000.0,52000.0,-48000.0,135.0,378.6622923892104,506.67683839141586,1.3572265460683024,8.629568888333749,0.7311119321396367,-47629.6570774657
80000.0,52000.0,-48000.0,135.0,305.65448963103984,507.76500814778694,0.6216692664398187,6.810642471942217,0.05007406503583941,-1494.2163493675228
80000.0,52000.0,-48000.0,135.0,319.8446478602274,267.42155203684763,0.574523971097846,5.896683903410193,0.064390600051726,-1775.709275668358
80000.0,52000.0,-48000.0,135.0,376.3480320143876,81.17802005172553,1.2317001127802274,4.876556988125921,0.2824122982044027,-16696.668458346532
80000.0,52000.0,-48000.0,135.0,300.46338203466127,251.29611205721565,1.4698864163656544,14.43996375519398,0.01798971704986154,-1269.2563548409485
80000.0,52000.0,-48000.0,135.0,346.2481879872522,54.59651688241365,0.5519107655072789,3.218052695061809,0.058750385296588936,-1556.398565898623
80000.0,52000.0,-48000.0,135.0,309.3669055483284,486.91066263108877,1.155756831029505,11.11670777580042,0.060695744242892,-3367.177009110824
80000.0,52000.0,-48000.0,135.0,348.07933934960147,273.6364636600188,1.4085592189903486,19.033086631062496,0.2559640694537501,-17305.94638844955
80000.0,52000.0,-48000.0,135.0,303.626456438879,101.69929770554624,1.7220538598784916,12.934554542657299,0.009125122235484215,-754.2696944389749
80000.0,52000.0,-48000.0,135.0,375.72235673423813,255.53215745718197,0.9001217331821092,11.257796073838499,0.5464907584099583,-23611.5940141429
80000.0,52000.0,-48000.0,135.0,312.0685664703045,139.18426282162704,1.1520613774404138,7.261730364742524,0.021530422546470834,-1190.609676276544
80000.0,52000.0,-48000.0,135.0,346.5512118921155,290.2726741687736,0.6009461142189293,18.125315896740858,0.252133615011683,-7272.898377851636
80000.0,52000.0,-48000.0,135.0,309.97965093974483,469.2432799646462,1.35133593456875,14.425100317185194,0.06086725963712561,-3948.1015289459465
80000.0,52000.0,-48000.0,135.0,300.0544353924154,262.72665243606286,1.9721371712834954,13.631535082441728,0.018276567158533336,-1730.1070779265328
80000.0,52000.0,-48000.0,135.0,360.8591968487181,372.6242521855186,1.37317921011898,17.191557577097157,0.4695573234190741,-30949.745014952954
80000.0,52000.0,-48000.0,135.0,341.72342078816087,233.8882590496703,0.6673171282573285,6.882512090813324,0.17390241241587218,-5570.306805618307
80000.0,52000.0,-48000.0,135.0,351.18205563492904,568.6165557905388,0.859580780552033,1.853890996408472,0.4558918735894579,-18810.042842273037
80000.0,52000.0,-48000.0,135.0,369.0620667701697,404.64217354423346,1.827059117578342,12.268804454371852,0.585584827143863,-51355.108682339145
80000.0,52000.0,-48000.0,135.0,351.9088027157575,432.003370905868,1.6762078083043073,9.648023205787611,0.3977413597454675,-32001.464298764404
80000.0,52000.0,-48000.0,135.0,329.3593726066828,225.88013674616843,0.6064138781900952,16.508175232661237,0.092781112522333,-2700.6602048380587
80000.0,52000.0,-48000.0,135.0,371.3692394637314,173.5886016640423,1.7181233566303769,17.29661643097984,0.4024452424256884,-33189.627397264776
80000.0,52000.0,-48000.0,135.0,328.2556748756362,128.90262702212362,1.8337251439260593,19.866410130097222,0.051910003839097794,-4569.056604530491
80000.0,52000.0,-48000.0,135.0,318.80959138627804,351.39269584812445,1.9687524150059597,12.92171048043509,0.07823021135974713,-7392.764041964584
80000.0,52000.0,-48000.0,135.0,321.5325187414677,516.6433307770017,1.882937844055481,7.802084470162425,0.1284143875991694,-11606.222886320877
80000.0,52000.0,-48000.0,135.0,374.09843790888885,393.23876669497014,0.9659163436562836,18.707080660267284,0.6330466388254523,-29350.564547432685
80000.0,52000.0,-48000.0,135.0,337.2478507435132,136.13662318352624,0.5660796413374769,17.682564766248216,0.08767994530954866,-2382.423935679307
80000.0,52000.0,-48000.0,135.0,359.6718456775669,126.85707625742498,1.8309141689997275,4.059729349738807,0.22155138943790315,-19470.795748004806
80000.0,52000.0,-48000.0,135.0,352.8712875692343,536.8802899821031,0.988446720435652,8.002419632075451,0.46280242218610307,-21957.86574813742
80000.0,52000.0,-48000.0,135.0,354.38375797800165,594.4485716756851,1.1530170465250684,7.225634756195708,0.5071095330108961,-28065.884928812644
80000.0,52000.0,-48000.0,135.0,317.4158830600175,398.2292450308424,1.9855862257891812,12.567207582529385,0.08108793727507166,-7728.340383889891
80000.0,52000.0,-48000.0,135.0,373.1049733411858,285.8308050256832,0.5153877043405364,16.716873902115108,0.5453190601317602,-13490.435449653449
80000.0,52000.0,-48000.0,135.0,370.83948396668376,290.1095681065293,1.337601569630976,5.571818766155807,0.5235387593389803,-33613.74078021474
80000.0,52000.0,-48000.0,135.0,355.907590192657,33.2224578790096,0.6814466031412005,8.016346423990823,0.058392377692475274,-1909.9817965380141
80000.0,52000.0,-48000.0,135.0,361.1462767838211,348.3190283056423,0.518457738428883,4.434607096330041,0.45621355201064734,-11353.317427970294
80000.0,52000.0,-48000.0,135.0,365.8244563423098,410.2044665863899,0.909537595544857,18.746808403507814,0.5521622763379314,-24106.192760206897
80000.0,52000.0,-48000.0,135.0,314.28868073438855,198.34624244242397,0.8057899916183158,5.99243076651908,0.03486679575051129,-1348.575122666977
80000.0,52000.0,-48000.0,135.0,320.4390319256358,55.43130995366657,1.7655992628568378,4.371220678811509,0.01457680371591085,-1235.3661069898085
80000.0,52000.0,-48000.0,135.0,366.7682810503685,411.0800186374804,1.1272804837344905,13.384914852778623,0.5635395857447326,-30492.824487449117
80000.0,52000.0,-48000.0,135.0,343.0420197669029,321.30579671243106,1.050127230198799,3.4046155503744195,0.2367979493371836,-11936.062783402182
80000.0,52000.0,-48000.0,135.0,308.00760288986766,441.26968707729594,1.7115229650958979,10.659433924676094,0.050839091539128446,-4176.589089303883
80000.0,52000.0,-48000.0,135.0,350.2413000174918,312.77050817182857,1.4487133099248861,9.960561827733818,0.3052403114155706,-21225.87368992101
80000.0,52000.0,-48000.0,135.0,345.08673918746456,501.32427735068285,1.7023672519049724,18.859333801660227,0.350367558239781,-28629.804349310947
80000.0,52000.0,-48000.0,135.0,323.7491274590681,228.73061239646765,1.799836902089871,15.885895358979958,0.06935262503120887,-5991.5238618226285
80000.0,52000.0,-48000.0,135.0,308.80422928129417,271.2143573408764,1.3166827655127364,12.921953223758328,0.03352788624523332,-2118.9883191921717
80000.0,52000.0,-48000.0,135.0,339.8298304612863,139.19300134485843,0.8998235899854299,12.627511243864046,0.10163511484175493,-4389.776347463489
80000.0,52000.0,-48000.0,135.0,373.2378653375227,435.2326187944556,0.6150351483504144,15.226013335225417,0.6475356465220203,-19116.34475620091
80000.0,52000.0,-48000.0,135.0,340.1881343381011,122.36613497648588,1.229114363231175,15.50303277190868,0.09206766091893392,-5431.760852378842
80000.0,52000.0,-48000.0,135.0,374.63772232551656,276.96631198819375,0.589588574315687,8.003671477542216,0.5544963520385073,-15692.386255758376
80000.0,52000.0,-48000.0,135.0,355.45577575066676,580.1170155384406,0.6652013318510749,9.893093710712972,0.5143118793426288,-16421.80546202621
80000.0,52000.0,-48000.0,135.0,366.32756531323014,568.2150213273571,1.344705978481137,1.5691658249807732,0.6361600290899652,-41061.51333062449
80000.0,52000.0,-48000.0,135.0,344.61621927811933,290.2034515148016,0.5061365415648675,3.1010842988742904,0.23346628431093727,-5671.959250230619
80000.0,52000.0,-48000.0,135.0,348.514952565111,544.1541490593896,0.5343109342159519,9.98409522968214,0.41164700386548686,-10557.47976972316
80000.0,52000.0,-48000.0,135.0,374.85646328184936,452.9592091628365,1.6618176231336625,4.1196748955351215,0.6727177625883222,-53660.843196687405
80000.0,52000.0,-48000.0,135.0,370.4107708075062,441.738768948578,1.3337693742898795,13.974618312826236,0.6213222336533194,-39777.62720698455
80000.0,52000.0,-48000.0,135.0,332.8669443816948,528.0613043409794,0.9525257791742352,18.3835624883646,0.2260366807626352,-10334.676742338574
80000.0,52000.0,-48000.0,135.0,353.1247561685317,56.42637567571184,0.5212522706973726,5.0528733591359565,0.08400137823651065,-2101.723639079521
80000.0,52000.0,-48000.0,135.0,315.319900755591,208.7245748952197,0.7589690714299984,7.777578111690397,0.03899121227785554,-1420.4699604697905
80000.0,52000.0,-48000.0,135.0,310.94954729693825,433.62858032446485,1.0176733706463448,5.874630522160128,0.05995920125714767,-2928.906357341953
80000.0,52000.0,-48000.0,135.0,304.7096015632832,272.5524398068748,0.9010982303357811,7.714071962442258,0.025868451814809013,-1118.8807752888397
80000.0,52000.0,-48000.0,135.0,351.31524730640774,229.35796988597082,0.604787744951049,16.35520136143192,0.25387283849196746,-7369.880711802187
80000.0,52000.0,-48000.0,135.0,363.3740914294291,261.68997274229923,1.4939703851246093,11.073228137208515,0.4120794304192471,-29550.454337537867
80000.0,52000.0,-48000.0,135.0,340.4169997598537,279.0154479936191,1.755498491299673,1.754606566299256,0.18968843459039342,-15983.892515540752
80000.0,52000.0,-48000.0,135.0,346.8363871070608,249.53858435838654,1.8826839287871349,6.32940303464079,0.22729773023460467,-20540.629620599226
80000.0,52000.0,-48000.0,135.0,359.4985615073784,383.4269270984969,1.7125321453272706,2.812182892629962,0.46034783258329404,-37841.30214387013
80000.0,52000.0,-48000.0,135.0,327.02225133189603,178.00129312288962,1.0352556377275404,11.802988520984645,0.06573865231536874,-3266.7029004526134
80000.0,52000.0,-48000.0,135.0,326.4429929034486,468.31613982261104,1.4586474668328862,8.327101650220346,0.15178694685903438,-10627.374985642962
80000.0,52000.0,-48000.0,135.0,359.59804565017146,522.9679294657424,0.9157366034192729,3.476548461489079,0.5389811910804883,-23691.11065089218
80000.0,52000.0,-48000.0,135.0,370.3793896194831,278.47875046588194,1.6063405976701972,7.177003817424563,0.5080884550040456,-39175.82939906524
80000.0,52000.0,-48000.0,135.0,363.76588233018316,347.5329952560306,0.6554827187959371,2.6574056195498916,0.4867185666743733,-15313.709249864629
80000.0,52000.0,-48000.0,135.0,314.77105616035965,305.1386204519074,1.4264938356578571,6.636476031094722,0.05419322722732184,-3710.7026195606472
80000.0,52000.0,-48000.0,135.0,303.7638398159239,224.91176484241026,1.045280168136021,18.18750690757335,0.020142942511734395,-1010.640880100157
80000.0,52000.0,-48000.0,135.0,304.2962561242033,472.55734973171207,1.3349103001122562,19.47353891107329,0.042857315888880476,-2746.1122759310974
80000.0,52000.0,-48000.0,135.0,357.7653608352331,519.8092445055147,0.9138304810458739,16.6785378042828,0.5152667784755841,-22601.59142598244
80000.0,52000.0,-48000.0,135.0,373.22277473128395,593.5464824798881,0.5997393053109459,13.365155416620361,0.7145898923902491,-20571.246990928874
80000.0,52000.0,-48000.0,135.0,307.7633778250872,242.578761068113,1.808741533409583,9.700503019476596,0.02815814024659605,-2444.6782928443313
80000.0,52000.0,-48000.0,135.0,340.56175202189604,78.2436726197322,1.7886212837659312,16.893835823209155,0.062055256982598235,-5327.680963614702
80000.0,52000.0,-48000.0,135.0,313.12064129503557,503.0075073654326,1.714866551963889,13.661966488199704,0.07839362789857648,-6452.861297777856
80000.0,52000.0,-48000.0,135.0,330.9804813017789,308.1588372033094,0.9895873918294015,11.37393770791852,0.13278921245326347,-6307.513459905853
80000.0,52000.0,-48000.0,135.0,340.1175677061548,430.1992818397632,1.654233734837508,17.848420021990883,0.262071459705741,-20809.317580000577
80000.0,52000.0,-48000.0,135.0,317.7525694924632,493.540987264081,1.5402441417951143,4.055309531350021,0.1004531624882432,-7426.674962270847
80000.0,52000.0,-48000.0,135.0,372.4049904873093,399.8292048999108,1.0498515404670363,15.14260408505914,0.6191409437219367,-31200.291529569116
80000.0,52000.0,-48000.0,135.0,305.38116552833714,328.4490684307363,1.0562984976344518,13.779931122706882,0.03239460629022778,-1642.481949879704
80000.0,52000.0,-48000.0,135.0,344.54530012946543,316.00251226727516,0.8396166991043561,9.220444140814754,0.24835428310116714,-10009.075362519874
80000.0,52000.0,-48000.0,135.0,338.50978125717563,513.6203626190556,1.3830057929912098,18.522294402528363,0.2798238416475159,-18575.903712747335
80000.0,52000.0,-48000.0,135.0,374.0367092941713,77.20328570411654,1.3734715199124672,13.131252478487477,0.2524807975137806,-16645.208866078276
80000.0,52000.0,-48000.0,135.0,323.4611295375879,75.88022518308895,0.7646541464819587,6.788323753496564,0.023723813001770542,-870.7445751439897
80000.0,52000.0,-48000.0,135.0,329.6864485125095,496.2056538607768,1.748131363283871,3.6737372460161333,0.18628762178176853,-15631.451242957113
80000.0,52000.0,-48000.0,135.0,316.7776861966765,260.1423748886772,1.502575647507357,19.717848628257986,0.052493093402042716,-3785.992502795448
80000.0,52000.0,-48000.0,135.0,320.1474563691695,132.96021707142364,1.3851016602050494,19.18180927573557,0.03368260045394359,-2239.38363882147
80000.0,52000.0,-48000.0,135.0,379.956704032492,341.59555232838784,1.1959789912838268,7.1723182674294375,0.659775911631541,-37875.75020478997
80000.0,52000.0,-48000.0,135.0,352.7202127447737,317.3322069973056,0.5513947953511128,10.180742837778382,0.33570726551120983,-8885.147470292892
80000.0,52000.0,-48000.0,135.0,370.9255446304552,473.56487501999294,1.6516417010923083,6.823849754876397,0.6429447055483806,-50971.885784650585
80000.0,52000.0,-48000.0,135.0,307.85523255145534,155.54664773164308,0.7927505040972753,18.51647279216949,0.018348765840131693,-698.2076817277087
80000.0,52000.0,-48000.0,135.0,339.94628176249455,235.08696655305596,1.823518748383401,19.321985253296457,0.1612727606467417,-14116.027326858348
80000.0,52000.0,-48000.0,135.0,331.49205223456846,244.87042899471106,1.2497861618962403,15.603482056397151,0.11132845795331868,-6678.564776414646
80000.0,52000.0,-48000.0,135.0,335.9415011663475,515.2644269227819,1.5807371212935168,9.691321045146259,0.25286431250845604,-19186.17626075909
80000.0,52000.0,-48000.0,135.0,375.5114754867177,597.1843672645708,1.9264647356733653,19.0314756337211,0.736145678700409,-68071.61713606433
80000.0,52000.0,-48000.0,135.0,372.62434605873545,481.50296227623136,0.5701976666862341,4.201445090278085,0.6641102673167905,-18176.357992627447
80000.0,52000.0,-48000.0,135.0,349.88398358418726,582.9930035069774,1.0243562943320976,14.64282174845377,0.4457152522363044,-21915.418757187694
80000.0,52000.0,-48000.0,135.0,376.73631251594804,212.2679806787674,1.276330960419132,8.380966837440686,0.5114495225061584,-31333.385292777195
80000.0,52000.0,-48000.0,135.0,337.877990055072,48.6302548575329,1.7820506212039264,11.565605384922929,0.03431937385196606,-2935.6253516268434
80000.0,52000.0,-48000.0,135.0,323.82090046179115,218.04376797714608,0.7760742099378322,10.44405925280468,0.06659288990577468,-2480.689172212854
80000.0,52000.0,-48000.0,135.0,378.62681858388135,495.06787868734875,0.6106877387061332,19.258009142921402,0.7262234202882534,-21287.79543990083
80000.0,52000.0,-48000.0,135.0,374.2751483521388,463.5082610533305,0.5766045806533144,13.205637169131885,0.6720805578081058,-18601.18695360905
80000.0,52000.0,-48000.0,135.0,344.59345562127316,255.83409129318804,1.6589715100056401,11.062543401413249,0.21146904805030922,-16839.414046246886
80000.0,52000.0,-48000.0,135.0,333.8815411562151,403.1058421357372,1.8326285946908085,14.151281517566392,0.19096654098616586,-16798.59569474121
80000.0,52000.0,-48000.0,135.0,366.50630793050493,433.8408124901693,1.4707116554397577,10.75052853594338,0.5737677812769719,-40504.654245112906
80000.0,52000.0,-48000.0,135.0,366.016073663317,165.8961644733535,1.2989207686417887,9.708317637341292,0.3347159222812473,-20868.93422621774
80000.0,52000.0,-48000.0,135.0,325.2797166291803,418.4563299629987,1.9222230719610838,1.3558971774648496,0.12991119812183005,-11986.478512122678
80000.0,52000.0,-48000.0,135.0,326.8711301566307,252.95285435434627,0.6965159870329662,3.3654644373594538,0.09017507541544005,-3014.802319620355
80000.0,52000.0,-48000.0,135.0,366.7947706980324,511.1502369013842,1.2065161700018752,2.620099512000883,0.6164830760341061,-35702.24638884694
80000.0,52000.0,-48000.0,135.0,370.51207170088435,246.1255957269634,0.8130604188708976,14.240201168704562,0.4787388465271452,-18683.69314018229
80000.0,52000.0,-48000.0,135.0,325.9016917934457,563.1215286884867,0.897314048498745,11.322425103275382,0.17248386896234644,-7429.065540447845
80000.0,52000.0,-48000.0,135.0,332.7403419483209,543.9970802195013,0.5747001148233366,6.512409797337945,0.23001173861890706,-6345.013084560056
80000.0,52000.0,-48000.0,135.0,356.4070190671972,438.1156120507146,1.2977118120831141,1.8832955998285104,0.45598395017811305,-28403.316396789865
80000.0,52000.0,-48000.0,135.0,312.6798217107704,370.82133285999794,1.8054045693049816,13.958980609818372,0.05746370285183426,-4979.771121498494
80000.0,52000.0,-48000.0,135.0,343.6991828883579,324.5005749274301,1.0986051774960037,3.1073591154378564,0.2449813259821961,-12918.612149466091
80000.0,52000.0,-48000.0,135.0,324.2875125446407,231.05881184315115,1.0668740632449154,11.42513609046269,0.07212638978713358,-3693.589177890517
80000.0,52000.0,-48000.0,135.0,314.4134233307006,422.449091055503,1.805560845033217,17.945701455645214,0.07197225419628296,-6237.613637068135
80000.0,52000.0,-48000.0,135.0,348.20179159966756,434.3314934539081,1.3032595781704026,13.625969576234736,0.35463530858529824,-22184.729408217907
80000.0,52000.0,-48000.0,135.0,329.9868634259065,446.9760518086632,1.8306345727543856,8.114424759932731,0.1734272701879113,-15239.133919891507
80000.0,52000.0,-48000.0,135.0,373.41347800394465,64.62784325533802,0.6130829897493197,1.8516313627061836,0.21566159006619584,-6346.485715770026
80000.0,52000.0,-48000.0,135.0,312.82317758992787,156.32222577235913,0.6085875922051721,13.168924230739059,0.025282006950545305,-738.543155335046
80000.0,52000.0,-48000.0,135.0,353.84863328714107,478.1663435557518,1.2386028466869705,4.3463183495734246,0.44622726241376554,-26529.521159761145
80000.0,52000.0,-48000.0,135.0,358.2801060615151,138.84857316981612,1.1168747161632042,18.052484837180657,0.225503921734338,-12089.262171874952
80000.0,52000.0,-48000.0,135.0,317.4925363134235,409.94522172065,1.6132820176646625,19.602263220900944,0.08363879161481803,-6476.782007586619
80000.0,52000.0,-48000.0,135.0,362.37828786368914,128.5269229795186,0.551382424251197,18.378633839340118,0.24718235102892866,-6542.01618923717
80000.0,52000.0,-48000.0,135.0,317.64807607141387,146.59456584994018,1.139595015697627,14.90671998121176,0.03190369167683228,-1745.149824829053
80000.0,52000.0,-48000.0,135.0,314.69931728620196,318.3633466239612,1.9478475526301962,12.44110560626853,0.056168860155303646,-5251.6020858017255
80000.0,52000.0,-48000.0,135.0,345.6655975148635,572.7292664204165,0.5534947590073254,13.323433940259966,0.3884309570895564,-10319.7359512929
80000.0,52000.0,-48000.0,135.0,365.48353173001806,324.21283617553587,1.5504557643697696,2.1002604936721823,0.4895533521382465,-36433.47920588582
80000.0,52000.0,-48000.0,135.0,346.6381044703398,236.3428817326271,0.8673382338035696,19.107510001417857,0.21614439205192335,-8998.574171945353
80000.0,52000.0,-48000.0,135.0,353.10211620456084,519.7793265858568,1.387659193761848,10.547539804379952,0.4576393774589641,-30482.27949880225
80000.0,52000.0,-48000.0,135.0,362.0396645762791,202.21876199637256,1.58228779310789,1.8452662639870785,0.3370142472632575,-25596.16941830863
80000.0,52000.0,-48000.0,135.0,345.66898989381576,483.2803299537223,1.6108738992607092,14.710312976513947,0.348974243759916,-26983.368037780467
80000.0,52000.0,-48000.0,135.0,310.16668912349525,246.62489985430685,0.5895240882471594,1.762721141932129,0.0333316884854318,-943.1919966774011
80000.0,52000.0,-48000.0,135.0,342.96134193233723,333.9572335753597,1.0415454371832658,14.145941654269123,0.2430582969792808,-12151.500489038643
80000.0,52000.0,-48000.0,135.0,364.7775667805138,138.04820067323922,0.7283875228980679,11.313192244482064,0.28318665843270546,-9900.94217537182
80000.0,52000.0,-48000.0,135.0,321.09188732554463,494.23415817742915,0.6327733619162702,4.6239544161768835,0.12067123611737052,-3665.1621006998685
80000.0,52000.0,-48000.0,135.0,367.52958043213096,545.4465940029146,1.7976730028233878,7.367666098068837,0.6396119944864944,-55191.034308978844
80000.0,52000.0,-48000.0,135.0,373.8419861108548,232.2303776293434,1.496345276716466,18.22422610820742,0.5017883077279879,-36040.73108065551
80000.0,52000.0,-48000.0,135.0,303.72795619968804,188.15370949973297,0.6728320422559813,9.544708604420213,0.016866189362631095,-544.7094064288889
80000.0,52000.0,-48000.0,135.0,368.5968007843165,317.3250105899255,1.8829812249409477,19.322779267478904,0.520307446051785,-47026.99930139934
80000.0,52000.0,-48000.0,135.0,329.9652736696981,539.865932041931,1.1225803672427062,11.374681665673657,0.20198178065397285,-10883.557512137882
80000.0,52000.0,-48000.0,135.0,356.5648720202162,474.27573867089467,0.7204177175580462,3.287684255962473,0.4776533574851061,-16517.277196001167
80000.0,52000.0,-48000.0,135.0,366.81128359899196,372.0153117512901,1.1298521754978177,17.946548476150596,0.5393400705303315,-29249.97849704839
80000.0,52000.0,-48000.0,135.0,342.96031138972063,211.76521485969994,1.931646332485478,4.211155416843979,0.16916249442010253,-15684.581373152938
80000.0,52000.0,-48000.0,135.0,300.80621323381075,94.43122628226415,1.1286172283569096,9.5448494914144,0.0069998838562666905,-379.2090968006395
80000.0,52000.0,-48000.0,135.0,377.78604930366816,186.44231266375485,1.9709163915788344,11.520918749959357,0.4905534163817009,-46408.30892600119
80000.0,52000.0,-48000.0,135.0,365.00709866054603,545.6594309389632,1.1770200144447105,8.424452167225255,0.612175262597752,-34586.041748424024
80000.0,52000.0,-48000.0,135.0,379.6676100059201,228.00207417892324,1.657498597261224,5.204511962201334,0.5610658565614172,-44638.36177064237
80000.0,52000.0,-48000.0,135.0,345.94378449937994,229.0338866647863,1.2421322345709274,11.523483417481165,0.20490659002906067,-12217.011866453091
80000.0,52000.0,-48000.0,135.0,300.4598836145466,599.6600528470394,1.899900023979521,8.718237146988631,0.04187405184616566,-3818.7125811191922
80000.0,52000.0,-48000.0,135.0,333.88439012092283,57.48889006515519,1.4677481971631798,7.902823100206137,0.0325719474411684,-2294.756022473701
80000.0,52000.0,-48000.0,135.0,366.835108825201,190.51831050799845,1.8058417995701164,12.60175349564011,0.3751013864931112,-32513.94061468635
80000.0,52000.0,-48000.0,135.0,310.20647137481063,279.02215848199694,1.6438145063243499,3.8730081193231687,0.03763938776428286,-2969.8642375725794
80000.0,52000.0,-48000.0,135.0,302.62667865842405,322.9809791642146,1.4768158635826856,15.891778431489548,0.026596026336341172,-1885.3168128850336
80000.0,52000.0,-48000.0,135.0,335.36152495411363,543.5297767123853,1.6476508644986487,7.1838475943329145,0.25689167332464097,-20316.85380652076
80000.0,52000.0,-48000.0,135.0,366.51384837275293,293.09828439378094,1.7453481456559397,14.598225392587924,0.47637307159425957,-39908.96914307832
80000.0,52000.0,-48000.0,135.0,314.4420138067756,295.67462526528965,0.8833460268041253,13.460962008054654,0.05157422242909746,-2186.7784544762617
80000.0,52000.0,-48000.0,135.0,339.84606260859204,77.96413330657626,1.0446141236155766,15.912868871662093,0.059640872932324326,-2990.481514073661
80000.0,52000.0,-48000.0,135.0,359.86019909271,573.30624072731,1.103607658841519,13.059729503668864,0.5648359705437013,-29921.15054789814
80000.0,52000.0,-48000.0,135.0,350.4042089938251,473.6940617290746,1.2333911584165849,6.747762325682969,0.4015352438713019,-23772.000940008526
80000.0,52000.0,-48000.0,135.0,352.9618733343523,519.0321170063581,1.5764852714940645,19.1291777484016,0.45553622248097986,-34471.01497791879
80000.0,52000.0,-48000.0,135.0,319.8433229871012,289.1368308250608,0.9511592088195346,14.564519076510102,0.06925192880031857,-3161.741270733012
80000.0,52000.0,-48000.0,135.0,303.7542855481159,148.55156583824615,0.7070897847799773,2.686016477951492,0.013387229716932675,-454.36672220861
80000.0,52000.0,-48000.0,135.0,354.10885855082546,466.98704176655554,1.0072758076970063,4.122389817258959,0.4435926995856308,-21447.369348653363
80000.0,52000.0,-48000.0,135.0,370.8732774375145,230.22943266828526,0.6026982640273593,13.650826293824764,0.46619643173951214,-13486.837445047358
80000.0,52000.0,-48000.0,135.0,322.01871332953846,479.3927862434606,0.8952898079516067,5.836384365085657,0.12341136920237801,-5303.4691695476085
80000.0,52000.0,-48000.0,135.0,318.3801328260241,212.18570907521197,1.2745527666870866,19.479089814852603,0.04753690523777557,-2908.238116346338
80000.0,52000.0,-48000.0,135.0,342.4028606414479,254.9994662032175,0.7994736316430304,5.822008561161404,0.19224599586699337,-7377.389015261578
80000.0,52000.0,-48000.0,135.0,350.97888581677046,277.2589907057527,1.914751991718479,11.380659665995001,0.2879305534778625,-26463.148835920383
80000.0,52000.0,-48000.0,135.0,346.6093726908209,503.57969356296655,0.6449038234765138,1.3877970040401766,0.36974393138902767,-11445.565202881044
80000.0,52000.0,-48000.0,135.0,309.00938670728914,443.71100824536614,0.7400205662155082,5.977672569429553,0.05439442134316494,-1932.1435431040245
80000.0,52000.0,-48000.0,135.0,369.54536561211023,50.929488352863544,1.669645204492173,11.345673298287895,0.15385832095591323,-12330.66277225239
80000.0,52000.0,-48000.0,135.0,371.1280429684981,210.37328593783724,1.5650188133636505,12.489876529864974,0.44669410024443257,-33556.0641936521
80000.0,52000.0,-48000.0,135.0,374.99404423537396,380.8314330988231,1.6845082440823143,13.40654675175208,0.6348728957223446,-51333.534085857646
80000.0,52000.0,-48000.0,135.0,352.6801994846626,585.0812517834931,1.4538157273661674,17.08655707621332,0.48183458796346457,-33623.93769457352
80000.0,52000.0,-48000.0,135.0,336.2523510752204,249.11597316342875,1.0200441167981535,13.851783300091002,0.1427121472632631,-6987.488938153115
80000.0,52000.0,-48000.0,135.0,346.67838472625635,503.6502766384805,0.8086354205440391,6.009551211351861,0.3706140979768793,-14385.200974900006
80000.0,52000.0,-48000.0,135.0,305.4668510022054,83.72053880948934,0.7376610402415794,9.399155235071364,0.00850984903866729,-301.3144365197817
80000.0,52000.0,-48000.0,135.0,304.95853704723,145.73418452959106,1.8446821313946165,12.196764812164686,0.014233606307060078,-1260.3110025570932
80000.0,52000.0,-48000.0,135.0,310.01842661296536,294.2621290705882,1.259154136741586,16.067855245466824,0.03915111925556931,-2366.2701008982363
80000.0,52000.0,-48000.0,135.0,314.7455604920277,214.86120412382493,1.1598806240325366,11.18279102075691,0.03872162492767104,-2155.7981992637237
80000.0,52000.0,-48000.0,135.0,304.70147918917826,196.67966200810346,1.008112900517769,1.1415414921856066,0.018792537331113735,-909.359967213961
80000.0,52000.0,-48000.0,135.0,304.9061261270514,243.02171291907683,1.6726494601900308,13.784312774997423,0.023431296768256542,-1881.2326027668826
80000.0,52000.0,-48000.0,135.0,374.9915012979794,527.3445918226071,0.7994365923987491,19.201533653122116,0.7065244650121894,-27111.432516273304
80000.0,52000.0,-48000.0,135.0,360.9311873673372,331.1268156197783,1.9480303441088984,18.498376425941185,0.44114077413384656,-41249.0694737483
80000.0,52000.0,-48000.0,135.0,334.8444704702471,381.05681065180386,1.3439118067306581,19.197377905018072,0.19059909879395556,-12295.122202628161
80000.0,52000.0,-48000.0,135.0,366.72868482238397,51.60671184360791,1.9365460094168687,10.174968339305975,0.13926147478805098,-12944.940156782784
80000.0,52000.0,-48000.0,135.0,317.1186438199468,442.2685029969397,1.5353504592285845,14.858650773214428,0.08776489782521882,-6467.994056644777
80000.0,52000.0,-48000.0,135.0,325.6749099441885,527.0988782077193,1.5794378085363923,1.275024916852665,0.16143412007031852,-12238.807335689504
80000.0,52000.0,-48000.0,135.0,309.5674048188551,194.22380445523868,1.016292459401925,7.134315960759203,0.025450466900936344,-1241.5256447846343
80000.0,52000.0,-48000.0,135.0,311.0611541587083,283.9190576729879,0.9334517341502677,13.781817113811222,0.040366886346613444,-1808.665922999668
80000.0,52000.0,-48000.0,135.0,344.0520392003407,434.5554712708078,1.0463206414609403,6.621025832193724,0.30685563707939506,-15411.330577191271
80000.0,52000.0,-48000.0,135.0,373.6042844255014,356.01855963524406,0.9630405887994966,5.95525360648627,0.6043830472571752,-27938.17947316723
80000.0,52000.0,-48000.0,135.0,311.5468811875362,409.83872579912696,0.905161757601108,16.13525186569788,0.05896045386203691,-2561.6999062425775
80000.0,52000.0,-48000.0,135.0,308.28763990937784,465.1092582203652,1.239260114617335,13.6768922863284,0.05437965271396008,-3234.745663447346
80000.0,52000.0,-48000.0,135.0,369.96109674477736,527.523293651643,0.692428319113336,18.97863156147554,0.6574869264327933,-21852.603230824927
80000.0,52000.0,-48000.0,135.0,321.4640487013192,541.1201059947236,0.8111820074631564,8.373329222854602,0.13320579084850304,-5186.59875965789
80000.0,52000.0,-48000.0,135.0,320.62388005259413,75.75566235707072,1.6145943193118077,13.986948089296945,0.020035352748767474,-1552.7504032112727
80000.0,52000.0,-48000.0,135.0,339.4314683204742,455.7461869376481,1.5553212091276967,7.773687366415325,0.26605855285749525,-19862.712486196066
80000.0,52000.0,-48000.0,135.0,321.72474116577314,380.41331022531534,1.585555410989709,17.63872728539786,0.0988984938973343,-7526.834022607252
80000.0,52000.0,-48000.0,135.0,300.4306579871299,471.5757153958873,1.7234887428064996,3.581344918819999,0.033162165755615786,-2743.421729610576
80000.0,52000.0,-48000.0,135.0,325.28037281327323,101.47572381881461,0.8239238017071179,19.43192682704299,0.03494336087138381,-1381.9520032115663
80000.0,52000.0,-48000.0,135.0,306.8480404545847,88.03792380798913,0.6860023203235326,8.143216276282075,0.009799870198468926,-322.6912173609178
80000.0,52000.0,-48000.0,135.0,315.9489269615482,584.8489447770157,1.318280455603856,6.600773260856698,0.10575841181045512,-6692.123870660496
80000.0,52000.0,-48000.0,135.0,340.3376558931868,116.18743905028137,0.9217301634903821,2.249375318226753,0.08847639549950634,-3914.465399462385
80000.0,52000.0,-48000.0,135.0,326.03511395737155,535.3944038783604,1.295399275150499,2.3545216570735374,0.16648270254825095,-10351.75546589282
80000.0,52000.0,-48000.0,135.0,363.40134172273815,248.96242507178036,0.9348377501743597,9.033855595390083,0.40036523064356305,-17965.27351021762
80000.0,52000.0,-48000.0,135.0,303.2583779424815,515.4320404342737,1.783280825849191,17.993332721059748,0.0435393597369458,-3726.859458654995
80000.0,52000.0,-48000.0,135.0,338.2093632916557,370.59667487328943,1.4611960947416696,18.466354660237567,0.2161715854619407,-15161.715670612937
80000.0,52000.0,-48000.0,135.0,311.59053963770583,597.2446930615101,1.6924571943290063,6.887606695394277,0.08388138347733433,-6814.351244951266
80000.0,52000.0,-48000.0,135.0,377.4234173224412,521.6555685462729,0.5336242575642558,9.405224402520348,0.726152360636784,-18599.64068752011
80000.0,52000.0,-48000.0,135.0,371.9533628116658,184.34723938068748,1.7439956255149092,11.57796783799736,0.4234308103671354,-35446.15108744883
80000.0,52000.0,-48000.0,135.0,374.0409921588847,72.89673171224445,1.6570713211579826,9.493333101423843,0.2418375344177673,-19235.61804783546
80000.0,52000.0,-48000.0,135.0,317.1408844473153,80.7785504739166,0.6114540929922074,11.93277857202086,0.017292159306446335,-507.52135606079537
80000.0,52000.0,-48000.0,135.0,352.3136793023478,530.9803632775947,1.5895746276315403,18.64110762037394,0.45309614787325575,-34571.04674577196
80000.0,52000.0,-48000.0,135.0,333.2926716590072,498.5641184900293,0.5636435226326753,14.172760461920502,0.22023345612380407,-5958.3917285371035
80000.0,52000.0,-48000.0,135.0,325.3047523834865,544.5673480442629,1.4356160429522435,5.31789324664248,0.162894786813631,-11225.009724620844
80000.0,52000.0,-48000.0,135.0,333.33508253656186,480.2755020442099,1.6071079178432768,6.344779956210203,0.2142843454569416,-16530.147276178315
80000.0,52000.0,-48000.0,135.0,334.90655833492025,421.6364200055251,1.1420910545505036,12.887771646103772,0.20726935302344804,-11362.582750586418
80000.0,52000.0,-48000.0,135.0,332.5537260604607,485.03078290811317,0.6995999058443136,2.3166018616388717,0.20857695998690895,-7004.180235270464
80000.0,52000.0,-48000.0,135.0,320.2264294712505,261.85291763041874,0.5881988631457059,14.681206706371267,0.06452751739530456,-1821.8405939295792
80000.0,52000.0,-48000.0,135.0,367.5067874597126,483.83692649361035,0.5233776015717989,17.344696316324775,0.6112971644887365,-15357.083702292304
80000.0,52000.0,-48000.0,135.0,304.6477047361951,452.66350739831023,0.8254049737236635,13.856247874271196,0.042072628031826965,-1666.8939088845889
80000.0,52000.0,-48000.0,135.0,371.1943859650522,150.18471718565948,0.5051258390934393,8.130972955103399,0.3663186935450676,-8881.777797723107
80000.0,52000.0,-48000.0,135.0,360.17409750475764,137.8197843026175,1.6156518839499598,14.308752602085297,0.2405779663920239,-18657.13174262993
80000.0,52000.0,-48000.0,135.0,359.80865346034193,499.7611390951931,1.4196455153496021,15.921088472435981,0.5302212869327546,-36130.86106257503
80000.0,52000.0,-48000.0,135.0,302.8816066096234,386.4969657543297,1.4554094873565255,13.071822639521065,0.03219836318346465,-2249.3665562191445
80000.0,52000.0,-48000.0,135.0,366.0929914705995,504.6732059823745,1.5802998191022914,16.586977585986133,0.6056843758007369,-45943.81965652746
80000.0,52000.0,-48000.0,135.0,325.61411405538513,68.31064454731217,0.7837738496221884,13.411446922953422,0.024256755798274326,-912.5669218252228
80000.0,52000.0,-48000.0,135.0,363.7549219410676,564.8371816863743,1.7224663170102295,6.708468980930396,0.6063563046680501,-50132.55892308043
80000.0,52000.0,-48000.0,135.0,360.8438560058492,205.74730603805259,1.9632210697245385,17.790354620696384,0.3281464966983655,-30922.75758117719
80000.0,52000.0,-48000.0,135.0,333.8573066955723,381.0902239971661,1.0878349083296384,7.991285986177038,0.18223695281214125,-9515.698505120079
80000.0,52000.0,-48000.0,135.0,353.88290234772126,83.06732306108275,1.3398215110207732,15.627043540890655,0.12297853823969872,-7908.925964517076
80000.0,52000.0,-48000.0,135.0,302.4066031484818,580.1775805917437,0.5186909403091529,7.059771819373709,0.04611797501930522,-1148.2068397400374
80000.0,52000.0,-48000.0,135.0,329.61177541606065,345.7546679539493,0.6030257029417833,18.852273135907293,0.13706619566356668,-3967.4130714997586
80000.0,52000.0,-48000.0,135.0,329.3799900090796,518.2616494404228,0.770573322076537,9.848005603408646,0.19023618243466345,-7036.364499736163
80000.0,52000.0,-48000.0,135.0,312.71481251427286,66.05468410737475,1.6250172231731435,13.81007760207075,0.010767253928365502,-839.8547078338862
80000.0,52000.0,-48000.0,135.0,322.8217261102578,106.86290911741997,1.1997755093120195,12.623277081198244,0.03188626622148208,-1836.3053422049907
80000.0,52000.0,-48000.0,135.0,352.23680220329703,41.116758245582965,0.7353176034147118,9.316504831878067,0.06006674452896947,-2120.070462334348
80000.0,52000.0,-48000.0,135.0,369.27553074627366,360.7638757362555,0.7901026328234038,10.655102518400216,0.5599008537383687,-21234.19865562032
80000.0,52000.0,-48000.0,135.0,337.56710577373116,590.5741650215982,0.9471433973226575,15.066641541792146,0.2978992183809695,-13543.357332341555
80000.0,52000.0,-48000.0,135.0,333.65817254621254,517.0205990312172,0.7869907181623339,4.0732576161006016,0.23016156100646162,-8694.480585112275
80000.0,52000.0,-48000.0,135.0,321.6429649401257,487.98708316320415,1.0978751013909003,3.8757822543984326,0.1228799554439012,-6475.5284900103525
80000.0,52000.0,-48000.0,135.0,317.1780321554654,185.5972095972581,0.6345231828541671,15.09684386443897,0.038944987166802086,-1186.1518662381097
80000.0,52000.0,-48000.0,135.0,362.37714220219414,168.81628611280934,1.4934081321294557,15.163828564853137,0.3013076644833881,-21598.815187796416
80000.0,52000.0,-48000.0,135.0,310.72686441643685,484.0591563990102,1.4658083266153445,14.446910488789907,0.06558001148532012,-4614.130890946184
80000.0,52000.0,-48000.0,135.0,365.94110793741214,342.0556320149933,0.6785967982768362,13.9881117256731,0.5082939241807723,-16556.478217566768
80000.0,52000.0,-48000.0,135.0,311.3343634637102,60.66974221461379,1.7324542644628258,2.763367161915458,0.009065786353943424,-753.8908910207125
80000.0,52000.0,-48000.0,135.0,305.93675609003867,584.9442516352404,1.1899765096240351,13.398392694718293,0.05827700754509318,-3328.71696143249
80000.0,52000.0,-48000.0,135.0,336.6163335168177,167.893715704088,0.5202228582499331,6.601913013152144,0.10271469559920593,-2564.857561386755
80000.0,52000.0,-48000.0,135.0,343.23494712933365,414.5572586909126,1.4819940030920966,6.383002361305104,0.2879729090723403,-20485.15796631331
80000.0,52000.0,-48000.0,135.0,359.3902074025014,269.9778269445742,0.5307247425075796,10.080607176447376,0.3740228391535774,-9528.15240008334
80000.0,52000.0,-48000.0,135.0,347.437645599498,269.958424875379,0.9099351145562737,4.0903216333416506,0.24716841823488786,-10795.546702140273
80000.0,52000.0,-48000.0,135.0,320.74862945226613,436.1993856192296,1.267412165167067,11.663861947331897,0.10603997865925217,-6451.025229446033
80000.0,52000.0,-48000.0,135.0,348.01376570713126,551.2357288362397,1.7844572124912164,11.967671861853724,0.40852269238308625,-34991.58071468778
80000.0,52000.0,-48000.0,135.0,314.6006368524752,583.7911973081976,1.500299196838243,1.2885691416720668,0.09783908697436773,-7045.819373137484
80000.0,52000.0,-48000.0,135.0,377.06593826985545,92.00217961933447,1.4844918478674085,13.261474785828359,0.315243469124566,-22462.86528042525
80000.0,52000.0,-48000.0,135.0,351.463491655088,181.8198661419731,1.7341427631260848,7.273125901448942,0.21369065573745072,-17787.36500134885
80000.0,52000.0,-48000.0,135.0,350.7223677706102,575.8351754147034,1.0184322894209998,2.5851502692333583,0.45323201450568634,-22156.13367225206
80000.0,52000.0,-48000.0,135.0,310.4716816155337,461.7136480591129,1.2797782418274868,12.259591805704604,0.061776716757857335,-3794.903901995774
80000.0,52000.0,-48000.0,135.0,352.59584574582595,395.186280340714,1.4516288502417445,14.50513290430622,0.3847748845885183,-26810.415519222275
80000.0,52000.0,-48000.0,135.0,321.67130412552376,266.58528349229243,1.5664989605261974,10.009825960456672,0.07120549363024696,-5354.079924265759
80000.0,52000.0,-48000.0,135.0,300.17458525378635,527.0949758254144,1.479344486705166,1.678488926006397,0.03629588707585861,-2577.317780915747
80000.0,52000.0,-48000.0,135.0,358.3901427963237,317.06209479398956,0.5425880472265893,9.40327936493346,0.40063943563402427,-10434.344113086145
80000.0,52000.0,-48000.0,135.0,321.36746482572306,170.22976817151545,1.1322068635553244,3.89830737246399,0.045858740083332454,-2492.2358532647363
80000.0,52000.0,-48000.0,135.0,363.2267619736192,464.9425796295556,1.1959855840277245,15.484345942327556,0.5529003169606866,-31740.518807488355
80000.0,52000.0,-48000.0,135.0,346.76685810991444,289.61282957566607,1.0936135261910014,17.823417786631783,0.25382456597333564,-13324.126974144003
80000.0,52000.0,-48000.0,135.0,374.8327487079368,224.16784577509657,1.2686042980075156,14.672314335306213,0.5040100016645165,-30690.684208818275
80000.0,52000.0,-48000.0,135.0,344.9204362330996,128.17506095727933,1.1483475441871653,16.70826867485154,0.12025487325381633,-6628.530642122822
80000.0,52000.0,-48000.0,135.0,356.8859728837829,160.90764702147942,1.1147797363029752,17.88817575111531,0.2396458165965162,-12823.310411115623
80000.0,52000.0,-48000.0,135.0,331.62735754549675,112.36041065305008,1.2204122839272928,8.189675231072167,0.05475568561090093,-3207.5765440514115
80000.0,52000.0,-48000.0,135.0,345.58932974168476,83.17274117795185,0.9629040052147406,4.446760370686592,0.08413864297831296,-3888.836943223232
80000.0,52000.0,-48000.0,135.0,339.6171305552479,480.2650678398621,1.9415425652855158,8.635255418717588,0.2784350982771768,-25948.492558780534
80000.0,52000.0,-48000.0,135.0,337.0735478196261,410.77907328751155,0.5810782551101783,19.549034141129084,0.22313472335378004,-6223.6193136435295
80000.0,52000.0,-48000.0,135.0,348.5692037125269,345.92995232851445,1.2082529343288217,17.853537750886787,0.3084524879207476,-17889.053934300897
80000.0,52000.0,-48000.0,135.0,306.5717947482284,125.33406632639618,1.0009824807840362,8.122356951390199,0.013644373906144777,-655.5734035832529
80000.0,52000.0,-48000.0,135.0,338.29984611690423,384.9631180519248,1.8548635674358316,5.097765259647653,0.22354286154963104,-19902.792463140617
80000.0,52000.0,-48000.0,135.0,330.09227304804034,59.38312128601831,0.7960646057102826,7.993340459890472,0.027279216034660932,-1042.3688811224629
80000.0,52000.0,-48000.0,135.0,308.03799435486235,471.35637457066355,1.698494836129357,7.221583959992012,0.05422046399590088,-4420.472549259617
80000.0,52000.0,-48000.0,135.0,345.17475317038884,427.0583415963949,1.149003585184929,1.2337881911226676,0.31580132652637893,-17417.129106478358
80000.0,52000.0,-48000.0,135.0,368.7738256642831,147.35196743345207,1.9714415827655336,7.2854495824032774,0.3367787412875309,-31869.101508752356
80000.0,52000.0,-48000.0,135.0,327.4294336701687,293.1125775504149,0.9510806328162666,10.582277245746328,0.10607086703142456,-4842.333472301632
80000.0,52000.0,-48000.0,135.0,371.8099112578869,557.2397407029747,1.5197546051615693,16.7676028109284,0.6880420413714562,-50191.442924113806
80000.0,52000.0,-48000.0,135.0,311.73247696114197,557.5816412591494,1.5364532833663758,9.680488636793374,0.07941510805868875,-5856.844969232057
80000.0,52000.0,-48000.0,135.0,322.35024111047545,90.91245489684357,1.3370159739293948,8.755818636119512,0.026515251945476,-1701.6631393854657
80000.0,52000.0,-48000.0,135.0,375.40335752606273,584.7624992185702,1.825144509408425,7.034411079022744,0.731100609352994,-64049.48462331701
80000.0,52000.0,-48000.0,135.0,323.43361854668797,166.85285983059956,1.3211883685656276,6.934384409627436,0.050644403599096104,-3211.718254467311
80000.0,52000.0,-48000.0,135.0,371.2115621685238,321.4571127136824,1.274150280489285,19.256841678810282,0.5532313437953751,-33835.19384987238
80000.0,52000.0,-48000.0,135.0,349.33522949637944,330.24922094127635,1.0087911183626592,5.897982052915467,0.3069523295418787,-14863.237622523615
80000.0,52000.0,-48000.0,135.0,319.1101645652388,78.81308635395695,1.604755358103432,1.5954964457325298,0.019021395420734135,-1465.184938561305
80000.0,52000.0,-48000.0,135.0,346.47490904316305,333.49814203096435,1.223468082630856,13.333300336362681,0.2783977534846833,-16349.316751902874
80000.0,52000.0,-48000.0,135.0,338.02559965371285,370.1167195972241,0.6373530744163307,2.809564919971713,0.21425471605795543,-6554.6832954113215
80000.0,52000.0,-48000.0,135.0,376.7032833283208,314.47490420203695,0.5772559246787403,18.07416815530718,0.6076405678061022,-16836.677656378866
80000.0,52000.0,-48000.0,135.0,353.9168579724134,152.63154322918166,1.2276508416551581,17.821226632917686,0.20514371771767276,-12088.55317038572
80000.0,52000.0,-48000.0,135.0,354.5346314756692,494.0166731453625,0.6419645531465668,11.169705970231309,0.4627903453285349,-14260.559867490154
80000.0,52000.0,-48000.0,135.0,324.7417532557368,401.3589194763964,1.1291012362270298,18.591549338284224,0.12181929360743077,-6602.2231204057725
80000.0,52000.0,-48000.0,135.0,337.6285367214362,196.29064796745996,1.3515732034806236,6.0099477073845735,0.12396038077691798,-8041.993389664173
80000.0,52000.0,-48000.0,135.0,371.28312594769835,584.9893077393285,0.557133505600031,8.616813480985924,0.6933254352492823,-18541.1918525808
80000.0,52000.0,-48000.0,135.0,361.3757824109592,164.20660269776695,1.7752825256167082,1.4253327365087238,0.28565317031285964,-24341.523918884788
80000.0,52000.0,-48000.0,135.0,344.87726428246157,177.04131832789756,0.8476062739618506,16.722675033831834,0.1585171853668201,-6449.287720689138
80000.0,52000.0,-48000.0,135.0,342.0679247253974,496.40030937182513,1.0982170307629988,9.866803745270188,0.31276026274731494,-16486.975060560555
80000.0,52000.0,-48000.0,135.0,326.8138237575472,124.14207602277207,1.0148838572845433,2.124841531887961,0.04623718051036039,-2252.4176691031807
80000.0,52000.0,-48000.0,135.0,353.5757893656434,551.2012020480571,0.6170185546013081,5.504544421238434,0.4781577702102175,-14161.546379831654
80000.0,52000.0,-48000.0,135.0,301.88508187870946,434.08504315293095,0.6596522940784636,9.83578853565932,0.03372656891233404,-1067.894810611994
80000.0,52000.0,-48000.0,135.0,379.1834785271095,389.71505188657665,0.6395747947840126,16.51046917852392,0.6814659463912736,-20920.7252551436
80000.0,52000.0,-48000.0,135.0,308.2737278783303,47.34262176862681,1.4731180204780183,8.215075927402676,0.005814158792132466,-411.1172203493302
80000.0,52000.0,-48000.0,135.0,326.7095858489473,231.36412422847127,1.3238060547177908,19.238496751288956,0.08240041090812197,-5235.943817827477
80000.0,52000.0,-48000.0,135.0,361.9277620065532,106.29575178139808,1.389071962913588,18.331624854776393,0.20997195528164864,-13999.97549183442
80000.0,52000.0,-48000.0,135.0,331.76928825927115,58.91005430290451,1.521408442226808,13.345611181040695,0.029707622708121984,-2169.4765433580296
80000.0,52000.0,-48000.0,135.0,335.8742322941366,502.5628320228146,1.0361009478337526,2.8818081960345117,0.2474829222204755,-12308.029933694474
80000.0,52000.0,-48000.0,135.0,307.67033871997376,73.92426965929096,1.7888791399743076,9.87858673905166,0.008699196532490402,-746.9669381524277
80000.0,52000.0,-48000.0,135.0,311.80243929115136,190.66546005870504,1.6985934834137875,3.934932467374265,0.02877902342391509,-2346.425359049996
80000.0,52000.0,-48000.0,135.0,303.79221679853856,299.89372553509423,1.6402267914906894,5.733595457793122,0.026729104501198673,-2104.406079140181
80000.0,52000.0,-48000.0,135.0,328.6290955608424,376.8727679015592,1.586335904595105,7.400270314466192,0.14058534555002442,-10704.747902683845
80000.0,52000.0,-48000.0,135.0,366.6473488495594,448.4824716667499,0.8784938611361595,6.892999250572521,0.5834608661786628,-24603.205879254794
80000.0,52000.0,-48000.0,135.0,369.2892048567372,518.8022638871787,1.0122644756759223,5.569835942472663,0.6467276556049967,-31423.652697893296
80000.0,52000.0,-48000.0,135.0,317.79121890872466,306.26670455053585,0.9074847342437056,16.35098806072778,0.06495164003087625,-2829.245846021403
80000.0,52000.0,-48000.0,135.0,354.6524919802187,346.5839852067241,0.5636973192788102,12.473216664297999,0.37808234762798737,-10229.952279577714
80000.0,52000.0,-48000.0,135.0,339.87721427836203,598.7303242297086,1.0604260987658267,15.944877945196717,0.32790593947988866,-16690.56077591048
80000.0,52000.0,-48000.0,135.0,366.37713881610904,96.2023088926902,1.9285423864555895,4.879574232923737,0.2288174921861324,-21181.643157284496
80000.0,52000.0,-48000.0,135.0,372.83992216485007,375.9807027186631,1.9989687682704664,7.47200711398676,0.6092107402996746,-58454.075671391016
80000.0,52000.0,-48000.0,135.0,367.5295745701888,374.2361368385797,0.9325102918326598,17.797845956831637,0.5490820031527841,-24577.18171200308
80000.0,52000.0,-48000.0,135.0,317.10632648927026,307.0118285348118,0.9584547504688498,6.112188066843233,0.0625596216543111,-2878.107194981203
80000.0,52000.0,-48000.0,135.0,359.41342161635794,67.41911644333429,1.8748487947897572,1.2394711773968226,0.12996319740046233,-11695.744512637444
80000.0,52000.0,-48000.0,135.0,363.47962607484556,457.23994245649203,1.8378064646320578,12.230086456862184,0.5517316124079884,-48670.84435321295
80000.0,52000.0,-48000.0,135.0,372.36360428772645,176.4573768112754,0.8278616699703085,3.1198613286888275,0.4172868395620271,-16581.877433109694
80000.0,52000.0,-48000.0,135.0,356.02342177859407,459.21594609145706,1.7588739535477107,15.211660804376004,0.4629700924812842,-39086.68977297146
80000.0,52000.0,-48000.0,135.0,369.41191382892583,266.21804752880087,1.6037886989127785,5.884909525370669,0.48578003180839474,-37396.249208246096
80000.0,52000.0,-48000.0,135.0,331.9016628968803,319.8200820061441,1.619764132928162,15.925533121042786,0.14344976159987186,-11153.029378395264
80000.0,52000.0,-48000.0,135.0,321.54336279980015,470.03513114531717,1.5478774105044406,17.305644636250967,0.1182673713914121,-8787.042843672283
80000.0,52000.0,-48000.0,135.0,366.10113580197594,452.49365365329373,1.2311057438885582,17.729677393190702,0.5794339292896117,-34240.533050513164
80000.0,52000.0,-48000.0,135.0,317.7089987434549,426.9516517030069,1.7987727956251904,7.127253956581318,0.0878772120013418,-7587.414638563253
80000.0,52000.0,-48000.0,135.0,365.743111868019,81.73072985278107,0.96707528514188,7.228122372302437,0.196610164479287,-9126.567882028723
80000.0,52000.0,-48000.0,135.0,313.32461250953145,100.12929369245975,1.2127207424090969,16.391826737210742,0.016864850525975104,-981.712994422991
80000.0,52000.0,-48000.0,135.0,304.8356506063062,523.4546164094907,1.4457735523168271,1.912505711987363,0.04891983657474721,-3394.896283364684
80000.0,52000.0,-48000.0,135.0,375.11739520655954,534.9181411550005,1.507659736928922,17.013981183528426,0.7106248615363919,-51426.2636063572
80000.0,52000.0,-48000.0,135.0,357.09848646876776,337.074858593817,0.6818493276002162,11.61229516998265,0.4001792351495159,-13097.373235500781
80000.0,52000.0,-48000.0,135.0,347.92082645115835,305.5673645310295,0.5477600693496261,13.007789116285366,0.27590440867760496,-7254.212065493398
80000.0,52000.0,-48000.0,135.0,321.1218474433658,89.47163283148257,0.7783331675828047,6.490100444642181,0.02428386651148721,-907.245059666104
80000.0,52000.0,-48000.0,135.0,365.87738807926587,70.1358123667091,1.8708577319668047,11.557856598998853,0.17446064971669573,-15666.770661428762
80000.0,52000.0,-48000.0,135.0,365.11709232671404,119.85546602836398,1.8875983845087623,19.1049114641041,0.25844215743008814,-23416.079944991692
80000.0,52000.0,-48000.0,135.0,359.8267938856494,534.2812227782958,1.6685590489456688,3.8470494237707724,0.5470357864402662,-43812.55255497679
80000.0,52000.0,-48000.0,135.0,315.113161108281,38.72807271106571,0.740797974462303,3.350262606499176,0.007376063815563023,-262.2803104355411
80000.0,52000.0,-48000.0,135.0,306.85349941622803,303.6947710058732,1.828889964142184,9.902833104516292,0.033024615384442575,-2899.122607020605
80000.0,52000.0,-48000.0,135.0,303.3542066541975,94.31330054276397,0.7242503032055938,13.566458878769012,0.00831419239195315,-289.0347053175221
80000.0,52000.0,-48000.0,135.0,365.98862405009095,461.14840569272815,1.043700387304198,9.565371025080175,0.5827673943109112,-29195.2586472267
80000.0,52000.0,-48000.0,135.0,379.08048028834185,49.87707334750971,1.0655834691359916,3.0533290372176953,0.21419544816075706,-10955.670178765342
80000.0,52000.0,-48000.0,135.0,322.0515498101754,588.0015807930515,1.4991781351350675,8.061472061140766,0.1475025367586677,-10614.363743306458
80000.0,52000.0,-48000.0,135.0,349.0797827341313,351.3022100273028,1.9147858245090927,19.80742492443923,0.31740812392472273,-29172.891661204056
80000.0,52000.0,-48000.0,135.0,357.3562985401008,490.36245285814954,0.9663209200916378,18.651314959232415,0.4956894458000061,-22991.76390456845
80000.0,52000.0,-48000.0,135.0,342.31519942634975,331.60355177821396,1.4958655463075012,16.19448566532543,0.23550544811414958,-16909.655318479934
80000.0,52000.0,-48000.0,135.0,359.4938440176646,216.31934322949675,0.6291366607047348,6.253262973039505,0.32485160239110933,-9810.05051294039
80000.0,52000.0,-48000.0,135.0,324.53586948356286,414.09332515105507,1.7718326537743367,5.613140606719426,0.12386838161355578,-10534.754079027782
80000.0,52000.0,-48000.0,135.0,352.28357202903834,584.5993904580324,0.8961717137236107,6.730467319063747,0.4766459821399095,-20503.51903938222
80000.0,52000.0,-48000.0,135.0,341.4089594135479,184.8482878259827,0.768199178977205,8.410807076184897,0.14059161814060941,-5184.113550081258
80000.0,52000.0,-48000.0,135.0,341.88836916286266,362.74465987531585,1.5960653258101416,15.619562192180048,0.24777163038905883,-18982.065983204313
80000.0,52000.0,-48000.0,135.0,355.4894018801083,458.15947865296357,0.5631352014458129,19.464550181311434,0.4558440946372791,-12321.689090949521
80000.0,52000.0,-48000.0,135.0,310.97998663194124,279.0480598821587,1.7161079416371368,4.908945338647587,0.03950223349967292,-3253.9246378172757
80000.0,52000.0,-48000.0,135.0,369.36512499427204,420.529447998023,1.2049043723156787,14.671423576288221,0.5982452311773433,-34599.75814860407
80000.0,52000.0,-48000.0,135.0,369.84723987635107,528.3195653710161,0.6989975468173806,15.059360445426458,0.656654082843529,-22031.980464731703
80000.0,52000.0,-48000.0,135.0,355.47192119043143,102.53563222920445,1.611950212785434,3.749151302763547,0.15776438586678526,-12206.800097660534
80000.0,52000.0,-48000.0,135.0,345.14800320364515,398.01522962714296,1.071760619209313,16.092187731080983,0.30048913355823903,-15458.516152706314
80000.0,52000.0,-48000.0,135.0,370.5108094077777,179.53464570349306,1.6203730614422975,6.0896081467613286,0.4011616591210414,-31201.514194715197
80000.0,52000.0,-48000.0,135.0,341.9503947214809,357.74771679679725,0.5029484332503813,15.346263016638503,0.24581002496796328,-5934.228812873964
80000.0,52000.0,-48000.0,135.0,317.5462448264134,466.1148489427607,1.7937789657186425,9.397175056026605,0.0943054824191559,-8119.833154340692
80000.0,52000.0,-48000.0,135.0,336.2075822375097,185.21318680429087,0.7206720372327753,11.23870835035618,0.10989325065063178,-3801.4556555770955
80000.0,52000.0,-48000.0,135.0,366.69940176992696,414.4973454030103,0.9054955987176461,15.08023284683179,0.5647875674323518,-24547.807512981137
80000.0,52000.0,-48000.0,135.0,348.54257761421644,388.1731002066528,1.5301462354113422,1.4627812797958157,0.3332505544191965,-24476.259902077254
80000.0,52000.0,-48000.0,135.0,363.8947788491486,541.0367441548665,1.547371205309922,19.354715091920866,0.5976251554057853,-44387.901938101415
80000.0,52000.0,-48000.0,135.0,329.58468709710365,185.70783655897617,1.2503771578634317,11.97219303681252,0.07849390799612951,-4711.055500310118
80000.0,52000.0,-48000.0,135.0,309.8168957478372,254.92912892060028,1.735717961868347,16.35810139143569,0.03366679084345459,-2804.9305721015485
80000.0,52000.0,-48000.0,135.0,329.4403561834666,103.48807779080876,1.4125290122280993,15.28648307622738,0.04495825748516729,-3048.2324657769555
80000.0,52000.0,-48000.0,135.0,324.17230955141775,463.47699311259936,0.8540802204547968,2.3910963357564334,0.13409285522953263,-5497.250657080914
80000.0,52000.0,-48000.0,135.0,348.85266004623537,233.91728772855333,1.0786266764725387,15.091528633649325,0.2343242272547881,-12131.921398119743
80000.0,52000.0,-48000.0,135.0,304.8581119756809,138.56669112692066,0.623149016602092,8.6817828747057,0.013453087025166916,-402.3973415997661
80000.0,52000.0,-48000.0,135.0,324.67595522271756,470.7795510269564,1.2391683394856505,10.271263216829878,0.1394719190755883,-8295.800945557143
80000.0,52000.0,-48000.0,135.0,341.07482253558055,97.30725572302802,0.9255980957810737,8.850311676052598,0.07798868230763577,-3464.936440148293
80000.0,52000.0,-48000.0,135.0,320.59861316743843,91.7327767053766,1.0379331116081307,4.882914804454693,0.024122572036928285,-1201.8055802054523
80000.0,52000.0,-48000.0,135.0,347.1868446604316,76.20482610279814,0.9336707240840079,12.630475900598492,0.08381403312813979,-3756.2260319592624
80000.0,52000.0,-48000.0,135.0,307.0473874810258,414.48792815168605,1.05172478139108,18.434410606174747,0.04508691436183812,-2276.113207238522
80000.0,52000.0,-48000.0,135.0,338.52661665886615,261.6842453399472,1.2963801286217262,12.231744655271163,0.16537560687186229,-10290.703224357161
80000.0,52000.0,-48000.0,135.0,329.7288863650929,170.63091231722618,1.4961704501491098,19.24380075826385,0.0731444756515344,-5252.956946950887
80000.0,52000.0,-48000.0,135.0,364.0913152235531,121.64683876986537,1.983881082446894,19.02551138192354,0.25208790781132034,-24005.396708183758
80000.0,52000.0,-48000.0,135.0,371.9254766111564,99.86265007354842,1.2072146353627518,11.681730435045207,0.28434876654596103,-16476.95964103827
80000.0,52000.0,-48000.0,135.0,332.2970899623032,206.76427547084475,0.6558798438647968,17.717732889440676,0.09968919418043248,-3138.4383894753346
80000.0,52000.0,-48000.0,135.0,332.54543721511203,392.88496698436285,0.6198018115212345,2.3420656733071072,0.175854689435109,-5231.762643666463
80000.0,52000.0,-48000.0,135.0,352.4266501815545,233.03697667504585,1.1810051989646324,11.020991132567657,0.26776222604958594,-15178.971890443398
80000.0,52000.0,-48000.0,135.0,344.1331210507614,391.53397396081067,0.6828606430416777,19.515439314771765,0.286012686369312,-9374.72673274685
80000.0,52000.0,-48000.0,135.0,338.2586028991528,84.4859426862069,1.5548894808965161,19.481927569593637,0.05930335352676378,-4426.087707871311
80000.0,52000.0,-48000.0,135.0,316.5653488491772,459.02984376394824,1.6466353062268937,11.68705766426803,0.08798340747624434,-6954.076085401495
80000.0,52000.0,-48000.0,135.0,311.5855531363551,316.37380377162214,1.259161801117568,9.078847697672344,0.04624445409180514,-2795.00400508493
80000.0,52000.0,-48000.0,135.0,351.7154081582984,83.27411195580288,1.0143206985788493,19.247554582807272,0.11195221267924804,-5450.6614354686135
80000.0,52000.0,-48000.0,135.0,326.8907647840209,553.9674614590263,1.8444459211139907,7.629867792546023,0.1785141281191335,-15804.463462586695
80000.0,52000.0,-48000.0,135.0,335.9215877731659,149.6952604170773,1.4521818210784014,11.537026493574867,0.08943313896091427,-6233.912572848874
80000.0,52000.0,-48000.0,135.0,327.42585259311664,272.7481178835434,0.6184239942154586,5.596430005989704,0.09941549391814225,-2951.0844881164876
80000.0,52000.0,-48000.0,135.0,328.2791045282074,256.2762381280829,1.9345960114220415,17.144515183906726,0.09828922706750635,-9127.197439226551
80000.0,52000.0,-48000.0,135.0,364.5008140871498,212.93604587340388,1.0472937203684798,12.679234435483675,0.3755830561249494,-18880.59725551017
80000.0,52000.0,-48000.0,135.0,315.17354958803935,342.01785203448236,1.2772433922164241,19.404120354625398,0.06180285784013579,-3788.990006227414
80000.0,52000.0,-48000.0,135.0,315.7514074369557,256.60788962905065,0.7708138707679246,15.878410808297007,0.04875302649453962,-1803.816435067549
80000.0,52000.0,-48000.0,135.0,359.8784647149388,180.5761263397972,0.968340745895134,1.8571788169223011,0.29037301355716166,-13496.64098571647
80000.0,52000.0,-48000.0,135.0,310.55207711109534,59.833341538259724,1.575901219292117,19.05512894049511,0.008504423201715681,-643.3022828620757
80000.0,52000.0,-48000.0,135.0,322.6969889901188,152.51373306409758,1.8672372719931931,9.479024400177181,0.04457617741245236,-3995.246395560582
80000.0,52000.0,-48000.0,135.0,377.79293616415396,289.7093214381573,0.7662494969086748,18.67911454003533,0.599472379153707,-22048.579628984367
80000.0,52000.0,-48000.0,135.0,340.29463986105975,392.1117177753089,1.0587802963306099,18.101082533924494,0.24631511428819947,-12518.092305444858
80000.0,52000.0,-48000.0,135.0,335.0034312196495,332.86503444246205,1.7857254170985573,5.051217657582032,0.17186452393791432,-14731.336737286896
80000.0,52000.0,-48000.0,135.0,344.826333997241,209.40079142379543,1.9798505780422224,14.514656524319975,0.18181270377306682,-17278.175359705234
80000.0,52000.0,-48000.0,135.0,300.7527589207609,300.0438821386356,1.7866399357713085,16.170204364684594,0.021828344357469862,-1871.97080451955
80000.0,52000.0,-48000.0,135.0,311.7363862206448,514.9568053540543,1.9502617914107314,18.48915473132469,0.07380933520637299,-6909.481262515976
80000.0,52000.0,-48000.0,135.0,368.39544740665644,98.68688516849794,0.7367763280923729,18.078776891195236,0.25049493465453576,-8858.819431704373
80000.0,52000.0,-48000.0,135.0,359.8970502952411,319.70954016472496,0.771325706038337,19.56681621625385,0.4203309028093335,-15562.177458198756
80000.0,52000.0,-48000.0,135.0,352.93151411380114,55.468565503612005,1.3314837703720017,13.608487038671626,0.08196074379959725,-5238.211208485508
80000.0,52000.0,-48000.0,135.0,337.097846804711,266.1924475582192,1.3843397042829169,19.231037771259714,0.15709683329712873,-10438.818420015834
80000.0,52000.0,-48000.0,135.0,302.84548550949904,312.75674049834953,0.9067137725526666,8.251383786330193,0.026153445219298015,-1138.257071041882
80000.0,52000.0,-48000.0,135.0,315.2209586408221,30.641767319312244,1.5821322331411147,15.499279922985949,0.005884540026694743,-446.88578176525584
80000.0,52000.0,-48000.0,135.0,313.9217588404417,558.3731117864604,0.9084079455910478,12.40403496348935,0.09038210298049489,-3940.983383362074
80000.0,52000.0,-48000.0,135.0,374.14715705000674,382.4928218595498,1.5018301444179878,5.321887366815783,0.6270961534219431,-45206.01151956679
80000.0,52000.0,-48000.0,135.0,314.600798375464,84.02839272983775,1.9798508818457172,14.186399289147339,0.015370018398087621,-1460.6565350130563
80000.0,52000.0,-48000.0,135.0,333.5386184975138,389.0976067764066,1.906733924878706,2.0615703053304637,0.18266864816276093,-16718.424406256094
80000.0,52000.0,-48000.0,135.0,366.44365490007505,96.56200019343973,1.6517419111185911,3.7106227527779723,0.23002506428230063,-18237.217885575552
80000.0,52000.0,-48000.0,135.0,314.100080319315,263.0379170487264,1.0398315517925794,6.410924572888054,0.04520036365184943,-2256.0366853291916
80000.0,52000.0,-48000.0,135.0,347.4197094336138,538.3996010920766,1.494528413826079,15.318579859653513,0.39547202763212697,-28370.120744142052
80000.0,52000.0,-48000.0,135.0,329.81122039107385,582.202089025168,1.812111128550643,11.08966859019173,0.212937165118981,-18521.558716518302
80000.0,52000.0,-48000.0,135.0,312.4799672821648,72.73551303551412,1.1182238763474295,2.5996963350798783,0.01166873461251249,-626.3163672227106
80000.0,52000.0,-48000.0,135.0,307.8523371675403,155.11056368369304,0.5832383123384899,16.374360334497695,0.018294833206725883,-512.1718869122384
80000.0,52000.0,-48000.0,135.0,314.57633610923017,339.9434241697285,1.6318964143730972,2.963374298776336,0.05931374002238434,-4646.10622394818
80000.0,52000.0,-48000.0,135.0,324.3496099941641,223.9280214504302,1.7414188366675394,2.6342123828707873,0.07029735557939418,-5876.022680345903
80000.0,52000.0,-48000.0,135.0,366.56154915646823,425.69705645982896,1.440800217290552,6.680263759705413,0.5697576572990544,-39403.5339090928
80000.0,52000.0,-48000.0,135.0,344.4434751213861,65.65143564764037,1.2540546691259375,5.112567173796053,0.06391418057556464,-3847.2900755589662
80000.0,52000.0,-48000.0,135.0,320.1875509153022,134.30983237944764,1.4366110681106852,15.127420148269184,0.0340933374703192,-2350.9855660172793
80000.0,52000.0,-48000.0,135.0,344.1213731235683,555.1674432557152,1.8102474989026196,17.211426274848794,0.3621021022932138,-31463.7324011362
80000.0,52000.0,-48000.0,135.0,302.07454372783263,415.64012405204744,1.1234424781798689,8.52787313346847,0.03274895241101285,-1765.9950842122973
80000.0,52000.0,-48000.0,135.0,301.05217032580697,184.99053196374402,1.5817878780110792,10.162391865581844,0.013851449839819169,-1051.6826615762143
80000.0,52000.0,-48000.0,135.0,313.26973123299075,418.52138130324977,1.7827638339355478,17.758672682417,0.06668601769528416,-5706.500187664252
80000.0,52000.0,-48000.0,135.0,322.55105703899756,141.46753330879488,1.5280281232642117,17.95551303672308,0.04113429354548339,-3017.0091536689997
80000.0,52000.0,-48000.0,135.0,339.6314298448382,34.50838665351379,1.1098354151765517,13.417115368877113,0.02699867235252507,-1438.2759714998567
80000.0,52000.0,-48000.0,135.0,327.66316652318653,70.8206400996078,1.4740565778176067,3.3204444717826704,0.028241923205014445,-1998.2492481874199
80000.0,52000.0,-48000.0,135.0,304.34955499966986,219.89300822571843,1.9951273805535052,3.9155192494094666,0.020482391947559648,-1961.5190877026346
80000.0,52000.0,-48000.0,135.0,332.42345511306246,154.41970968583007,1.581081136657084,19.26763025117189,0.07688571339912752,-5835.0024544216
80000.0,52000.0,-48000.0,135.0,365.0116629997601,283.07135064656234,0.9628485517347922,16.46638168252798,0.4502608823973672,-20809.58584891846
80000.0,52000.0,-48000.0,135.0,375.728797940293,424.0827714268314,1.7118056218091244,9.33147320869469,0.6667156281814273,-54781.80290251052
80000.0,52000.0,-48000.0,135.0,359.1218493022148,361.86686616627946,1.250729022422915,17.546663768857627,0.44150281697161525,-26505.618560057832
80000.0,52000.0,-48000.0,135.0,360.24712564732647,281.8188481973028,1.6379114885744255,5.182951012430045,0.39396500350107144,-30973.430655872096
80000.0,52000.0,-48000.0,135.0,339.34709989026135,80.32166590341905,1.8203050502112172,5.717571413650241,0.059794169022187996,-5224.494136525052
80000.0,52000.0,-48000.0,135.0,317.0203441192578,503.0357441774669,1.8539019530012002,16.747748956339823,0.09809191848580193,-8728.934364214212
80000.0,52000.0,-48000.0,135.0,318.1298416316877,449.796843971034,0.740141042941588,16.73485592017604,0.09434787222069656,-3351.8751621478095
80000.0,52000.0,-48000.0,135.0,366.91253198131955,305.63648792763115,1.5965353207170625,7.79521598487408,0.49146403518537796,-37662.70516970827
80000.0,52000.0,-48000.0,135.0,361.41018897494814,372.2293485925074,1.7356320428322665,4.247891127022826,0.47587930203235,-39645.66552614404
80000.0,52000.0,-48000.0,135.0,305.0196225538228,515.120514485375,0.5765700774077442,4.214124166378215,0.04874916776133286,-1349.1509486263103
80000.0,52000.0,-48000.0,135.0,317.8875192770125,459.9546728022237,1.9900094932332995,6.531756731250438,0.09497735903773817,-9072.28061411167
80000.0,52000.0,-48000.0,135.0,371.7213319032002,41.410879855528435,0.8106770385166664,14.508337716090663,0.14033878835126162,-5460.932799821665
80000.0,52000.0,-48000.0,135.0,303.8771230976735,71.07018054843451,1.2722917110948622,6.0934816552760696,0.006503324431836088,-397.1580369209164
80000.0,52000.0,-48000.0,135.0,347.0343684875177,320.802814297456,1.4489671639052073,2.174057290511354,0.27645149296106764,-19227.31851423161
80000.0,52000.0,-48000.0,135.0,316.0045186221161,563.4453660830613,0.8729045536169854,12.106226098959217,0.10260409144380568,-4299.051774769515
80000.0,52000.0,-48000.0,135.0,306.39528982068146,256.46105060765285,0.7450701544611802,1.0807522745929694,0.02721358503068741,-973.249440108323
80000.0,52000.0,-48000.0,135.0,355.3734848123921,193.46082505868264,1.5153010845643289,5.098929609822738,0.2601929109168753,-18924.988805197965
80000.0,52000.0,-48000.0,135.0,301.5849639123612,76.12728862626767,1.5795400785402558,10.950228996279797,0.005960562600829028,-451.9174808955645
80000.0,52000.0,-48000.0,135.0,308.2216408852473,371.82428054266325,1.2228420489703644,5.3337762002006,0.04377014758201227,-2569.15089374031
80000.0,52000.0,-48000.0,135.0,377.74631424797803,286.97071062833936,1.5949889552583292,15.66548271284553,0.5966981198384546,-45682.8917167558
80000.0,52000.0,-48000.0,135.0,312.8535004275852,316.52411521380645,1.990806438951264,4.9975249738554615,0.04999057740687311,-4777.03504264774
80000.0,52000.0,-48000.0,135.0,300.48725163373024,320.87206234063854,1.4018319834699327,8.523280293761813,0.022893617215213092,-1540.4642318209712
80000.0,52000.0,-48000.0,135.0,318.4209262277283,573.9279484601693,1.615147583147099,17.445730858170872,0.11920436163661093,-9241.566556702315
80000.0,52000.0,-48000.0,135.0,331.3726974656366,534.3636625215042,0.5225111654223957,19.345467530203567,0.21354444718598264,-5355.809182494193
80000.0,52000.0,-48000.0,135.0,361.2301978090291,310.78051321206516,1.10583335044053,19.242773569667484,0.42908040713813766,-22775.588363229766
80000.0,52000.0,-48000.0,135.0,302.5255805561851,215.85877145361826,1.3272110211732044,16.8060306878713,0.017811952225346123,-1134.7305265003179
80000.0,52000.0,-48000.0,135.0,313.4596597321443,269.4023076293916,1.1314810558191797,4.893343395433197,0.04448189906331044,-2415.8604536158405
80000.0,52000.0,-48000.0,135.0,379.7265212264911,397.7769720552044,0.6265306821935548,2.5954688167925815,0.6909536319390782,-20779.375218379442
80000.0,52000.0,-48000.0,135.0,376.0006305489837,342.9214455285611,1.8863664648577354,13.721266335314063,0.6208069842196605,-56211.334856708774
80000.0,52000.0,-48000.0,135.0,315.5779899018972,165.53990253090214,0.8589546082698207,14.78032583002249,0.031669219531438794,-1305.7162587282223
80000.0,52000.0,-48000.0,135.0,354.0432660571484,337.6297714179083,1.803180248957577,13.85336072595377,0.36488643505753154,-31581.88861479756
80000.0,52000.0,-48000.0,135.0,335.1006311597459,100.91892269185259,1.899369359728485,19.953086022334436,0.059497811342027314,-5424.399352029725
80000.0,52000.0,-48000.0,135.0,364.7903302842377,449.537898015392,0.9789143804519568,14.05639200334554,0.5627936967324007,-26444.488462035093
80000.0,52000.0,-48000.0,135.0,344.9716391394497,81.80113745317107,0.8331959683098977,17.05767870933123,0.08043634069506965,-3216.9232690912027
80000.0,52000.0,-48000.0,135.0,339.4925178605255,250.73214457449356,1.5685502997191736,2.2608350926011926,0.16673442570147645,-12553.50400356265
80000.0,52000.0,-48000.0,135.0,340.1332575396031,427.02676255143217,1.965537030846356,1.4516959432407404,0.260806038238714,-24605.948449273106
80000.0,52000.0,-48000.0,135.0,311.9820894148341,127.61123672196184,0.7498150619092232,8.585343749153948,0.019668191547473735,-707.8803006149509
80000.0,52000.0,-48000.0,135.0,317.1986784857769,346.6690332192796,0.9865820780499468,16.07869363008065,0.07044941281082975,-3336.198148238734
80000.0,52000.0,-48000.0,135.0,374.0018846281584,491.23094954083695,0.6915724506306877,11.22909741366684,0.6821110909090166,-22643.00345963138
80000.0,52000.0,-48000.0,135.0,378.91329118416036,422.40319383219963,1.0829796838144592,9.608206794878058,0.6962068301689338,-36190.9369346793
80000.0,52000.0,-48000.0,135.0,310.328133597815,462.5553438286194,1.324702985079567,10.091485370407685,0.06134360100679782,-3900.5784657232803
80000.0,52000.0,-48000.0,135.0,330.03572369974614,422.674511421551,0.7542428862807755,4.110718629088751,0.16594732000284254,-6007.900109256165
80000.0,52000.0,-48000.0,135.0,378.66133749830317,374.1961429081389,1.5663968058006337,6.903584224226885,0.6675525772939962,-50191.30678931023
80000.0,52000.0,-48000.0,135.0,375.45587544168427,476.7396039067616,1.8417469941277396,4.086230231504437,0.6896126253438248,-60964.415032297366
80000.0,52000.0,-48000.0,135.0,317.4862277047533,527.2446556543503,1.8576995486818544,17.57455010055394,0.10501972423698526,-9364.564527251536
80000.0,52000.0,-48000.0,135.0,373.65494002801694,347.234953501856,1.4183042861475212,14.755044445663302,0.5989399216765331,-40774.994786817
80000.0,52000.0,-48000.0,135.0,341.3551818484743,459.4451773340317,1.0773188825569455,2.7475723220308765,0.288478152030752,-14917.582098617395
80000.0,52000.0,-48000.0,135.0,348.6411525282582,536.2074579830576,1.4064639810393678,19.060422769493833,0.40965875483645364,-27656.17359335563
80000.0,52000.0,-48000.0,135.0,349.8194943580168,587.6291034751345,1.9034460368897341,2.4842449674634532,0.44685824567493315,-40827.386725509634
80000.0,52000.0,-48000.0,135.0,326.22269458308233,422.349639490399,1.500167874930375,12.270398329914356,0.1374180374194194,-9895.206008284473
80000.0,52000.0,-48000.0,135.0,357.71293137546377,241.64656425341292,1.3220229407405912,10.720076445366358,0.3301598969165508,-20950.98997613899
80000.0,52000.0,-48000.0,135.0,301.13734348069704,224.54889526212202,0.691837477533459,5.88764724316004,0.01686091875181405,-559.9207439112784
80000.0,52000.0,-48000.0,135.0,353.6406818280342,594.0464349310168,1.4335951467811536,17.16291321271935,0.497669763745954,-34245.933984284304
80000.0,52000.0,-48000.0,135.0,346.9419728816638,570.8900135860345,1.0951231041776603,11.316246928118284,0.40358201621278644,-21214.655538490828
80000.0,52000.0,-48000.0,135.0,345.09718560520696,503.9503620264194,1.279367935242165,14.964200075761516,0.3516827449800938,-21596.718110663012
80000.0,52000.0,-48000.0,135.0,333.46525392322474,540.0111070121735,0.7145522993623674,2.9574271065596256,0.2359998491798272,-8094.443274269637
80000.0,52000.0,-48000.0,135.0,303.191159789919,190.0478080383311,1.369511580418034,17.398833864568807,0.016433286025467703,-1080.2676247775937
80000.0,52000.0,-48000.0,135.0,309.901402221513,450.2663189547943,1.4734205690521258,5.293409995409572,0.05826961841053529,-4121.071407211254
80000.0,52000.0,-48000.0,135.0,352.22529779606424,61.28228384938883,1.443176477959284,15.485807657587552,0.08691824414462056,-6021.041541841855
80000.0,52000.0,-48000.0,135.0,343.949276740574,307.0548978200656,1.183012086554525,7.749649438293042,0.23729100345567877,-13474.47000569854
80000.0,52000.0,-48000.0,135.0,329.62125466186376,599.0519113985514,0.6940946270805777,14.975888662581797,0.2159019825728841,-7193.107491834402
80000.0,52000.0,-48000.0,135.0,335.07509223136117,451.49043241723643,1.8087976622320616,10.039527635314021,0.2203444353216746,-19130.807975793057
80000.0,52000.0,-48000.0,135.0,315.4683879066824,478.3214931981248,1.847884819397723,10.483942111800712,0.08579897491649723,-7610.2379168679
80000.0,52000.0,-48000.0,135.0,348.24073807483006,70.54467417645293,0.8668828271926174,19.22337363586939,0.08209034138827073,-3415.8099469378208
80000.0,52000.0,-48000.0,135.0,340.6456138438373,522.9560635365303,1.468209203315576,7.888177624165736,0.3075762570107329,-21676.14198069672
80000.0,52000.0,-48000.0,135.0,305.1690670836687,545.5004666878948,0.9771183692465836,16.586015072351167,0.05196873321904565,-2437.420985030623
80000.0,52000.0,-48000.0,135.0,377.5665288905814,484.3131912297127,1.7122789736469692,4.761561493722374,0.7124255140970571,-58553.818947745116
80000.0,52000.0,-48000.0,135.0,352.2883341890291,121.15815736942658,0.5076851231276435,17.73022861061964,0.1588146634171792,-3870.136413668442
80000.0,52000.0,-48000.0,135.0,350.94538150185826,218.04873025340612,0.9498295293642534,6.385300616190149,0.24096597200181671,-10986.076597405701
80000.0,52000.0,-48000.0,135.0,355.7289393747686,484.8435571312328,0.9297500446962821,11.140027624891284,0.47286951002514,-21103.22150790638
80000.0,52000.0,-48000.0,135.0,328.22678077928293,520.4530822407826,1.3504659790318962,14.745097666092622,0.18079467292096996,-11719.538638558519
80000.0,52000.0,-48000.0,135.0,318.198242219177,391.1426666300725,0.6127179715288044,18.796701569433058,0.08338921207935067,-2452.5153058869605
80000.0,52000.0,-48000.0,135.0,358.85549731061604,115.75850234264124,1.753507237380375,15.736247555375622,0.1997652642568129,-16813.91215927318
80000.0,52000.0,-48000.0,135.0,356.36189752991197,342.99112597978274,0.940275432459719,3.995272246780809,0.3956744249140693,-17858.061167967702
80000.0,52000.0,-48000.0,135.0,302.13446562200625,456.6754183479801,1.2849921934159811,3.014937655931405,0.03600849576680466,-2220.990525935827
80000.0,52000.0,-48000.0,135.0,345.0712897937427,464.6109277538331,1.8286461672216257,6.394289237279072,0.3330798148176107,-29236.086083765407
80000.0,52000.0,-48000.0,135.0,325.5073012963967,593.9025665650925,1.7269819011308802,14.796639952443527,0.17680324808523507,-14656.128456208988
80000.0,52000.0,-48000.0,135.0,347.9494267873936,325.2879345858277,0.6052818962232969,1.7486326953555644,0.2888756818127982,-8392.858582101517
80000.0,52000.0,-48000.0,135.0,362.30668322257264,347.104807716366,1.4640427965655773,7.532127436272658,0.46913443598754073,-32967.97879816387
80000.0,52000.0,-48000.0,135.0,368.9518762211476,183.16533226337532,1.774833847992288,12.972911974134911,0.3889013758093301,-33131.29561522407
80000.0,52000.0,-48000.0,135.0,376.78371539628483,225.0518347919987,1.1222741604106878,13.50595386324714,0.5265689448424169,-28365.82658262553
80000.0,52000.0,-48000.0,135.0,373.2038846865571,137.48407853096447,0.9557478097108978,12.954000346069979,0.36686866494498854,-16830.428302691234
80000.0,52000.0,-48000.0,135.0,318.2815530231583,289.2761046787561,1.3784811447282481,17.703674612565855,0.06334555126285854,-4191.391104876824
80000.0,52000.0,-48000.0,135.0,322.2849722615519,421.21073565910405,1.0240309324348684,6.56114063463,0.1116640452601812,-5488.676946587169
80000.0,52000.0,-48000.0,135.0,341.2405599673748,370.431901628034,0.7353473320534814,10.280854745169785,0.24521616258853782,-8655.314444921953
80000.0,52000.0,-48000.0,135.0,365.76671277704685,385.5567778929721,1.8647480092828856,7.872432251623278,0.5361231200692332,-47987.257002222344
80000.0,52000.0,-48000.0,135.0,315.91030604460434,185.18297404052998,1.0956915989623857,16.170825942191087,0.03601126030923557,-1893.9472986660967
80000.0,52000.0,-48000.0,135.0,316.6016834249922,253.29889728580304,1.5928433875978054,11.73796683373122,0.05065244241130218,-3872.707582105023
80000.0,52000.0,-48000.0,135.0,354.5361098631273,525.5045767484746,0.6934781254539861,17.15281248538446,0.4782010504585103,-15917.854466980549
80000.0,52000.0,-48000.0,135.0,312.5777655770547,390.8995630301483,1.503419840746673,4.234716932238956,0.06001769769174846,-4331.126280274101
80000.0,52000.0,-48000.0,135.0,351.32111661258125,529.9625762236325,1.9318346567127156,8.001409941434948,0.44022654473607054,-40821.35500444953
80000.0,52000.0,-48000.0,135.0,308.7872999113248,300.5088177775493,0.8913321843997521,16.322411069612873,0.03697569819148798,-1581.9662322587974
80000.0,52000.0,-48000.0,135.0,364.6705281131325,60.51897108724124,0.6102515054107427,7.687620231091465,0.14699234778449405,-4305.710472928653
80000.0,52000.0,-48000.0,135.0,361.3875536884705,484.75631120770936,1.9346926117426948,16.469000343989997,0.541527723134131,-50289.10488006945
80000.0,52000.0,-48000.0,135.0,379.41049181750833,52.506306083596755,0.778832556713907,9.783566480430935,0.22546526851602283,-8428.785193369038
80000.0,52000.0,-48000.0,135.0,338.18334947507657,493.71834316434064,1.6024167133218528,17.174428898520596,0.2684129948482109,-20645.254512842184
80000.0,52000.0,-48000.0,135.0,313.8376336562859,597.3388802186834,1.9176169687985052,7.65838607233802,0.09562050455102569,-8801.448100421834
80000.0,52000.0,-48000.0,135.0,359.95544923557793,110.58108434077242,1.7722641175098701,10.120562107184599,0.20096732469274312,-17096.024560555386
80000.0,52000.0,-48000.0,135.0,363.64532887085863,471.22823566155716,1.1610710625381353,10.579761663415855,0.5611042325875782,-31271.130601205015
80000.0,52000.0,-48000.0,135.0,334.41408179189045,318.7306401379961,1.4068695733012144,9.70661887266549,0.16127610146669824,-10890.93312259858
80000.0,52000.0,-48000.0,135.0,360.3986773475058,386.36281060371255,1.233914983706724,4.66820029453842,0.47306049262122146,-28018.388642160444
80000.0,52000.0,-48000.0,135.0,359.8221606243438,350.7640493168174,1.0199271588368222,9.405172935113097,0.44217704236046723,-21647.441976843864
80000.0,52000.0,-48000.0,135.0,306.1618142718853,421.50548853318486,0.684372074662795,3.540094089112432,0.043307378136694635,-1422.641290733562
80000.0,52000.0,-48000.0,135.0,364.9536773435159,522.1686950222388,1.2155326642481838,2.146550522479768,0.6010764958348147,-35070.149491154625
80000.0,52000.0,-48000.0,135.0,374.08496481615873,585.0858371220102,1.134064369666177,11.889408764038313,0.7195133156818654,-39166.77191112843
80000.0,52000.0,-48000.0,135.0,337.8798042371631,207.5939551866079,1.9572517902171942,12.34518692629028,0.13173718059272438,-12376.45596255723
80000.0,52000.0,-48000.0,135.0,376.87949135460985,212.89574595190268,0.6701980985523643,5.332991541535967,0.51376309416496,-16527.506343155303
80000.0,52000.0,-48000.0,135.0,354.24950893217397,302.2841600845128,1.984892740106452,16.80606508646542,0.341972805342005,-32581.408254584767
80000.0,52000.0,-48000.0,135.0,372.67983344617323,467.61839309255134,0.9435385942772674,17.34477072848827,0.6581148354916331,-29805.923844133948
80000.0,52000.0,-48000.0,135.0,332.9600328445185,434.36143891620526,1.3064008021702969,2.6315975533596765,0.19451906599394578,-12197.753464891568
80000.0,52000.0,-48000.0,135.0,329.70980288281237,496.4046667582719,0.626522323780812,17.78099582516935,0.18655224673575488,-5610.199062307994
80000.0,52000.0,-48000.0,135.0,354.4790742543566,370.91174487721145,1.7300047469317326,7.854015977632417,0.39210217659561375,-32560.254086048462
80000.0,52000.0,-48000.0,135.0,360.4697667821692,592.0884156539388,1.2194884230461904,5.069888723339903,0.5799185793165609,-33945.79170172512
80000.0,52000.0,-48000.0,135.0,354.04944888179057,227.12773319124898,1.7027834445541488,14.161172810020377,0.27881513585297507,-22788.566276234968
80000.0,52000.0,-48000.0,135.0,329.590688949655,160.29359481850977,0.8077083382005792,5.94087124415005,0.0685097043697701,-2656.1212544217583
80000.0,52000.0,-48000.0,135.0,328.0476564856564,56.08778870342604,1.6319526027932243,3.8021677505892466,0.022996251287380226,-1801.3820228605055
80000.0,52000.0,-48000.0,135.0,369.00520895418356,414.0360465014959,0.5235473783749037,14.987119039302481,0.5905117594658981,-14839.722411260287
80000.0,52000.0,-48000.0,135.0,308.3490726050758,443.3485728744997,1.8529273090199294,7.937146290826385,0.052167150744758195,-4639.773035938647
80000.0,52000.0,-48000.0,135.0,309.9232674233726,573.8536678652936,0.5210440001982706,19.479399639430007,0.0731907237015402,-1830.5081978331302
80000.0,52000.0,-48000.0,135.0,312.92956421729986,177.5864281311054,1.4347056603741342,5.412048599685951,0.028812227182062635,-1984.179140452356
80000.0,52000.0,-48000.0,135.0,350.19505220267513,366.5111820193205,1.2184072305675158,18.140584237946303,0.3393335222333368,-19845.42801902594
80000.0,52000.0,-48000.0,135.0,316.2892910656904,508.94727195307263,0.5542407701333256,17.10902573903231,0.09513188248545769,-2530.846455022709
80000.0,52000.0,-48000.0,135.0,379.86002894398723,95.32598163457858,0.8342974414460168,4.514655045065598,0.35018669843832206,-14023.673593704958
80000.0,52000.0,-48000.0,135.0,371.22419484138936,211.04647487344175,1.9414371216767625,17.469252409504005,0.44856334608170306,-41801.16151231484
80000.0,52000.0,-48000.0,135.0,353.47306115136627,402.28692363323154,0.6101881502124527,11.38697361505579,0.3995117626055185,-11701.312483794138
80000.0,52000.0,-48000.0,135.0,331.48742164315695,229.40419072600486,0.9752544490055353,2.4574341961114996,0.10501064592602573,-4915.780782350475
80000.0,52000.0,-48000.0,135.0,360.71673360681507,323.85606960216506,1.880987597440533,9.895985398392702,0.4331432400390681,-39107.378996577354
80000.0,52000.0,-48000.0,135.0,315.53762166848736,304.6778467182823,1.9676260587593628,17.365977239661753,0.05664059494997737,-5349.480509146053
80000.0,52000.0,-48000.0,135.0,310.83894386307384,91.08274341777056,1.6373494519037912,12.27286011156069,0.013127442581719882,-1031.7221239717219
80000.0,52000.0,-48000.0,135.0,324.7518141345023,236.8419898068201,1.41593652869657,11.512511637486266,0.07570550612427804,-5145.321194151704
80000.0,52000.0,-48000.0,135.0,374.72512045117264,97.18491924925597,1.2099997126198287,4.173854044808201,0.30480253990359973,-17702.927313079177
80000.0,52000.0,-48000.0,135.0,367.95157438797474,525.1676803585387,0.7647913993970008,16.20473745929278,0.6353667537269487,-23324.30537823181
80000.0,52000.0,-48000.0,135.0,365.1523177700209,578.7517765459085,1.260043070321008,18.893690052990472,0.6276523235693476,-37961.7101224529
80000.0,52000.0,-48000.0,135.0,367.2414017897666,123.60592406535437,1.6670432130043376,2.8211828822222484,0.28410697110213357,-22733.6927012655
80000.0,52000.0,-48000.0,135.0,309.9601079087943,72.74541396842454,1.665781058503847,18.979776201654435,0.009935173596133499,-794.3915514905631
80000.0,52000.0,-48000.0,135.0,304.6464205440752,391.9513396702951,1.6592068124327386,6.241549020355751,0.03663344054385064,-2917.5577974339203
80000.0,52000.0,-48000.0,135.0,367.3572686464624,494.5491508113166,0.5838048408694191,19.75779660410053,0.6148486688437982,-17229.678205110133
80000.0,52000.0,-48000.0,135.0,307.6286350608493,571.2744908673484,1.9137390700563612,10.702731201932814,0.06334526502613111,-5818.862812011931
80000.0,52000.0,-48000.0,135.0,329.77959953663316,479.48282081500685,1.7569204939453584,17.902951795033818,0.18194295498783297,-15343.646704660878
80000.0,52000.0,-48000.0,135.0,324.99704583914337,84.91011257761811,1.1493754280293678,13.567957716536867,0.028932023788327953,-1596.180346822334
80000.0,52000.0,-48000.0,135.0,370.049776505997,163.39661125308692,1.7585549468804293,2.4247361507791934,0.3738240522442827,-31554.72654417943
80000.0,52000.0,-48000.0,135.0,379.8339652080456,497.4490367022568,1.9432924087563879,16.84259581344061,0.7374665489856456,-68789.43102506765
80000.0,52000.0,-48000.0,135.0,308.3217688312421,46.48973849582177,1.7544793385161428,19.988316869498167,0.005727990083461335,-482.38273212759685
80000.0,52000.0,-48000.0,135.0,335.9401394932288,521.5741940660565,1.0274492455509907,14.786163945963517,0.25515633219440265,-12583.688688513454
80000.0,52000.0,-48000.0,135.0,376.37200370101107,406.61199201545645,1.087824600370537,17.088736648201877,0.6636820582639318,-34654.54415059473
80000.0,52000.0,-48000.0,135.0,362.4683579265015,335.05975909573834,1.9371427180943104,2.028349651256177,0.4622625657481725,-42982.49102815991
80000.0,52000.0,-48000.0,135.0,378.06862082819845,271.8471113837045,1.8834954107054336,12.818223476080739,0.5870299987913964,-53072.078816160545
80000.0,52000.0,-48000.0,135.0,306.37927702250954,590.959329339386,1.3964968456364066,17.744650528046584,0.060497710080268476,-4055.2733421753965
80000.0,52000.0,-48000.0,135.0,361.16118968907847,177.76613718064277,1.6652570984665487,7.7865861344517695,0.2999511594782863,-23975.798280695428
80000.0,52000.0,-48000.0,135.0,337.252971907358,592.2791070180281,1.9274802055847227,13.500387305452819,0.2949013089683319,-27283.988910599237
80000.0,52000.0,-48000.0,135.0,378.07425798875903,306.8745633107834,1.8937220509775343,11.28802804362027,0.6161283124788083,-56005.23703548941
80000.0,52000.0,-48000.0,135.0,377.74574785500494,245.21871038979134,1.3228300652742604,4.697868073993375,0.5583507870384107,-35452.95398706986
80000.0,52000.0,-48000.0,135.0,346.85959528273224,301.50660719121265,1.8538986373015882,13.422533272116038,0.26245487555362423,-23355.10733481705
80000.0,52000.0,-48000.0,135.0,301.2235264956381,80.29738970631095,1.0339199961395158,14.847040331142418,0.006131496112537792,-304.29486897621746
80000.0,52000.0,-48000.0,135.0,307.7109912282111,397.0068006101136,1.9081865654900194,7.893114367276194,0.04512304213050389,-4132.952773798448
80000.0,52000.0,-48000.0,135.0,373.4460946278263,421.8421421307243,1.6697187265329676,18.34571895470709,0.6425200253074054,-51495.73048455414
80000.0,52000.0,-48000.0,135.0,323.76206486444715,591.898317614037,1.8799834080099984,4.985343044932398,0.16177032510319686,-14598.025300914886
80000.0,52000.0,-48000.0,135.0,362.3543216195415,32.391596405676694,1.5456106944349801,5.046529951321245,0.07634489004668046,-5663.974969037376
80000.0,52000.0,-48000.0,135.0,360.74077799516147,186.3009965645075,1.0543973766887897,9.923100205671405,0.3055900441858586,-15466.240364725472
80000.0,52000.0,-48000.0,135.0,337.25764641665853,87.53616792602065,0.9720941196603614,17.893129537495206,0.05822969759762876,-2717.0278379642878
80000.0,52000.0,-48000.0,135.0,340.29431601015335,432.887744170348,0.9003277814787171,9.786604130799358,0.2651348340032044,-11457.996330759981
80000.0,52000.0,-48000.0,135.0,376.63489187143045,558.5802843895991,1.5039723563636385,18.967545269639203,0.7328017603963638,-52901.452335875605
80000.0,52000.0,-48000.0,135.0,349.28856902408364,547.9385500062668,1.3246196782484538,1.1789139196693785,0.4229969664382257,-26894.88506800678
80000.0,52000.0,-48000.0,135.0,322.2772547173158,447.2969438857788,0.6437881953817249,2.7060656180432394,0.1177168830334978,-3637.6675053166628
80000.0,52000.0,-48000.0,135.0,300.5069222260087,328.80026624099673,1.1266072947552526,17.386990542089745,0.023477233121287903,-1269.5818605654038
80000.0,52000.0,-48000.0,135.0,355.62246533731786,295.0828017756573,1.8672857337503865,6.0036337984854,0.35195356941531464,-31545.498197363686
80000.0,52000.0,-48000.0,135.0,304.05795596181815,78.73675736753549,1.7448486475173832,8.79585447139279,0.0072878368727562134,-610.3762709162878
80000.0,52000.0,-48000.0,135.0,346.67433445338935,140.23499139571672,1.7419631604063575,19.259461567818708,0.140836860716377,-11775.965903770082
80000.0,52000.0,-48000.0,135.0,300.07735275964376,147.89782787749147,0.6405414701729891,6.652057096217609,0.010387704413023066,-319.3802619091316
80000.0,52000.0,-48000.0,135.0,320.12995323983796,406.4033186044479,1.3405517778079776,15.412260542267694,0.09619093478389346,-6189.548574410861
80000.0,52000.0,-48000.0,135.0,370.54397345372433,297.51132073095704,0.8307719429171389,4.005971594753904,0.5264671695148222,-20993.959358395947
80000.0,52000.0,-48000.0,135.0,323.0429393005017,568.2591732505593,1.8581196467997436,12.691371152626623,0.15073139480234762,-13443.694371445
80000.0,52000.0,-48000.0,135.0,305.48870142762377,427.03682529853904,1.1615098790415757,1.5045184113613301,0.04200176164526678,-2341.7021322300916
80000.0,52000.0,-48000.0,135.0,365.1250421629928,188.52432831467334,1.5660423644004058,11.067363720026655,0.3541680547015822,-26622.824533437986
80000.0,52000.0,-48000.0,135.0,374.305436372031,155.46530339893627,0.5331463931798464,9.688913021003941,0.4077102576313738,-10433.724159292458
80000.0,52000.0,-48000.0,135.0,351.97009704150366,485.8379905856669,1.1808177877764625,4.35632493190194,0.4269397154896446,-24198.624497202934
80000.0,52000.0,-48000.0,135.0,309.1192692760353,353.20681588652104,0.7582951773671258,9.483321766830604,0.044087556099225135,-1604.7062962533614
80000.0,52000.0,-48000.0,135.0,334.55075356864234,435.3126307842866,0.7971089176295444,15.713628458036547,0.20925778857546734,-8006.459969133255
80000.0,52000.0,-48000.0,135.0,324.1399375192181,564.1482196392495,0.6521693134916325,15.067662708354714,0.15834262977799582,-4956.777799621213
80000.0,52000.0,-48000.0,135.0,364.10261954130345,224.40263638349134,1.9810452456582825,10.914222050228112,0.38351520254979643,-36468.52649514948
80000.0,52000.0,-48000.0,135.0,308.84246666656685,152.5632441129627,1.602971452514356,8.518436171883597,0.019187964937063453,-1476.3724812460384
80000.0,52000.0,-48000.0,135.0,301.5124283681289,400.7516208154869,1.0843250972291925,15.350122673719914,0.03045235921094686,-1584.972353388876
80000.0,52000.0,-48000.0,135.0,366.7401123062079,344.9459574353604,0.632151866070782,3.290151557021423,0.5196972891655942,-15769.325334621946
80000.0,52000.0,-48000.0,135.0,366.28227817719613,540.0610389395703,1.0205992726757158,10.151318260824857,0.6238230966059531,-30560.32313636873
80000.0,52000.0,-48000.0,135.0,365.0135862716767,187.3950891094297,0.8273463770078087,19.51200392421254,0.3516016881186032,-13963.02637510828
80000.0,52000.0,-48000.0,135.0,331.0216035584202,147.3175278831544,1.0836696811034119,1.3509025967351593,0.06835758219933742,-3555.6978865419
80000.0,52000.0,-48000.0,135.0,321.44921862786475,253.7635559078554,1.4560693085582574,15.16764743524427,0.06716711597335207,-4694.398853432209
80000.0,52000.0,-48000.0,135.0,319.3636243435531,106.25271982367157,0.8303704578479965,14.05825469701583,0.025864232593147015,-1030.890943692411
80000.0,52000.0,-48000.0,135.0,327.50077175092315,133.415047887149,1.1743743786166811,3.16762763842152,0.051443851765518724,-2899.888389637426
80000.0,52000.0,-48000.0,135.0,300.86536494446716,426.30008503682745,1.4528273733874615,19.273040147794898,0.030963967904021745,-2159.2944076633717
80000.0,52000.0,-48000.0,135.0,303.1658934621036,97.38199013331179,0.8751898916270318,12.792329406134265,0.008474103688123263,-355.9895946453518
80000.0,52000.0,-48000.0,135.0,342.25625354054,410.66328818567524,1.2035132596803046,18.515925215142243,0.27551995547350316,-15916.412146506633
80000.0,52000.0,-48000.0,135.0,368.04017650717236,106.8536724157608,1.0205319769821173,5.936343007998307,0.2625310260794016,-12860.222739069864
80000.0,52000.0,-48000.0,135.0,321.96593280964805,293.1538149846682,1.4150310457149455,14.581450168473623,0.07903571364832623,-5368.223449565667
80000.0,52000.0,-48000.0,135.0,366.37325158830936,576.5300227955033,0.5352599096495934,17.929870205960114,0.6400065511270034,-16443.352739106613
80000.0,52000.0,-48000.0,135.0,342.5915728419089,599.4411584816668,1.5326165306152364,12.746615640158481,0.3610791183574367,-26562.999631419985
80000.0,52000.0,-48000.0,135.0,339.1785667273318,217.30874580527524,1.0353693065480694,18.032983449758976,0.1456581397428316,-7238.878422653632
80000.0,52000.0,-48000.0,135.0,304.55955171638414,94.50182321375938,1.1431557354141435,12.08717702208056,0.009032550691606864,-495.62938216941006
80000.0,52000.0,-48000.0,135.0,309.18915098768514,375.56665654051324,0.965131128078304,10.988012140625194,0.04695226718941758,-2175.1245407211136
80000.0,52000.0,-48000.0,135.0,377.64846453744696,435.8451544611351,1.2781189099466084,15.14591279498181,0.6911161872270288,-42399.77605752317
80000.0,52000.0,-48000.0,135.0,346.9206611217804,369.37148962842883,0.7609953266764002,15.914788123939855,0.30426641016634043,-11114.17517765711
80000.0,52000.0,-48000.0,135.0,377.11431411401463,126.57583923734013,0.7626021446665957,17.47490759348715,0.38827691907306344,-14212.838938063509
80000.0,52000.0,-48000.0,135.0,374.6949027483312,37.46289306904707,1.9226465931956818,8.917766306601544,0.1444090569797284,-13327.083908576444
80000.0,52000.0,-48000.0,135.0,317.4370328602735,588.4232475376455,1.1622416088621645,15.862937497656,0.11548235566919537,-6442.4831447116
80000.0,52000.0,-48000.0,135.0,343.0252598935471,416.26335538649255,1.066891405651389,8.034070547996105,0.28653318506027514,-14673.590043586873
80000.0,52000.0,-48000.0,135.0,327.18353279807576,178.6148200902192,0.5163796949080632,13.643636718608583,0.06653343475925928,-1649.112707624248
80000.0,52000.0,-48000.0,135.0,366.37418785062596,303.48926346009745,0.9144311814395478,6.187249019688621,0.48344480940628076,-21219.69639485771
80000.0,52000.0,-48000.0,135.0,334.1807101873284,431.1202989949316,1.8125289193521374,12.675010331984586,0.2042754238548174,-17772.245435989058
80000.0,52000.0,-48000.0,135.0,350.55194951256357,478.8739309781618,1.6314050520355117,18.65051028364595,0.4059643533109409,-31790.03025301432
80000.0,52000.0,-48000.0,135.0,365.97994767576574,138.0040808609496,0.958546858640692,13.785861243415068,0.29469330911779495,-13558.912594430052
80000.0,52000.0,-48000.0,135.0,351.36121080452983,114.1491344610629,1.216578529655851,5.658461813836755,0.14510614671899635,-8473.585085732291
80000.0,52000.0,-48000.0,135.0,375.320804628976,340.5786523589711,1.0433911030712415,15.977011263627613,0.612062346134942,-30653.779511141238
80000.0,52000.0,-48000.0,135.0,368.2926889873089,72.03916639805546,1.2996736103684803,15.292229437240257,0.1953753226020102,-12188.359243346935
80000.0,52000.0,-48000.0,135.0,374.843877877405,240.82872760772398,0.5314814546038238,16.47001411246538,0.5220423759602494,-13317.8803843291
80000.0,52000.0,-48000.0,135.0,371.29413204935713,110.87056049043507,0.5938303521591375,11.850890811420298,0.3000586762162094,-8552.82956956206
80000.0,52000.0,-48000.0,135.0,361.83677722749155,373.095806737076,0.7092375240716218,14.892518175715319,0.48155089829467346,-16393.630407407018
80000.0,52000.0,-48000.0,135.0,304.92837698972585,457.2422657251631,1.4796348950468938,1.7269330895462496,0.04325545439330504,-3072.109426629293
80000.0,52000.0,-48000.0,135.0,368.62080793381597,123.44067707222999,1.8688133935351152,19.07542134327129,0.2969662861602315,-26638.779504221875
80000.0,52000.0,-48000.0,135.0,377.8484475582235,523.5255600797885,1.6912206654233124,10.521034261038672,0.7305484921225655,-59304.89793463308
80000.0,52000.0,-48000.0,135.0,348.9843381128592,289.69145359199365,1.750361469116948,18.69498885780206,0.2761901018937442,-23204.760600302096
80000.0,52000.0,-48000.0,135.0,365.3307450384628,543.3009895562775,0.8472871993422856,16.86358187128846,0.6147477488925113,-25001.6591261333
80000.0,52000.0,-48000.0,135.0,359.1561696585384,277.74459551764676,1.8022315121275674,12.193348355391441,0.3780165940000434,-32701.124055072527
80000.0,52000.0,-48000.0,135.0,371.3393768026105,283.1908807681496,0.5934599870249311,4.650916919956643,0.5231813055587726,-14903.384198812595
80000.0,52000.0,-48000.0,135.0,363.0336677963536,385.30213256919944,1.4709689800556816,1.754515683021367,0.5038377353015975,-35574.22462128745
80000.0,52000.0,-48000.0,135.0,333.8280856081848,226.51583373819406,0.635929626960825,8.316049275744149,0.1167961418461419,-3565.1580919046696
80000.0,52000.0,-48000.0,135.0,361.8812660158676,512.4570723624249,1.2818028002913913,3.3861621250830547,0.5611121321076951,-34523.28490622959
80000.0,52000.0,-48000.0,135.0,328.3230304607809,39.083750903869685,1.6725409119767602,10.236115185918989,0.016392879192701618,-1316.052533514529
80000.0,52000.0,-48000.0,135.0,358.22762846248804,382.0114750550322,0.7968673327422742,2.4563364088653024,0.4441427100261558,-16988.29520138247
80000.0,52000.0,-48000.0,135.0,340.86352692343974,561.074146078904,0.9957305252944072,11.306566536612616,0.3253304728335825,-15549.191165225326
80000.0,52000.0,-48000.0,135.0,360.98452210157967,444.30201577220714,0.7055981341571407,13.614476046439638,0.5150029560832717,-17442.485995092884
80000.0,52000.0,-48000.0,135.0,304.9880588505328,215.3688932483644,1.3809537676825974,16.96983756193022,0.02093326423725044,-1387.5777656796658
80000.0,52000.0,-48000.0,135.0,305.5184792573699,457.89830032913153,1.9027880904046541,13.851222853837916,0.044986543801345966,-4108.793269136084
80000.0,52000.0,-48000.0,135.0,307.8762390558538,499.85341735621734,1.9264343736781262,12.340045699146353,0.05673701220162794,-5246.406267120544
80000.0,52000.0,-48000.0,135.0,364.3212157500775,159.4373561229344,1.0446336138623238,11.641903120203716,0.30871400217129275,-15479.665139428742
80000.0,52000.0,-48000.0,135.0,370.55921580907875,276.42829350848206,0.5269626165896384,12.13644074360363,0.5082895410716859,-12856.78015431754
80000.0,52000.0,-48000.0,135.0,317.2907568414825,296.12127996033234,1.0537874424953406,6.249708956500625,0.06112935213010866,-3092.0324948440466
80000.0,52000.0,-48000.0,135.0,356.06670918695517,576.1722625234344,1.775811311960191,8.24231600263446,0.5201467127663185,-44336.75598764817
80000.0,52000.0,-48000.0,135.0,306.7638954834522,494.37365402937223,0.9855547534294844,12.165474536444112,0.052371249346362524,-2477.5072193447213
80000.0,52000.0,-48000.0,135.0,366.3181445766936,508.57924296676515,1.0233320693938013,2.0545574781148055,0.6100251811436386,-29964.399888098313
80000.0,52000.0,-48000.0,135.0,374.4568883931957,447.90679678312256,1.5346369451950106,6.0206001228290145,0.6662964707838673,-49081.1126648626
80000.0,52000.0,-48000.0,135.0,351.8771088515423,160.40795188821377,1.7745499376666682,18.753829592723182,0.19667622297444007,-16752.5654025508
80000.0,52000.0,-48000.0,135.0,318.7264689579184,171.22234197990386,1.9327109122935004,3.046917611805734,0.03951730070477775,-3666.0248782323642
80000.0,52000.0,-48000.0,135.0,377.8725367341377,261.9298591136952,1.0262509398984756,10.861764484634532,0.5758972047379631,-28368.722287067492
80000.0,52000.0,-48000.0,135.0,365.4160659183039,159.45455303030195,1.6314375904540086,15.197359448891916,0.3198212356206563,-25044.88252881539
80000.0,52000.0,-48000.0,135.0,376.4670422576386,551.592295515,1.2777117526195236,17.30737462874822,0.7288688553428416,-44701.64652431464
80000.0,52000.0,-48000.0,135.0,306.8511995696572,484.2635049597537,1.5158049905647846,13.41437069787941,0.05163858190672646,-3757.152967675409
80000.0,52000.0,-48000.0,135.0,374.8689514037304,153.53915851204664,0.9591498866007446,5.033441988890527,0.4107689134304449,-18911.46992332427
80000.0,52000.0,-48000.0,135.0,367.7041007182159,447.6775698178478,1.4954597324807153,11.188579185295382,0.5948919149031655,-42702.57138796936
80000.0,52000.0,-48000.0,135.0,367.3737769507129,354.7365820727492,1.8015743857622766,16.07982583119832,0.5340058870381615,-46178.463740842344
80000.0,52000.0,-48000.0,135.0,344.1376759076767,234.1543907279183,0.5362175809117974,6.39125081487263,0.19330442675067636,-4975.355140405892
80000.0,52000.0,-48000.0,135.0,379.9999547600552,567.8517439640005,0.6834231677595929,13.355766290889862,0.763578961127056,-25048.682517505524
80000.0,52000.0,-48000.0,135.0,306.1974809861422,390.1653457937061,1.569560764753951,13.285148631398997,0.04030880144881337,-3036.8214349591044
80000.0,52000.0,-48000.0,135.0,308.09831465234663,278.9894493249565,0.9329125577731199,11.818782922990344,0.03294498523489406,-1475.2699411815688
80000.0,52000.0,-48000.0,135.0,322.26782323734113,552.1882789916741,1.6201138785469897,4.880962849226488,0.141348807466338,-10992.055905229467
80000.0,52000.0,-48000.0,135.0,351.61124984723426,124.3487875742537,1.3263181530721497,10.475196115514635,0.157723001897369,-10041.162267528653
80000.0,52000.0,-48000.0,135.0,321.80091708361414,68.39920435886557,1.868126776710988,19.888281109571956,0.01943946497014134,-1743.1384817115024
80000.0,52000.0,-48000.0,135.0,307.65002991933557,386.7019949588963,1.4975700908226441,12.383999909391619,0.04383423625587878,-3150.9523762011663
80000.0,52000.0,-48000.0,135.0,311.2204444700726,565.5173632982314,0.6671575152903089,18.280778262841626,0.07804591191645394,-2499.3080002918905
80000.0,52000.0,-48000.0,135.0,335.1301202134131,172.1044987562918,1.8083708583076616,13.619382679640111,0.09752363833213455,-8465.22746668647
80000.0,52000.0,-48000.0,135.0,334.274993658752,409.34003457713305,0.8380029575687209,14.661473727995416,0.19681102947741014,-7916.554789642291
80000.0,52000.0,-48000.0,135.0,317.28969553405705,134.85783425541592,0.7273565180241555,14.862376339559951,0.028796016492744804,-1005.3585738781926
80000.0,52000.0,-48000.0,135.0,325.7393710105055,411.00423530670764,0.8978041612944705,4.088177809304763,0.13095055782882814,-5643.261875642597
80000.0,52000.0,-48000.0,135.0,353.6482498634248,494.46925878132146,1.2322766696677772,15.31825380954298,0.4520441070393514,-26738.083524739013
80000.0,52000.0,-48000.0,135.0,373.1539911062803,111.02095320599747,1.3714233870057362,15.115996931541034,0.31827643931118466,-20951.604115404985
80000.0,52000.0,-48000.0,135.0,331.6032516922565,189.31720847742108,1.5580006647677311,9.635933567907687,0.08881252783661361,-6641.758915639039
80000.0,52000.0,-48000.0,135.0,306.19720323583596,116.74333186171513,1.2873173847072072,7.361781192440383,0.012411372134865461,-766.91400562958
80000.0,52000.0,-48000.0,135.0,323.5934206226317,412.3169105330117,1.373972623803542,17.595271250211358,0.1174580507418015,-7746.439015899003
80000.0,52000.0,-48000.0,135.0,335.7463768494262,559.4304772160401,1.252509888390639,10.318898697290434,0.26659355699190784,-16027.7311830527
80000.0,52000.0,-48000.0,135.0,323.11583332827803,548.091335668695,0.9459629351372114,4.578611106051579,0.14670971106057717,-6661.533546623798
80000.0,52000.0,-48000.0,135.0,339.9706117195057,260.25920180555795,1.410648931792089,5.385777699471667,0.1757010613521872,-11896.920696537558
80000.0,52000.0,-48000.0,135.0,325.7522825432451,275.836984513629,1.4069764827640545,10.641093248978523,0.09190341112697364,-6206.685030789516
80000.0,52000.0,-48000.0,135.0,344.3433803674748,495.027828874472,1.0477060613451108,18.976546514549,0.33867830358334444,-17032.094952496776
80000.0,52000.0,-48000.0,135.0,300.65293502965926,506.8917314345812,1.6881684476767316,15.884217873383246,0.03608896103281955,-2924.3637756019693
80000.0,52000.0,-48000.0,135.0,333.42107741927157,515.3630113942878,1.8823351604516465,15.05305401155766,0.2272438124533093,-20531.9528724453
80000.0,52000.0,-48000.0,135.0,309.83109852109095,499.7846092279573,1.8168899995579897,8.674214544576653,0.06399117406865472,-5580.716362815039
80000.0,52000.0,-48000.0,135.0,353.93881061653144,597.0027172717882,1.704644172469077,12.732836965573455,0.5026350850406912,-41127.07049246944
80000.0,52000.0,-48000.0,135.0,339.82333249552283,110.13043355522227,1.8644763890845522,5.6263587326333875,0.08213129753702852,-7350.329523008059
80000.0,52000.0,-48000.0,135.0,331.2820199912608,200.52837306962476,0.8265000552418181,16.79952210731316,0.09203989040395366,-3651.4067761592923
80000.0,52000.0,-48000.0,135.0,364.3827245371028,413.483669894817,1.0052985385196318,11.210887575387241,0.5373618580990486,-25930.03634895203
80000.0,52000.0,-48000.0,135.0,322.00133250640437,121.24815617101193,0.5170446498822633,5.614719990853154,0.034348524179024884,-852.4665915895861
80000.0,52000.0,-48000.0,135.0,320.0712915820571,155.13021315738305,1.4023289727781183,18.3311605447442,0.03890520593258513,-2618.7790786158366
80000.0,52000.0,-48000.0,135.0,349.18342076366986,254.32245949517088,1.989009668982797,4.928075485248365,0.25285656913099713,-24140.839721633776
80000.0,52000.0,-48000.0,135.0,323.79176898527083,422.8220974985299,1.9599507283478093,8.729594382311312,0.12134808418880101,-11416.140767493687
80000.0,52000.0,-48000.0,135.0,372.1938963901751,174.6813354739346,1.216020069025473,13.817865117690111,0.41297121589479036,-24104.70174997999
80000.0,52000.0,-48000.0,135.0,375.9396048201586,531.890817109502,1.1141091472812437,10.307522797988765,0.7169152849677874,-38338.65008680087
80000.0,52000.0,-48000.0,135.0,345.2289740802086,225.11618301294993,1.8659061745827457,3.3275014484236602,0.1961405152760559,-17567.030329892834
80000.0,52000.0,-48000.0,135.0,317.6706696158774,314.16442921502704,1.41130999419869,16.97526921000759,0.0660529131226612,-4474.614548925579
80000.0,52000.0,-48000.0,135.0,331.67624889588666,62.93265387474277,1.9140096485056595,19.118201203406652,0.031510140284029015,-2894.914201411123
80000.0,52000.0,-48000.0,135.0,366.4320242180273,384.23207593815295,1.8706814244039434,4.128872188548078,0.5429811604262644,-48755.748989314096
80000.0,52000.0,-48000.0,135.0,371.91226755714683,234.7325179894569,1.771812724279414,11.431825252646014,0.48277237884486124,-41058.34770086241
80000.0,52000.0,-48000.0,135.0,337.06012932998357,385.1033628546061,1.5197286225239348,11.152294188800827,0.2120230783458355,-15466.441958294443
80000.0,52000.0,-48000.0,135.0,302.9044367498668,186.62086449077097,1.4960900040506828,5.471184068854053,0.015834545650053548,-1137.115462355008
80000.0,52000.0,-48000.0,135.0,343.4804649348525,510.40949091047185,1.2753713740907,7.079542431402835,0.3353196091220349,-20527.53747098525
80000.0,52000.0,-48000.0,135.0,353.35851319252885,381.72976515714305,0.7502247177974869,17.964862524940678,0.3856372294126891,-13887.09991720029
80000.0,52000.0,-48000.0,135.0,339.3988338511991,257.5788968952581,0.7466050771821746,19.817575481233302,0.1697930600141554,-6084.881312489572
80000.0,52000.0,-48000.0,135.0,376.4363984428831,386.50822692062764,1.0140820671452921,16.91320596899019,0.6529162413216738,-31781.311280266436
80000.0,52000.0,-48000.0,135.0,316.05163076924794,160.14655919628177,1.9801122425368884,9.28909651911044,0.03156446523300702,-3000.0568337763452
80000.0,52000.0,-48000.0,135.0,347.9191108469952,31.51681883598079,1.2097572029215702,5.563983090813554,0.03781115665760791,-2195.6313176321787
80000.0,52000.0,-48000.0,135.0,332.11459202118385,156.9882967503595,0.8728870093725853,17.766139722244727,0.07681472138824401,-3218.4274765618884
80000.0,52000.0,-48000.0,135.0,369.99958252961966,240.5986323215585,1.7890785954212933,3.6393575784545287,0.46724961381922503,-40125.42157453636
80000.0,52000.0,-48000.0,135.0,325.87764820120515,272.297010093156,1.7810863584120646,13.63372332444534,0.09144290954009432,-7817.650500257781
80000.0,52000.0,-48000.0,135.0,329.36731727365833,556.3629043901592,1.4897189082200533,12.887099723230776,0.20128758241222924,-14393.372040451208
80000.0,52000.0,-48000.0,135.0,318.0692746456647,590.535126183438,0.882798098025414,2.953005778053787,0.11992113866101405,-5081.575349903287
80000.0,52000.0,-48000.0,135.0,353.45474207372496,264.90167114633164,1.0025867439150162,2.269971371963645,0.30444412063323323,-14651.118701267698
80000.0,52000.0,-48000.0,135.0,346.07257723135956,428.0201888353066,1.208840294514192,5.652686300609423,0.3265399032952823,-18947.260457765035
80000.0,52000.0,-48000.0,135.0,361.370502860032,62.84570443198913,1.9834807344948473,17.23248001677094,0.1327009321838515,-12634.067636936483
80000.0,52000.0,-48000.0,135.0,315.7897586298965,56.46005197526507,0.8821880679808358,5.463474885939063,0.011177448463391148,-473.30935991397115
80000.0,52000.0,-48000.0,135.0,348.13855692689924,47.414103397330535,1.1002922935630335,14.941325014603466,0.05641898306554121,-2979.7138693285574
80000.0,52000.0,-48000.0,135.0,357.90956429118285,239.10958373193102,0.5851341133772403,11.939818570411992,0.3299502220035739,-9267.12626931287
80000.0,52000.0,-48000.0,135.0,335.04382187502654,578.9623742197982,0.7796023295165733,3.7953753889816744,0.2656669668696426,-9941.50013986443
80000.0,52000.0,-48000.0,135.0,322.28166331706905,78.86718300548812,1.8180064629786843,3.650114949682436,0.02299033703576574,-2006.2359032198556
80000.0,52000.0,-48000.0,135.0,324.2643054999859,501.21278211709546,1.0628040993228427,7.200800533891078,0.14411833205538824,-7352.13859660979
80000.0,52000.0,-48000.0,135.0,306.41440716456003,161.73584959745816,1.4768321115308303,9.658597620450662,0.017358074232188592,-1230.4781481807347
80000.0,52000.0,-48000.0,135.0,352.5885228027349,129.76114805874067,0.8149123612011722,9.832426792168521,0.1703201478032392,-6662.207702710573
80000.0,52000.0,-48000.0,135.0,365.88721736935315,184.60968978722318,1.8040791006320727,3.41624523639928,0.3575374965642771,-30961.24441170834
80000.0,52000.0,-48000.0,135.0,331.0006112131495,84.50883421536867,1.066786991178222,4.627028080860633,0.04034411913078843,-2065.851910044938
80000.0,52000.0,-48000.0,135.0,300.98066662596807,337.85788566187284,1.2359254920837428,10.170735535533279,0.02489126604866149,-1476.660011509407
80000.0,52000.0,-48000.0,135.0,370.10414902806946,283.57659827813006,1.5019353068579613,10.71207897631395,0.5094835474489188,-36730.14375248518
80000.0,52000.0,-48000.0,135.0,324.1585106982115,542.9651715346591,0.957266363221967,8.594300431228673,0.15345213609613573,-7050.939275970729
80000.0,52000.0,-48000.0,135.0,323.07669980732214,73.47413033541866,1.505199559773099,18.808405453873473,0.02247770556456571,-1624.004760983695
80000.0,52000.0,-48000.0,135.0,356.2308334841859,265.26814164245394,0.9981732494680545,8.861014253301786,0.33471365810764303,-16036.906548222983
80000.0,52000.0,-48000.0,135.0,305.16346375944636,500.3038607504826,1.970529797918497,8.582617952649443,0.047851908306176534,-4526.093337820056
80000.0,52000.0,-48000.0,135.0,364.801483767791,196.75111112852136,1.219223510972951,9.264873266115227,0.36048759642874484,-21096.717743042616
80000.0,52000.0,-48000.0,135.0,368.0081411357347,451.8272891518069,1.1391184953528284,17.849906295201087,0.6004896072914727,-32833.38326077791
80000.0,52000.0,-48000.0,135.0,348.5723250928153,191.63902229016438,1.7720970833205283,14.457519514914534,0.19816129493775458,-16855.730533738264
80000.0,52000.0,-48000.0,135.0,364.8831204699334,159.3084709149228,1.8392069252107142,4.04850050173559,0.31421004436209304,-27739.069898953305
80000.0,52000.0,-48000.0,135.0,357.02568491444885,59.07427651137424,1.87261133230413,7.040153188826807,0.10434998126869464,-9379.5339575751
80000.0,52000.0,-48000.0,135.0,336.38565506558365,327.8947649204906,1.7314594584920129,10.584374121014227,0.1808204407328481,-15027.996594988044
80000.0,52000.0,-48000.0,135.0,310.58865641226106,228.7967965820893,0.8866695490639631,2.262475893859768,0.03183041719389866,-1354.7069596719332
80000.0,52000.0,-48000.0,135.0,339.5565026462879,267.09744222433903,0.7572927571166269,7.631948468706859,0.1762083979289324,-6405.184487745837
80000.0,52000.0,-48000.0,135.0,310.7421050294732,462.1980522397261,0.9787701516812384,5.709137551055232,0.06286242606206181,-2953.3375820071137
80000.0,52000.0,-48000.0,135.0,335.6698766766199,423.0349650659915,0.8554144773420762,14.271514088539522,0.21489216093935076,-8823.449545672514
80000.0,52000.0,-48000.0,135.0,363.2558383238737,291.67703727666725,1.9323350382454638,2.219331276343406,0.4372101518744363,-40552.15178609251
80000.0,52000.0,-48000.0,135.0,372.6793545786901,507.93656101910847,1.9541649240850174,1.9545310636299806,0.6764679667853346,-63452.638702032455
80000.0,52000.0,-48000.0,135.0,338.44973757198716,47.26252167760845,1.2339723140834147,4.977193773894042,0.03441039366946426,-2038.1507090318446
80000.0,52000.0,-48000.0,135.0,344.8705856805528,348.6519808386314,1.8970713997808635,17.870527195537495,0.2705245842324073,-24633.81368087563
80000.0,52000.0,-48000.0,135.0,353.090773504935,58.72406829910142,1.5656808058302416,17.59186813707815,0.08698843683155764,-6537.41404206462
80000.0,52000.0,-48000.0,135.0,313.3277132145083,48.302225369503056,1.8809627598511525,9.174802888019585,0.008208830513402755,-741.1442158867392
80000.0,52000.0,-48000.0,135.0,365.8860694173279,260.2721113228197,0.666803595922631,10.920164414178497,0.43963636228445746,-14071.253148941798
80000.0,52000.0,-48000.0,135.0,347.369704288774,458.009292164869,1.1548306481079165,16.126492543918182,0.356939844048779,-19785.843429042725
80000.0,52000.0,-48000.0,135.0,308.3550667964659,368.87826631006055,0.885972776990671,10.08308988903944,0.04380472433334777,-1862.8700766204934
80000.0,52000.0,-48000.0,135.0,305.53261271606857,384.36181836454926,1.6129204020033128,16.15074789829658,0.03807136706356893,-2947.4920641113895
80000.0,52000.0,-48000.0,135.0,305.4760179903454,254.9321753393907,1.6113869692555136,17.647841517528917,0.025484818516959124,-1971.1634146593387
80000.0,52000.0,-48000.0,135.0,326.65223120819246,163.00922402888605,1.7820593172727492,9.756165127993079,0.059316566921012864,-5073.87075601073
80000.0,52000.0,-48000.0,135.0,310.76342335123144,219.0864680419363,1.3307520867988416,8.343624543677711,0.030857622934058256,-1971.0646134311912
80000.0,52000.0,-48000.0,135.0,301.47737573303374,158.47005444791992,1.6876867870028058,19.76235174799052,0.012238504174954245,-991.4285658599499
80000.0,52000.0,-48000.0,135.0,359.1586945473279,220.3115706058696,0.566122265196197,15.464262896819815,0.3253018046496445,-8839.70853699204
80000.0,52000.0,-48000.0,135.0,326.39185766401636,121.58210034051261,0.7285268159095144,10.557282676184991,0.04426825284496727,-1548.029245969023
80000.0,52000.0,-48000.0,135.0,319.1101664245041,454.00514527555043,1.3115521724186554,17.329196376221596,0.100475114654474,-6325.361035156265
80000.0,52000.0,-48000.0,135.0,357.72122297349335,489.5642966978566,1.1572421039560101,11.00506251786011,0.4997457358905833,-27759.686728563036
80000.0,52000.0,-48000.0,135.0,340.7468345485806,498.22610945232697,1.2713523817834815,9.920344310104245,0.29849719808568187,-18215.765939612513
80000.0,52000.0,-48000.0,135.0,312.69278205562006,245.35990209617057,1.9682402621994382,4.690277344971308,0.03880656994915695,-3666.2713637658967
80000.0,52000.0,-48000.0,135.0,325.28556587232765,538.3370347932357,1.6386421854409874,15.709416541749833,0.16117841571329852,-12677.460065777062
80000.0,52000.0,-48000.0,135.0,314.15480416705066,374.57646828747517,1.8630590530693518,10.130175391314628,0.06336215327225715,-5666.276797240635
80000.0,52000.0,-48000.0,135.0,325.029349065636,229.82812615285505,0.6044992321211176,6.89116299681887,0.07475820098266955,-2169.1812042614365
80000.0,52000.0,-48000.0,135.0,360.72783990256886,541.0577881054323,1.9981058038735129,3.6358917812588274,0.5608771264396064,-53793.20839674604
80000.0,52000.0,-48000.0,135.0,339.7530297793723,197.85282819754107,1.9274055467204583,12.236209062677213,0.138037590925499,-12770.612083475346
80000.0,52000.0,-48000.0,135.0,357.74729421329897,121.6472607983775,0.6150548291576439,17.490886517549974,0.19906743465935306,-5876.994576732424
80000.0,52000.0,-48000.0,135.0,308.22907134346167,122.66206137503153,0.5864792588298682,19.509646446515184,0.014882932737949656,-418.96950534563973
80000.0,52000.0,-48000.0,135.0,367.1004025637401,514.172132908161,0.9833763842544851,14.345049308804361,0.621222006813453,-29322.96244221737
80000.0,52000.0,-48000.0,135.0,354.1068211858635,563.1880657239018,0.9140271646281029,14.71409953517102,0.49015544731986965,-21504.738899558397
80000.0,52000.0,-48000.0,135.0,353.4635910794179,397.47605137361506,0.6322310331494213,16.929952404724737,0.3965155994149081,-12033.094419741572
80000.0,52000.0,-48000.0,135.0,379.728749342088,560.8395555383686,1.4900637769802478,6.380827397172375,0.7591859043253917,-54299.29996940439
80000.0,52000.0,-48000.0,135.0,319.412113512359,69.00284595571216,0.8318598286330845,15.935180093968143,0.017000108802939302,-678.8019645867302
80000.0,52000.0,-48000.0,135.0,319.014828298928,106.73165081247284,1.6570848167550396,14.966991821334151,0.025441449933183632,-2023.6147392245814
80000.0,52000.0,-48000.0,135.0,352.699853886605,320.1608157169567,0.5886204434912484,14.344313487353384,0.33746027832060776,-9534.5288969163
80000.0,52000.0,-48000.0,135.0,350.28917844536875,251.19533114767253,1.0654445068960932,4.650145282650286,0.2612919002887849,-13362.816953238125
80000.0,52000.0,-48000.0,135.0,340.58885769820387,86.55413424875881,1.2766274436598781,18.509233929159443,0.06828975406390661,-4184.66755962081
80000.0,52000.0,-48000.0,135.0,304.2880544478215,359.96120987405203,0.5883213787041204,7.091467185484391,0.03296485140829665,-930.9084878066664
80000.0,52000.0,-48000.0,135.0,367.3850300005902,274.2102035047893,1.9988452646738963,9.047614234089046,0.46985530941056025,-45080.066894264965
80000.0,52000.0,-48000.0,135.0,374.6988637347723,177.6325711421663,1.5342144553253483,6.219645801414808,0.44457873160426353,-32739.79759475853
80000.0,52000.0,-48000.0,135.0,354.9963422160506,452.81817998944706,1.6487834028722883,2.0842304811831203,0.4468890451082569,-35367.515543997084
80000.0,52000.0,-48000.0,135.0,362.8237553103457,104.13055770209152,0.633165507185969,7.712074645223242,0.2136607846377097,-6493.566675402602
80000.0,52000.0,-48000.0,135.0,370.2404436177882,76.81401391075882,1.1899030189538806,9.891743646590891,0.22064090685603746,-12601.981496290606
80000.0,52000.0,-48000.0,135.0,333.7584727867491,564.1985726362076,1.4027599233578334,13.092750498376816,0.24704362668583693,-16634.05914412156
80000.0,52000.0,-48000.0,135.0,310.2145769710017,167.21106303376953,0.5334743562081075,6.008448017293036,0.022913572282344797,-586.7425546440876
80000.0,52000.0,-48000.0,135.0,339.11252309366586,471.60207305125664,1.0595073600942282,3.103214273543247,0.26936554283700204,-13698.949209195876
80000.0,52000.0,-48000.0,135.0,304.4325074751261,178.3764086343941,1.3836265670578105,7.6742396160066715,0.016771836368273535,-1113.886002119503
80000.0,52000.0,-48000.0,135.0,318.47934132735395,207.5030226117658,1.6963903328243195,19.646377036651845,0.04680892539201407,-3811.4980091955595
80000.0,52000.0,-48000.0,135.0,362.0981203738409,522.4398690971325,0.8795289906578421,6.918692293674949,0.5683985969289419,-23996.306123915805
80000.0,52000.0,-48000.0,135.0,363.5329124523562,88.89747756440627,1.738807990643187,11.484085706007294,0.19348340912890336,-16148.663896810662
80000.0,52000.0,-48000.0,135.0,303.44609835129745,246.70112521757775,1.0071690130728528,13.397064156215082,0.021591166346869983,-1043.805777632104
80000.0,52000.0,-48000.0,135.0,311.6195541826202,240.4393615770719,1.4010633546100435,16.94530443597105,0.035614708984406704,-2395.126254871359
80000.0,52000.0,-48000.0,135.0,342.32344695971085,541.885091395834,1.0802319156621942,13.450993290513647,0.33493978618560843,-17367.007049412747
80000.0,52000.0,-48000.0,135.0,311.98712431384297,161.41889819332283,1.517479725448975,18.86609439002328,0.02475767432827222,-1803.3249044362399
80000.0,52000.0,-48000.0,135.0,316.3633275944758,599.4307091774313,1.9717747106609578,9.760584852326216,0.11063597353162874,-10471.16230555299
80000.0,52000.0,-48000.0,135.0,347.6608927233805,84.43986895704086,0.8106671586081201,18.327975428407008,0.09411114226239001,-3662.0549899783814
80000.0,52000.0,-48000.0,135.0,356.41833642013626,415.4526336196351,1.858765958648219,1.9042050973481226,0.4429796031624306,-39522.979523223505
80000.0,52000.0,-48000.0,135.0,311.00529674847337,276.95546672327254,0.532505304682692,9.804460123463354,0.039279341294554106,-1003.989964982015
80000.0,52000.0,-48000.0,135.0,376.71911038719753,72.42952092119359,0.66538186849002,7.268539858870067,0.26304774254932467,-8401.305525098467
80000.0,52000.0,-48000.0,135.0,312.43603174137473,545.5839008282001,1.6619063337941906,1.4323331853932553,0.08114484468001622,-6473.046303766309
80000.0,52000.0,-48000.0,135.0,352.33365890386375,457.16196123731163,0.8067035580931856,10.417724073149982,0.4165750263111139,-16130.522685021026
80000.0,52000.0,-48000.0,135.0,342.8754936568295,555.3877096862436,0.9098942174107498,10.981584406354292,0.34708041153070973,-15158.710052560134
80000.0,52000.0,-48000.0,135.0,371.3293796299871,387.2890577709779,1.2275622277471874,6.931965671578659,0.5999816036058749,-35352.70818862837
80000.0,52000.0,-48000.0,135.0,368.2495120551967,498.7101376222823,0.9134614665797884,17.43315198701627,0.626532678494862,-27471.04604918783
80000.0,52000.0,-48000.0,135.0,347.233331931482,313.6574460279723,1.53524317186857,5.442727934336816,0.2740181946975822,-20192.858994106344
80000.0,52000.0,-48000.0,135.0,312.35466939841336,571.3547382863196,1.6398665112184634,3.2261371419634512,0.08425010288014147,-6631.628269433002
80000.0,52000.0,-48000.0,135.0,315.47213340896775,471.13406263571227,1.1649666758545352,16.532128920173378,0.08463705787157337,-4732.768894212228
80000.0,52000.0,-48000.0,135.0,301.9727235603381,461.5196869519049,0.6805529781318329,4.792940889121951,0.03598989283342615,-1175.6653800208164
80000.0,52000.0,-48000.0,135.0,372.1618931551016,175.60855710301993,1.8539593929369667,12.403955079297479,0.4139046192832481,-36833.3931216085
80000.0,52000.0,-48000.0,135.0,331.9974922794166,82.59408670594662,1.7553608372079141,19.5187059727767,0.041674053614434575,-3511.3440788391063
80000.0,52000.0,-48000.0,135.0,313.3660517688548,199.75279439289923,0.5080920296489493,12.769989254187346,0.03317384364204059,-809.0575462723822
80000.0,52000.0,-48000.0,135.0,323.48988622025064,96.046171354281,0.9149152238496056,10.077942354389078,0.0298903214945673,-1312.6612886946584
80000.0,52000.0,-48000.0,135.0,364.18049741754817,460.6831276677833,1.0280779743915804,7.184725523569834,0.5617549548657823,-27721.339012936663
80000.0,52000.0,-48000.0,135.0,364.94330932628293,281.80694709747723,1.159072411603542,9.630984456360633,0.44835910150927094,-24944.6719224359
80000.0,52000.0,-48000.0,135.0,319.42814254196537,132.76725335647063,1.83142698969441,5.133145142263224,0.032234365931979446,-2833.674612648632
80000.0,52000.0,-48000.0,135.0,340.9947151521158,65.97547275255724,0.6067901803698169,8.934037475213596,0.05401871528543155,-1573.3452475868542
80000.0,52000.0,-48000.0,135.0,343.80544213140024,413.645042922619,1.192741711940443,14.220092549522171,0.2937551739910902,-16817.954357639792
80000.0,52000.0,-48000.0,135.0,313.12593150582757,513.1971200168554,0.9638988115092963,11.53262938516186,0.079879663887569,-3695.803828079511
80000.0,52000.0,-48000.0,135.0,313.7489162320988,431.5098913273872,1.4101832235282767,6.2057298936403305,0.0705880492340787,-4778.019974951319
80000.0,52000.0,-48000.0,135.0,348.73688863020215,336.57297450904554,0.8364780854868125,16.442714724237746,0.3044581496029779,-12224.283364356312
80000.0,52000.0,-48000.0,135.0,360.0034725019184,230.52107313699503,0.5366193501503305,6.436259394020241,0.3444900214139871,-8873.280548373465
80000.0,52000.0,-48000.0,135.0,313.5269339546184,535.6945728175597,1.3446484774855212,2.918036395519128,0.08505766333415447,-5489.887560035849
80000.0,52000.0,-48000.0,135.0,368.81737914109794,223.28822034412636,0.5879370835939819,1.7031320308851758,0.4353537964364562,-12286.11078760407
80000.0,52000.0,-48000.0,135.0,311.22888485020815,268.6824499661411,1.7443121538683415,19.08827381912851,0.03868448923388033,-3238.9355873686304
80000.0,52000.0,-48000.0,135.0,365.7279342491122,496.23200741165124,1.5044565599909159,9.843029750157601,0.5975547070866313,-43151.76475343677
80000.0,52000.0,-48000.0,135.0,309.30890415224366,67.96788610896377,1.3730854929321725,9.248332572126873,0.008905840057248034,-586.9670296791122
80000.0,52000.0,-48000.0,135.0,375.8779689331904,489.93390590183236,0.5533410848901718,3.4096209487708657,0.699373358368507,-18575.616617419804
80000.0,52000.0,-48000.0,135.0,363.5677697113166,492.0574979554025,1.0539245148592413,4.307529377483662,0.5708276223100103,-28877.24279574393
80000.0,52000.0,-48000.0,135.0,306.99076394890807,85.28102610563556,0.6304199627600303,13.73057978093376,0.009585449840009775,-290.05722869650083
80000.0,52000.0,-48000.0,135.0,340.42760824858357,151.4648636682348,0.8696570707673099,15.138338693129269,0.11280773162164728,-4708.993989215358
80000.0,52000.0,-48000.0,135.0,330.46122453317446,554.8456940103215,0.6417602985551385,17.919934777835657,0.21112836919316835,-6503.702651849627
80000.0,52000.0,-48000.0,135.0,334.23549903081056,354.3735062084872,1.0999583532314214,17.944448057133123,0.17468919951256587,-9223.240522711545
80000.0,52000.0,-48000.0,135.0,354.1822228352858,53.01272939463405,0.6995021349638719,8.281768187065595,0.08327152797028374,-2795.933356652028
80000.0,52000.0,-48000.0,135.0,329.63482522572065,508.54462301695236,1.06098156064759,4.407209191878765,0.18958274887535453,-9654.902437134422
80000.0,52000.0,-48000.0,135.0,343.65034735730296,276.178509503932,1.7176138071546652,6.339485802114272,0.21595668615125416,-17804.64892227652
80000.0,52000.0,-48000.0,135.0,345.3847669359805,534.8131996327963,0.5804129356445171,10.302118627655593,0.36885774202009824,-10276.310634292473
80000.0,52000.0,-48000.0,135.0,362.37526727649566,267.4360153496089,0.9983759178533339,18.07842899690214,0.40586194826633926,-19449.73416586314
80000.0,52000.0,-48000.0,135.0,357.55562255066195,561.065365560793,1.1349346889251049,7.4523239821006095,0.5317588769672796,-28968.556589473083
80000.0,52000.0,-48000.0,135.0,360.63323472549826,391.93356945710764,1.3941038701696367,11.434979521078631,0.47944669173556376,-32083.127447451752
80000.0,52000.0,-48000.0,135.0,322.60325897493107,384.9091599804336,0.8695441785941151,17.09440946568654,0.10481495020156176,-4374.779029315205
80000.0,52000.0,-48000.0,135.0,344.68593695871317,491.2116689345723,1.7370740912535156,6.593242045058491,0.3409918839342891,-28431.752011679015
80000.0,52000.0,-48000.0,135.0,341.6092711358517,485.7168444465287,0.6344834188262567,2.822604073741307,0.302894498718196,-9224.71378033854
80000.0,52000.0,-48000.0,135.0,356.3016081258746,159.78377884199247,1.162535382822666,11.859435051888973,0.23319201470237325,-13012.51046799419
80000.0,52000.0,-48000.0,135.0,319.1430796179918,359.7399822584763,0.9003757360000677,17.127834752008003,0.08146082393072127,-3520.5767664861646
80000.0,52000.0,-48000.0,135.0,355.11040792552876,484.0335698086422,1.3255273939845256,10.889252439383526,0.46482683878795716,-29574.753997087973
80000.0,52000.0,-48000.0,135.0,358.4750702362961,335.2708727507917,0.7825641464751575,12.658644796360337,0.41512321385420126,-15593.30608952819
80000.0,52000.0,-48000.0,135.0,375.70762555875467,196.90959352912043,1.9456446027489622,8.503919239808212,0.481320071640001,-44950.93437989336
80000.0,52000.0,-48000.0,135.0,349.5371187724767,33.73174553788152,0.5788536845125143,8.548588860977134,0.043710459365304676,-1214.4941018563752
80000.0,52000.0,-48000.0,135.0,365.059757734825,371.64069616784377,1.5529215362116022,14.311072476828105,0.5187085888458512,-38664.65945455928
80000.0,52000.0,-48000.0,135.0,337.6826849183284,466.47586372227096,1.0492260027262001,1.58848702648922,0.2522083258961165,-12701.929614443958
80000.0,52000.0,-48000.0,135.0,315.74650492159725,167.89831048068146,1.1521123205440595,9.551247672665266,0.032436249479722484,-1793.7697275757976
80000.0,52000.0,-48000.0,135.0,341.02066506948194,502.2008126403555,1.1938910651189327,4.336910491357637,0.303268941287613,-17379.36380790525
80000.0,52000.0,-48000.0,135.0,378.20393985882265,38.35959768873497,0.5302921447950085,15.10742099428681,0.16789567936578698,-4273.620475809515
80000.0,52000.0,-48000.0,135.0,379.0868013778134,201.8267707583523,1.4366399791113769,17.546286798772844,0.5245562869971043,-36172.72959332455
80000.0,52000.0,-48000.0,135.0,318.79681943405967,589.7095818743079,1.1213548981102586,11.254014851929147,0.12458609838533728,-6705.851119720537
80000.0,52000.0,-48000.0,135.0,302.49711450874855,271.21044885613867,0.900390062414268,7.2563629885030565,0.022235301121586636,-960.9813199039407
80000.0,52000.0,-48000.0,135.0,325.0828466738154,208.48633778956855,1.0184660144429691,3.623024962928592,0.06849200829112692,-3348.325569862024
80000.0,52000.0,-48000.0,135.0,363.02440861286465,448.83874837928727,1.5013611987034237,8.272772778088815,0.5417892162073695,-39044.22274030486
80000.0,52000.0,-48000.0,135.0,364.3314460320103,418.1307472532833,1.9486056924722726,19.07935105125024,0.5395389733059861,-50464.73830534512
80000.0,52000.0,-48000.0,135.0,361.875253945729,447.0675647841555,1.7474760999054213,13.561452753309919,0.5271937541953668,-44220.407302839216
80000.0,52000.0,-48000.0,135.0,322.1084988261633,477.3689478518923,1.1961127890627101,10.989543710576763,0.12353944417111609,-7092.82123808499
80000.0,52000.0,-48000.0,135.0,317.9303077351059,163.17098490578942,0.8908657428550898,15.39455741914816,0.03598506646489234,-1538.7774224609327
80000.0,52000.0,-48000.0,135.0,350.98496323645065,366.61302471732364,0.5134089603723562,6.6231611270721045,0.34846512889350595,-8587.445738459232
80000.0,52000.0,-48000.0,135.0,331.77015356501585,429.5972810655592,1.6253759286607623,13.470447659007986,0.1825287303754454,-14240.534622780455
80000.0,52000.0,-48000.0,135.0,360.7672992194194,398.2574396243488,1.7813762677769995,3.514737393421526,0.4850523437456934,-41474.9152213531
80000.0,52000.0,-48000.0,135.0,371.9840180931619,134.96875718994076,0.8997637892576431,10.2625986476149,0.3499867848745331,-15115.460915942855
80000.0,52000.0,-48000.0,135.0,351.91519057669984,478.4577308003278,0.9801731446146725,2.2625949655035553,0.4225222140044597,-19878.956504174635
80000.0,52000.0,-48000.0,135.0,349.2601944408411,162.32691397526384,1.216230594151646,5.043975140193661,0.1782149986818478,-10404.025619210812
80000.0,52000.0,-48000.0,135.0,335.1960003738754,575.9693231864952,0.7347010365055793,17.115345770031798,0.2663096988915877,-9391.584566742633
80000.0,52000.0,-48000.0,135.0,376.7652145881235,128.368432909869,1.4694713401551005,6.044827677172361,0.3879671270579145,-27365.115558428053
80000.0,52000.0,-48000.0,135.0,342.7644538096011,230.25611309491308,0.5248704828242803,19.49452574204317,0.17971478036921093,-4527.6952100662675
80000.0,52000.0,-48000.0,135.0,344.4522237620342,302.3264246163675,0.7331975357701808,16.788361985101886,0.239293483380428,-8421.57083233884
80000.0,52000.0,-48000.0,135.0,333.42835766342057,463.0779387733831,1.2930945871864103,2.545829892805908,0.20907557115206388,-12977.01548974277
80000.0,52000.0,-48000.0,135.0,355.562451227686,521.7131168586807,1.096150318960293,18.0457105121033,0.4891092818024772,-25734.590172202814
80000.0,52000.0,-48000.0,135.0,355.74372761562984,52.49195264070592,0.5954156560315637,14.72439274835405,0.08858270956485571,-2531.6895421733775
80000.0,52000.0,-48000.0,135.0,307.8375749197312,87.11482926311479,0.736577062954486,16.56965200092406,0.010348024890391659,-365.86165349494104
80000.0,52000.0,-48000.0,135.0,378.37563561429204,394.8067777334981,0.984624354358673,2.7108882630369235,0.6766198247379801,-31978.385187787782
80000.0,52000.0,-48000.0,135.0,326.90742643068216,324.6664517973053,1.802411562008072,10.397385592151991,0.11306794950046851,-9782.159014665085
80000.0,52000.0,-48000.0,135.0,340.56302308459345,599.5432143313272,1.8378488808180973,6.397483753140873,0.33642711387578333,-29678.505346246606
80000.0,52000.0,-48000.0,135.0,348.0829913842516,391.0985129543457,0.8508509451168531,7.407763656838561,0.3296640954837451,-13463.760346244977
80000.0,52000.0,-48000.0,135.0,375.1749163079488,256.08657873548174,1.9687331811784565,6.199497532943429,0.5410024584411273,-51124.29556954398
80000.0,52000.0,-48000.0,135.0,330.3470227455308,468.2827142437177,1.3343442333138422,15.467657962886943,0.18327748324228352,-11738.652137309537
80000.0,52000.0,-48000.0,135.0,342.4992262008912,119.78866315096555,1.8283876868137972,2.646879902766962,0.10102613517358458,-8866.317196692878
80000.0,52000.0,-48000.0,135.0,338.4926832725679,490.6614301892486,1.446973724532912,7.7471357711053,0.2705174322589422,-18788.717592326462
80000.0,52000.0,-48000.0,135.0,324.59072639120404,553.458203827154,0.5143186459689488,15.253107504546097,0.159367083206401,-3934.3421974433745
80000.0,52000.0,-48000.0,135.0,310.882713138371,518.0743470753898,0.933707752888234,19.357123506925344,0.07052499542242291,-3160.7872799195275
80000.0,52000.0,-48000.0,135.0,355.98565376070457,147.08615371631097,1.473200278438827,3.4026098703920655,0.21606323583730597,-15278.612121403827
80000.0,52000.0,-48000.0,135.0,342.8435636641028,353.60916069178927,1.7803548284867527,10.872478541728338,0.2525476582141751,-21581.97325078218
80000.0,52000.0,-48000.0,135.0,378.9315908517174,394.8302937658651,1.2101362226344166,16.577337891991306,0.6819163426274243,-39610.16001695173
80000.0,52000.0,-48000.0,135.0,323.7310310436495,342.8983039966179,0.714327407786566,14.868553936349095,0.10039282961867313,-3442.2407876095276
80000.0,52000.0,-48000.0,135.0,355.84764556301695,506.4077988822179,1.85838485792927,5.365606825378651,0.485192468475593,-43280.368156625605
80000.0,52000.0,-48000.0,135.0,336.28451160161717,526.8203873683908,1.9796571267353626,1.7641549066683924,0.26072107939156147,-24774.640459566766
80000.0,52000.0,-48000.0,135.0,300.59135674019257,116.7932846271027,1.8515925588351598,2.7311384061552406,0.008516764719751465,-756.9397526611981
80000.0,52000.0,-48000.0,135.0,322.33003243599666,236.38481991115196,1.4782152765257468,14.70370741860958,0.06606211738810414,-4687.39349389117
80000.0,52000.0,-48000.0,135.0,339.9281163350457,127.43866260035041,1.257481585631778,2.8392492320978384,0.09431152526396384,-5692.560303949476
80000.0,52000.0,-48000.0,135.0,335.15906095434974,320.2782128209332,0.7106947211463308,16.59459584389549,0.16765370745423572,-5719.229033680155
80000.0,52000.0,-48000.0,135.0,333.3638547484401,599.9934953704808,1.1696557694594816,12.521948910345817,0.2544319963011984,-14284.696915621927
80000.0,52000.0,-48000.0,135.0,311.92553029386835,455.8907667473716,1.9693425628184267,19.273827771921365,0.06665413850530454,-6300.7119334315585
80000.0,52000.0,-48000.0,135.0,360.20198924123986,554.4947714641298,1.1909571986641574,18.396861452386705,0.5606847819269049,-32052.07570642995
80000.0,52000.0,-48000.0,135.0,344.8964743255415,163.89473697782282,0.6412568853088523,2.1648983401424813,0.14862184890838398,-4574.629628151992
80000.0,52000.0,-48000.0,135.0,365.75134246610304,77.40975281215356,0.7827432484704959,13.818067764026509,0.18823042906525952,-7072.132680361751
80000.0,52000.0,-48000.0,135.0,326.78841735496337,283.61519359946124,1.0468228908021726,10.578230616977057,0.09957757924938263,-5003.524289708215
80000.0,52000.0,-48000.0,135.0,375.00465380198034,398.7968789214487,0.8183662374546601,17.09353302699316,0.6455983156252104,-25360.12149433294
80000.0,52000.0,-48000.0,135.0,348.98546911521015,480.17243644505743,1.133973901629785,8.518708134054862,0.38744794510524716,-21089.081183493116
80000.0,52000.0,-48000.0,135.0,375.19730462069526,537.5357424592235,0.5357680236384872,19.861823567326706,0.7123558409027728,-18319.55908837494
80000.0,52000.0,-48000.0,135.0,378.17870194132945,326.7004224751439,1.5286531832937178,13.505470608052951,0.6318869084938177,-46364.92483923363
80000.0,52000.0,-48000.0,135.0,354.2688259973872,210.383062948772,1.0487136552950789,18.01499104626888,0.265809262174691,-13380.37454143239
80000.0,52000.0,-48000.0,135.0,334.13311942901106,212.74317865320728,0.970601138541618,15.139187326576023,0.11217135475532557,-5225.934942589188
80000.0,52000.0,-48000.0,135.0,336.41430591176106,537.8682628855563,1.1009632816351604,17.78678676529722,0.2661402804044671,-14064.512471491385
80000.0,52000.0,-48000.0,135.0,345.6159951268936,361.023708009224,1.7653123937545487,15.030499235737983,0.285369915957438,-24180.818373329243
80000.0,52000.0,-48000.0,135.0,314.8810074401716,595.6783960625908,0.8306613178757768,6.600752867407936,0.10123206498757131,-4036.298904665389
80000.0,52000.0,-48000.0,135.0,316.55118703040057,199.77115164922836,1.3727401180908312,19.733688953542863,0.04025874018242967,-2652.709812106397
80000.0,52000.0,-48000.0,135.0,345.41954154601376,61.46311823130041,1.127931724966425,1.9221393229400123,0.06304553775286098,-3413.330983152977
80000.0,52000.0,-48000.0,135.0,312.5386441980719,406.0337618291241,1.5856694387511396,3.8037896184250783,0.062050906751770746,-4722.826871187822
80000.0,52000.0,-48000.0,135.0,366.4242668015562,198.8994723405772,0.8525361794407889,3.4986660210347416,0.38072819787313616,-15580.059034566728
80000.0,52000.0,-48000.0,135.0,370.2144801008742,206.3906485290156,1.155734131796725,6.80351368526421,0.43174466666982286,-23951.13827959268
80000.0,52000.0,-48000.0,135.0,352.0594126335868,185.12609529216454,0.8689475768501143,2.8776566448241114,0.22189141052523972,-9254.976167988527
80000.0,52000.0,-48000.0,135.0,361.0816491447083,51.09430931969409,1.3839827178757156,6.515938849569236,0.10927763750948453,-7259.441364643855
80000.0,52000.0,-48000.0,135.0,300.7313397337896,195.33439303803615,0.5206977203909092,19.270623204767464,0.014298867788777217,-357.3786173657903
80000.0,52000.0,-48000.0,135.0,309.7468933929964,247.39730982837526,1.6366071211882192,5.6507610384224165,0.032560619630437736,-2557.869213958815
80000.0,52000.0,-48000.0,135.0,349.1064127752207,349.39787144400134,0.5777930504365876,15.967329604553084,0.31652722931074967,-8778.587201745568
80000.0,52000.0,-48000.0,135.0,344.64836392130235,328.10188971873134,0.9369246238588753,4.90366029177863,0.2564683048878554,-11533.990564261308
80000.0,52000.0,-48000.0,135.0,361.1291538556842,31.129962010901913,0.7336803773107241,3.7734882622865387,0.06969623939737776,-2454.4686344739202
80000.0,52000.0,-48000.0,135.0,348.3951535248739,307.2157766120215,1.1024093155488268,11.14945423355132,0.28190857356740595,-14917.374606421925
80000.0,52000.0,-48000.0,135.0,341.93204955003796,335.97110893522256,1.1680373566528992,18.192838282261054,0.2341777770512612,-13129.362801302741
80000.0,52000.0,-48000.0,135.0,305.0200090813779,435.1372023040756,0.7296828096448678,3.8181361522210393,0.0414949472699948,-1453.3511860817011
80000.0,52000.0,-48000.0,135.0,371.6430971171651,106.34323634158648,1.974666157035911,11.946870219533293,0.29465275468380214,-27928.359492072414
80000.0,52000.0,-48000.0,135.0,315.8309260557077,260.5933025309927,1.2180395761130618,12.028793711606617,0.04970781093855811,-2906.2118863252576
80000.0,52000.0,-48000.0,135.0,370.0281393011076,451.3760171986165,1.1415450434678718,3.458354219501654,0.6222914781039316,-34097.94011624826
80000.0,52000.0,-48000.0,135.0,335.2455873519127,425.161686770987,0.6912687383912063,15.364004295548021,0.21177619683912932,-7026.92469169309
80000.0,52000.0,-48000.0,135.0,362.67380153118745,228.31032535185633,0.8536673118100822,16.54998623767826,0.37166843277070055,-15229.497210625448
80000.0,52000.0,-48000.0,135.0,369.40694504246596,394.37114638497013,1.6363201793035542,5.013888304938657,0.5831830139916273,-45805.158433035205
80000.0,52000.0,-48000.0,135.0,313.98308939395235,253.85338048745672,1.0614173231806452,5.9681715442637895,0.0433820988424984,-2210.2325389134153
80000.0,52000.0,-48000.0,135.0,366.5728514642532,57.52544395456073,1.37932803328072,2.126019606311334,0.15185673111255718,-10054.091820764286
80000.0,52000.0,-48000.0,135.0,313.3740633180143,270.5881861685729,0.590539035855443,9.462484617873661,0.04443695782881539,-1259.6043951637257
80000.0,52000.0,-48000.0,135.0,352.42557916601913,180.99864578962385,1.6080110234736777,14.84866905029635,0.22118614334373893,-17072.14832334534
80000.0,52000.0,-48000.0,135.0,309.0370987888834,536.310214486045,0.8082976387503946,3.589280744750419,0.06511858818074735,-2526.489651132357
80000.0,52000.0,-48000.0,135.0,355.3786996129167,463.91971169658734,1.6234010256452611,9.156742892480661,0.45758433323083747,-35656.458042534934
80000.0,52000.0,-48000.0,135.0,332.6876126288402,591.1026439341987,0.9603595220131785,3.1775937729363233,0.24449743676060212,-11270.661192041242
80000.0,52000.0,-48000.0,135.0,378.7897724597933,537.8973909964528,0.8249037454337144,18.509454779143997,0.7437639559664363,-29449.616303774856
80000.0,52000.0,-48000.0,135.0,347.82618496866104,479.0772289294433,1.404091250202728,19.95787483799201,0.3728361483656227,-25127.806736613937
80000.0,52000.0,-48000.0,135.0,325.70866953518237,365.99642282590014,1.9637382930614442,3.2338278941124967,0.11811842645842799,-11133.776503323701
80000.0,52000.0,-48000.0,135.0,304.75393246149565,146.71966682627726,1.758051213385873,16.97506275436281,0.014135303238086268,-1192.8281764461515
80000.0,52000.0,-48000.0,135.0,326.0959664456312,439.71541066167777,0.8549742965289291,12.128869589292563,0.1413576629255607,-5801.144084100228
80000.0,52000.0,-48000.0,135.0,336.05735232362804,215.4351514551279,1.6033979664665043,2.370288345595628,0.12466289646249261,-9594.443264725682
80000.0,52000.0,-48000.0,135.0,308.1403008308181,61.999579631735934,1.8256667892454024,6.0070712076952155,0.007534523554416197,-660.2654124520741
80000.0,52000.0,-48000.0,135.0,366.6603675991465,299.3819423993263,1.7524848906041117,12.759000299648418,0.4833694405355762,-40660.68677368128
80000.0,52000.0,-48000.0,135.0,330.0216805916318,551.6815049875878,0.9751045466298189,7.84096012894765,0.20602342336895643,-9642.930088286856
80000.0,52000.0,-48000.0,135.0,321.98413049228736,351.0581570844844,1.319640461756766,17.031568398559518,0.09328498191175592,-5908.926557040056
80000.0,52000.0,-48000.0,135.0,331.5950987494671,95.16649261997814,0.9074141980184238,5.314311643845829,0.04668685730158419,-2033.4872244632456
80000.0,52000.0,-48000.0,135.0,374.92579305365086,98.53486192404374,0.9425477015390871,2.2753751437986236,0.3096398940609161,-14008.817781692298
80000.0,52000.0,-48000.0,135.0,370.2300993052112,265.73040944024075,0.9503415500425766,19.20761282264219,0.49467215684399346,-22565.160206305212
80000.0,52000.0,-48000.0,135.0,364.0590424213866,581.14940251903,1.8518427230956633,7.049767585054277,0.616532316563934,-54802.602431147185
80000.0,52000.0,-48000.0,135.0,318.8308076880553,267.08404054094774,1.1222430230754215,10.153606975482633,0.060672415040526256,-3268.2813346736093
80000.0,52000.0,-48000.0,135.0,330.85289642191054,501.8464761756489,1.6618945036419457,15.698894314119967,0.19843137245525058,-15829.05634720842
80000.0,52000.0,-48000.0,135.0,364.9450917362485,381.49880980124914,1.7324895683410328,4.749201401742646,0.5238983692726293,-43567.12606251401
80000.0,52000.0,-48000.0,135.0,322.77179295165337,248.4848542320597,0.936713239570608,17.15193030349633,0.07094016726750554,-3189.6285070476442
80000.0,52000.0,-48000.0,135.0,370.151611707399,192.73776971214755,0.565066496815116,2.2196205749096025,0.4143415683504268,-11238.265848607518
80000.0,52000.0,-48000.0,135.0,325.69312055295177,553.8266410483543,1.1194445271186835,19.548706164097894,0.1683931107674288,-9048.323820148244
80000.0,52000.0,-48000.0,135.0,342.5811555365461,301.66519379738173,1.212605908668682,9.435984640871716,0.221332380023682,-12882.669686228111
80000.0,52000.0,-48000.0,135.0,308.84664562608265,410.532801761137,0.5230170384143673,2.4754805507263495,0.050023376422302035,-1255.827753018216
80000.0,52000.0,-48000.0,135.0,329.0212989557634,102.98208619841022,0.9507677808107189,3.0981777402043456,0.043725962206681145,-1995.5153304508606
80000.0,52000.0,-48000.0,135.0,377.8065928175884,139.9519699299537,1.124168986698096,19.502472174529064,0.41977108319045914,-22650.894395298266
80000.0,52000.0,-48000.0,135.0,317.1646178137853,470.0631441251171,1.9925468055866262,18.216284699306613,0.09300975154492012,-8895.661599803345
80000.0,52000.0,-48000.0,135.0,343.01609054411455,505.00614424104657,0.7342865874116546,18.3338705226507,0.32749946111533523,-11542.966160713699
80000.0,52000.0,-48000.0,135.0,378.19139590085655,567.1885763281552,1.6888810503852891,10.023691061125286,0.7488566278465038,-60707.028874818665
80000.0,52000.0,-48000.0,135.0,350.426492150592,518.5916403986347,1.2645964755240258,17.95343194587635,0.42375383607315303,-25722.125164218964
80000.0,52000.0,-48000.0,135.0,309.71444334604865,155.0089790104771,1.6629931077387794,2.9595586866413175,0.02060951887148184,-1645.127416180157
80000.0,52000.0,-48000.0,135.0,333.6685564670993,521.614017034208,1.3088231410593396,12.423816741189741,0.23183642432242707,-14564.778100494954
80000.0,52000.0,-48000.0,135.0,329.5955221878008,467.17520613591813,1.3369796041341109,16.611244840399344,0.17655928666825818,-11330.695929404583
80000.0,52000.0,-48000.0,135.0,374.7760172674615,66.74774363636895,1.7843014969461637,14.084606313139249,0.23183830387781648,-19856.132767615083
80000.0,52000.0,-48000.0,135.0,377.0030446567056,363.2115119168759,0.9346960160347619,10.038815138579858,0.6444400213168118,-28913.064983912685
80000.0,52000.0,-48000.0,135.0,341.2996273876721,38.10647735050932,1.4885900401024244,16.444887043953027,0.032439393048868004,-2317.869955176611
80000.0,52000.0,-48000.0,135.0,369.7214755751614,485.5428107183896,0.8392175497499184,6.5576815272691835,0.6360434971198599,-25621.385528990304
80000.0,52000.0,-48000.0,135.0,345.73509832816825,450.49582418365515,0.6770576854864657,6.755255605164976,0.333957577527881,-10853.210135601315
80000.0,52000.0,-48000.0,135.0,324.73166696064084,61.12136187844369,1.0816810780090107,8.397421986862184,0.020675643742501942,-1073.4937253721484
80000.0,52000.0,-48000.0,135.0,378.05279560193554,596.3374955803465,1.2522327703499776,12.497559133490597,0.7570503283673624,-45504.15503931948
80000.0,52000.0,-48000.0,135.0,307.7897476952493,46.49211161043107,0.8922448758479374,5.3796334657579035,0.005531995786989281,-236.92295491937105
80000.0,52000.0,-48000.0,135.0,341.2578777930643,59.39950416372896,0.7853618626553145,4.7871415406431455,0.049559815252671315,-1868.274663345178
80000.0,52000.0,-48000.0,135.0,352.2411274963603,493.1106420801316,1.2939479916969876,10.825415594212606,0.43393438013400537,-26951.448945728323
80000.0,52000.0,-48000.0,135.0,318.4519841707604,555.4341551915792,0.5819181079748196,18.97204293553741,0.11600435391099292,-3240.2416389468654
80000.0,52000.0,-48000.0,135.0,352.24445920596145,204.16678208381413,1.962778958628323,2.9090632473973796,0.24095605712030974,-22701.286985749837
80000.0,52000.0,-48000.0,135.0,306.24251154593475,564.4140885031775,1.8089602511951044,17.456836869847685,0.057442059634490936,-4987.6993260274985
80000.0,52000.0,-48000.0,135.0,304.05105472523167,432.2598354684977,0.8101817679538587,11.602334947850409,0.03872466664392572,-1505.952906479979
80000.0,52000.0,-48000.0,135.0,373.2776772230156,591.3006907427753,1.9341234869045005,8.405702109927024,0.7143193682012099,-66315.92962505971
80000.0,52000.0,-48000.0,135.0,316.8016861475261,454.8768972939023,1.1142977938587495,8.670577017643032,0.08843789999739607,-4730.215529308759
80000.0,52000.0,-48000.0,135.0,363.5584639963928,208.03272966464712,0.7263105837355428,10.043651844690885,0.35982774367765086,-12544.641530628376
80000.0,52000.0,-48000.0,135.0,375.7990851409236,541.0598790159618,1.2441298191948378,11.779902501191836,0.7191162713073488,-42944.35183688053
80000.0,52000.0,-48000.0,135.0,375.0438681839548,373.3802426599739,1.1640757103239667,18.612722709658826,0.6307965493337556,-35246.157179308735
80000.0,52000.0,-48000.0,135.0,351.4546273941104,108.48754622766475,0.8609682018778537,7.327008330293507,0.1394757857666879,-5764.042390898209
80000.0,52000.0,-48000.0,135.0,358.5061713129364,473.13639501068167,1.8883674708054752,16.256071498282832,0.5007831766141232,-45391.80771094768
80000.0,52000.0,-48000.0,135.0,359.631028012774,599.3443913232184,1.680820686266053,14.926195525380887,0.5730126029269436,-46230.3089515566
80000.0,52000.0,-48000.0,135.0,379.4386782348131,487.64187528496996,1.9193005621742085,9.657238767380079,0.7302273165279958,-67273.233558103
80000.0,52000.0,-48000.0,135.0,327.68114718447805,532.0979934009476,0.7800656264974831,4.589344584246421,0.17937689783190738,-6716.4361049482495
80000.0,52000.0,-48000.0,135.0,335.1395000035112,355.9342842076406,0.6597931893797206,6.949323393879096,0.18274176346917143,-5787.445005705558
80000.0,52000.0,-48000.0,135.0,305.74677057825124,425.4903134860064,1.0973028432978227,2.29259192212323,0.04255457686014245,-2241.3723928305617
80000.0,52000.0,-48000.0,135.0,379.87342142106075,133.32575835307915,0.8053191101530632,5.6875307649608855,0.42992794753396574,-16619.001222623334
80000.0,52000.0,-48000.0,135.0,367.6912128433769,211.866008199087,1.1310046684107715,12.104916572616315,0.40987319620844176,-22251.287921673204
80000.0,52000.0,-48000.0,135.0,353.02396215133876,155.586068135171,0.5539453361131228,17.428355576866984,0.20101280325085377,-5344.80503327209
80000.0,52000.0,-48000.0,135.0,350.11990730371343,45.51598988849183,1.5179317058927346,5.668257496978503,0.059745076046709575,-4353.069369709106
80000.0,52000.0,-48000.0,135.0,351.97706102472756,231.4604386797389,1.9670321249672817,6.163111357492916,0.26202640562320023,-24739.889157626036
80000.0,52000.0,-48000.0,135.0,302.11461987028616,194.3490671948913,1.5409696281696035,8.8918032636115,0.015627003777592314,-1155.875433626948
80000.0,52000.0,-48000.0,135.0,305.69306134152083,552.1772227375442,1.7450301327554492,3.6859891963952283,0.05434893767768937,-4552.345628679164
80000.0,52000.0,-48000.0,135.0,335.96691781743664,97.0479332121162,1.223077783029035,2.8664735589997847,0.06000421933573977,-3522.711722762138
80000.0,52000.0,-48000.0,135.0,373.2310260298832,72.68313613117238,0.9173501032547161,13.230462138439716,0.2347190108066791,-10335.33642236889
80000.0,52000.0,-48000.0,135.0,306.4310071581628,330.5129616491428,0.9307970906258891,12.23969607398066,0.03487794720437656,-1558.286005672179
80000.0,52000.0,-48000.0,135.0,348.3060160279591,188.64224768068874,1.0328839750035872,16.309780044416392,0.19351872484211824,-9594.35470812252
80000.0,52000.0,-48000.0,135.0,302.23174007726243,372.2917834311708,0.9536961617183497,9.96287788469695,0.029743211746070572,-1361.5673702113747
80000.0,52000.0,-48000.0,135.0,343.4209797234607,174.23028598122812,1.6901759491143815,10.503467544853166,0.14651355865641152,-11886.417266890845
80000.0,52000.0,-48000.0,135.0,364.1011048882213,252.0115808609394,0.9805991658967357,2.7132809109766383,0.41127605333000483,-19358.253832737795
